#usda 1.0
(
    defaultPrim = "root"
    doc = "Blender v5.2.0 LTS"
    metersPerUnit = 1
    upAxis = "Z"
)

def Xform "root" (
    prepend apiSchemas = ["ColorSpaceAPI"]
    customData = {
        dictionary Blender = {
            bool generated = 1
        }
    }
)
{
    uniform token colorSpace:name = "lin_rec709_scene"

    def Xform "white_pawn"
    {
        custom string userProperties:blender:object_name = "white_pawn"
        float3 xformOp:rotateXYZ = (0, -0, 0)
        float3 xformOp:scale = (1, 1, 1)
        double3 xformOp:translate = (0, 0, 0.004000000189989805)
        uniform token[] xformOpOrder = ["xformOp:translate", "xformOp:rotateXYZ", "xformOp:scale"]

        def Mesh "Cylinder" (
            active = true
            prepend apiSchemas = ["MaterialBindingAPI"]
        )
        {
            uniform bool doubleSided = 1
            float3[] extent = [(-0.007, -0.007, -0.004), (0.007, 0.007, 0.026)]
            int[] faceVertexCounts = [4, 4, 4, 4, 4, 4, 4, 4, 4, 4, 4, 4, 4, 4, 4, 4, 4, 4, 4, 4, 4, 4, 4, 4, 4, 4, 4, 4, 4, 4, 4, 4, 4, 4, 4, 4, 4, 4, 4, 4, 4, 4, 4, 4, 4, 4, 48, 4, 4, 48, 4, 4, 4, 4, 4, 4, 4, 4, 4, 4, 4, 4, 4, 4, 4, 4, 4, 4, 4, 4, 4, 4, 4, 4, 4, 4, 4, 4, 4, 4, 4, 4, 4, 4, 4, 4, 4, 4, 4, 4, 4, 4, 4, 4, 4, 4, 48, 4, 4, 48, 4, 4, 4, 4, 4, 4, 4, 4, 4, 4, 4, 4, 4, 4, 4, 4, 4, 4, 4, 4, 4, 4, 4, 4, 4, 4, 4, 4, 4, 4, 32, 4, 4, 32, 4, 4, 4, 4, 3, 3, 4, 4, 4, 4, 4, 4, 4, 4, 4, 4, 4, 4, 4, 4, 4, 4, 3, 3, 4, 4, 4, 4, 4, 4, 4, 4, 4, 4, 4, 4, 4, 4, 4, 4, 4, 4, 4, 4, 4, 3, 3, 4, 4, 4, 4, 4, 4, 3, 3, 4, 4, 4, 4, 4, 4, 4, 4, 4, 4, 4, 4, 4, 4, 4, 4, 4, 4, 4, 4, 4, 3, 3, 4, 4, 4, 4, 4, 4, 3, 3, 4, 4, 4, 4, 4, 4, 4, 4, 4, 4, 4, 4, 4, 4, 4, 4, 4, 4, 4, 4, 4, 3, 3, 4, 4, 4, 4, 4, 4, 3, 3, 4, 4, 4, 4, 4, 4, 4, 4, 4, 4, 4, 4, 4, 4, 4, 4, 4, 4, 4, 4, 4, 3, 3, 4, 4, 4, 4, 4, 4, 3, 3, 4, 4, 4, 4, 4, 4, 4, 4, 4, 4, 4, 4, 4, 4, 4, 4, 4, 4, 4, 4, 3, 3, 4, 4, 4, 4, 4, 4, 3, 3, 4, 4, 4, 4, 4, 4, 4, 4, 4, 4, 4, 4, 4, 4, 4, 4, 4, 4, 4, 4, 4, 3, 3, 4, 4, 4, 4, 4, 4, 4, 4, 4, 4, 4, 4, 4, 4, 4, 4, 4, 4, 4, 4, 4, 3, 3, 4, 4, 4, 4, 4, 4, 3, 3, 4, 4, 4, 4, 4, 4, 4, 4, 4, 4, 4, 4, 4, 4, 4, 4, 4, 4, 4, 4, 4, 3, 3, 4, 4, 4, 4, 4, 4, 3, 3, 4, 4, 4, 4, 4, 4, 4, 4, 4, 4, 4, 4, 4, 4, 4, 4, 4, 4, 4, 4, 4, 3, 3, 4, 4, 4, 4, 4, 4, 3, 3, 4, 4, 4, 4, 4, 4, 4, 4, 4, 4, 4, 4, 4, 4, 4, 4, 4, 4, 4, 4, 3, 3, 4, 4, 4, 4, 4, 4, 3, 3, 4, 4, 4, 4, 4, 4, 4, 4, 4, 4, 4, 4, 4, 4, 4, 4, 4, 4, 4, 4, 4, 3, 3, 4, 4, 4, 4, 4, 4, 3, 3, 4, 4, 4, 4, 4, 4, 4, 4, 4, 4, 4, 4, 4, 4, 4, 4, 4, 4, 4, 4, 4, 3, 3, 4, 4, 4, 4, 4, 4, 3, 3, 4, 4, 4, 4, 4, 4, 4, 4, 4, 4, 4, 4, 4, 4, 4, 4, 4, 4, 4, 4, 4, 3, 3, 4, 4, 4, 4, 4, 4, 4, 4, 4, 4, 4, 4, 4, 4, 4, 4, 4, 4, 4, 4, 4, 3, 3, 4, 4, 4, 4, 4, 4, 3, 3, 4, 4, 4, 4, 4, 4, 4, 4, 4, 4, 4, 4, 4, 4, 4, 4, 4, 4, 4, 4, 3, 3, 4, 4, 4, 4, 4, 4, 3, 3, 4, 4, 4, 4, 4, 4, 4, 4, 4, 4, 4, 4, 4, 4, 4, 4, 4, 4, 4, 4, 4, 3, 3, 4, 4, 4, 4, 4, 4, 3, 3, 4, 4, 4, 4, 4, 4, 4, 4, 4, 4, 4]
            int[] faceVertexIndices = [0, 1, 3, 2, 2, 3, 5, 4, 4, 5, 7, 6, 6, 7, 9, 8, 8, 9, 11, 10, 10, 11, 13, 12, 12, 13, 15, 14, 14, 15, 17, 16, 16, 17, 19, 18, 18, 19, 21, 20, 20, 21, 23, 22, 22, 23, 25, 24, 24, 25, 27, 26, 26, 27, 29, 28, 28, 29, 31, 30, 30, 31, 33, 32, 32, 33, 35, 34, 34, 35, 37, 36, 36, 37, 39, 38, 38, 39, 41, 40, 40, 41, 43, 42, 42, 43, 45, 44, 44, 45, 47, 46, 46, 47, 49, 48, 48, 49, 51, 50, 50, 51, 53, 52, 52, 53, 55, 54, 54, 55, 57, 56, 56, 57, 59, 58, 58, 59, 61, 60, 60, 61, 63, 62, 62, 63, 65, 64, 64, 65, 67, 66, 66, 67, 69, 68, 68, 69, 71, 70, 70, 71, 73, 72, 72, 73, 75, 74, 74, 75, 77, 76, 76, 77, 79, 78, 78, 79, 81, 80, 80, 81, 83, 82, 82, 83, 85, 84, 84, 85, 87, 86, 86, 87, 89, 88, 88, 89, 91, 90, 90, 91, 93, 92, 3, 1, 95, 93, 91, 89, 87, 85, 83, 81, 79, 77, 75, 73, 71, 69, 67, 65, 63, 61, 59, 57, 55, 53, 51, 49, 47, 45, 43, 41, 39, 37, 35, 33, 31, 29, 27, 25, 23, 21, 19, 17, 15, 13, 11, 9, 7, 5, 92, 93, 95, 94, 94, 95, 1, 0, 0, 2, 4, 6, 8, 10, 12, 14, 16, 18, 20, 22, 24, 26, 28, 30, 32, 34, 36, 38, 40, 42, 44, 46, 48, 50, 52, 54, 56, 58, 60, 62, 64, 66, 68, 70, 72, 74, 76, 78, 80, 82, 84, 86, 88, 90, 92, 94, 96, 97, 99, 98, 98, 99, 101, 100, 100, 101, 103, 102, 102, 103, 105, 104, 104, 105, 107, 106, 106, 107, 109, 108, 108, 109, 111, 110, 110, 111, 113, 112, 112, 113, 115, 114, 114, 115, 117, 116, 116, 117, 119, 118, 118, 119, 121, 120, 120, 121, 123, 122, 122, 123, 125, 124, 124, 125, 127, 126, 126, 127, 129, 128, 128, 129, 131, 130, 130, 131, 133, 132, 132, 133, 135, 134, 134, 135, 137, 136, 136, 137, 139, 138, 138, 139, 141, 140, 140, 141, 143, 142, 142, 143, 145, 144, 144, 145, 147, 146, 146, 147, 149, 148, 148, 149, 151, 150, 150, 151, 153, 152, 152, 153, 155, 154, 154, 155, 157, 156, 156, 157, 159, 158, 158, 159, 161, 160, 160, 161, 163, 162, 162, 163, 165, 164, 164, 165, 167, 166, 166, 167, 169, 168, 168, 169, 171, 170, 170, 171, 173, 172, 172, 173, 175, 174, 174, 175, 177, 176, 176, 177, 179, 178, 178, 179, 181, 180, 180, 181, 183, 182, 182, 183, 185, 184, 184, 185, 187, 186, 186, 187, 189, 188, 99, 97, 191, 189, 187, 185, 183, 181, 179, 177, 175, 173, 171, 169, 167, 165, 163, 161, 159, 157, 155, 153, 151, 149, 147, 145, 143, 141, 139, 137, 135, 133, 131, 129, 127, 125, 123, 121, 119, 117, 115, 113, 111, 109, 107, 105, 103, 101, 188, 189, 191, 190, 190, 191, 97, 96, 96, 98, 100, 102, 104, 106, 108, 110, 112, 114, 116, 118, 120, 122, 124, 126, 128, 130, 132, 134, 136, 138, 140, 142, 144, 146, 148, 150, 152, 154, 156, 158, 160, 162, 164, 166, 168, 170, 172, 174, 176, 178, 180, 182, 184, 186, 188, 190, 192, 193, 195, 194, 194, 195, 197, 196, 196, 197, 199, 198, 198, 199, 201, 200, 200, 201, 203, 202, 202, 203, 205, 204, 204, 205, 207, 206, 206, 207, 209, 208, 208, 209, 211, 210, 210, 211, 213, 212, 212, 213, 215, 214, 214, 215, 217, 216, 216, 217, 219, 218, 218, 219, 221, 220, 220, 221, 223, 222, 222, 223, 225, 224, 224, 225, 227, 226, 226, 227, 229, 228, 228, 229, 231, 230, 230, 231, 233, 232, 232, 233, 235, 234, 234, 235, 237, 236, 236, 237, 239, 238, 238, 239, 241, 240, 240, 241, 243, 242, 242, 243, 245, 244, 244, 245, 247, 246, 246, 247, 249, 248, 248, 249, 251, 250, 250, 251, 253, 252, 195, 193, 255, 253, 251, 249, 247, 245, 243, 241, 239, 237, 235, 233, 231, 229, 227, 225, 223, 221, 219, 217, 215, 213, 211, 209, 207, 205, 203, 201, 199, 197, 252, 253, 255, 254, 254, 255, 193, 192, 192, 194, 196, 198, 200, 202, 204, 206, 208, 210, 212, 214, 216, 218, 220, 222, 224, 226, 228, 230, 232, 234, 236, 238, 240, 242, 244, 246, 248, 250, 252, 254, 737, 264, 279, 280, 734, 260, 272, 273, 265, 737, 280, 281, 261, 734, 273, 274, 257, 256, 267, 266, 265, 281, 262, 261, 274, 275, 732, 257, 267, 268, 735, 262, 275, 276, 258, 732, 268, 269, 263, 735, 276, 277, 259, 258, 269, 270, 736, 263, 277, 278, 733, 259, 270, 271, 264, 736, 278, 279, 260, 733, 271, 272, 279, 278, 293, 294, 272, 271, 286, 287, 280, 279, 294, 295, 273, 272, 287, 288, 281, 280, 295, 296, 274, 273, 288, 289, 267, 256, 282, 266, 281, 296, 275, 274, 289, 290, 268, 267, 282, 283, 276, 275, 290, 291, 269, 268, 283, 284, 277, 276, 291, 292, 270, 269, 284, 285, 278, 277, 292, 293, 271, 270, 285, 286, 283, 282, 297, 298, 291, 290, 305, 306, 284, 283, 298, 299, 292, 291, 306, 307, 285, 284, 299, 300, 293, 292, 307, 308, 286, 285, 300, 301, 294, 293, 308, 309, 287, 286, 301, 302, 295, 294, 309, 310, 288, 287, 302, 303, 296, 295, 310, 311, 289, 288, 303, 304, 282, 256, 297, 266, 296, 311, 290, 289, 304, 305, 302, 301, 316, 317, 310, 309, 324, 325, 303, 302, 317, 318, 311, 310, 325, 326, 304, 303, 318, 319, 297, 256, 312, 266, 311, 326, 305, 304, 319, 320, 298, 297, 312, 313, 306, 305, 320, 321, 299, 298, 313, 314, 307, 306, 321, 322, 300, 299, 314, 315, 308, 307, 322, 323, 301, 300, 315, 316, 309, 308, 323, 324, 321, 320, 335, 336, 314, 313, 328, 329, 322, 321, 336, 337, 315, 314, 329, 330, 323, 322, 337, 338, 316, 315, 330, 331, 324, 323, 338, 339, 317, 316, 331, 332, 325, 324, 339, 340, 318, 317, 332, 333, 326, 325, 340, 341, 319, 318, 333, 334, 312, 256, 327, 266, 326, 341, 320, 319, 334, 335, 313, 312, 327, 328, 340, 339, 354, 355, 333, 332, 347, 348, 341, 340, 355, 356, 334, 333, 348, 349, 327, 256, 342, 266, 341, 356, 335, 334, 349, 350, 328, 327, 342, 343, 336, 335, 350, 351, 329, 328, 343, 344, 337, 336, 351, 352, 330, 329, 344, 345, 338, 337, 352, 353, 331, 330, 345, 346, 339, 338, 353, 354, 332, 331, 346, 347, 344, 343, 358, 359, 352, 351, 366, 367, 345, 344, 359, 360, 353, 352, 367, 368, 346, 345, 360, 361, 354, 353, 368, 369, 347, 346, 361, 362, 355, 354, 369, 370, 348, 347, 362, 363, 356, 355, 370, 371, 349, 348, 363, 364, 342, 256, 357, 266, 356, 371, 350, 349, 364, 365, 343, 342, 357, 358, 351, 350, 365, 366, 363, 362, 377, 378, 371, 370, 385, 386, 364, 363, 378, 379, 357, 256, 372, 266, 371, 386, 365, 364, 379, 380, 358, 357, 372, 373, 366, 365, 380, 381, 359, 358, 373, 374, 367, 366, 381, 382, 360, 359, 374, 375, 368, 367, 382, 383, 361, 360, 375, 376, 369, 368, 383, 384, 362, 361, 376, 377, 370, 369, 384, 385, 382, 381, 396, 397, 375, 374, 389, 390, 383, 382, 397, 398, 376, 375, 390, 391, 384, 383, 398, 399, 377, 376, 391, 392, 385, 384, 399, 400, 378, 377, 392, 393, 386, 385, 400, 401, 379, 378, 393, 394, 372, 256, 387, 266, 386, 401, 380, 379, 394, 395, 373, 372, 387, 388, 381, 380, 395, 396, 374, 373, 388, 389, 401, 400, 415, 416, 394, 393, 408, 409, 387, 256, 402, 266, 401, 416, 395, 394, 409, 410, 388, 387, 402, 403, 396, 395, 410, 411, 389, 388, 403, 404, 397, 396, 411, 412, 390, 389, 404, 405, 398, 397, 412, 413, 391, 390, 405, 406, 399, 398, 413, 414, 392, 391, 406, 407, 400, 399, 414, 415, 393, 392, 407, 408, 413, 412, 427, 428, 406, 405, 420, 421, 414, 413, 428, 429, 407, 406, 421, 422, 415, 414, 429, 430, 408, 407, 422, 423, 416, 415, 430, 431, 409, 408, 423, 424, 402, 256, 417, 266, 416, 431, 410, 409, 424, 425, 403, 402, 417, 418, 411, 410, 425, 426, 404, 403, 418, 419, 412, 411, 426, 427, 405, 404, 419, 420, 417, 256, 432, 266, 431, 446, 425, 424, 439, 440, 418, 417, 432, 433, 426, 425, 440, 441, 419, 418, 433, 434, 427, 426, 441, 442, 420, 419, 434, 435, 428, 427, 442, 443, 421, 420, 435, 436, 429, 428, 443, 444, 422, 421, 436, 437, 430, 429, 444, 445, 423, 422, 437, 438, 431, 430, 445, 446, 424, 423, 438, 439, 436, 435, 450, 451, 444, 443, 458, 459, 437, 436, 451, 452, 445, 444, 459, 460, 438, 437, 452, 453, 446, 445, 460, 461, 439, 438, 453, 454, 432, 256, 447, 266, 446, 461, 440, 439, 454, 455, 433, 432, 447, 448, 441, 440, 455, 456, 434, 433, 448, 449, 442, 441, 456, 457, 435, 434, 449, 450, 443, 442, 457, 458, 455, 454, 469, 470, 448, 447, 462, 463, 456, 455, 470, 471, 449, 448, 463, 464, 457, 456, 471, 472, 450, 449, 464, 465, 458, 457, 472, 473, 451, 450, 465, 466, 459, 458, 473, 474, 452, 451, 466, 467, 460, 459, 474, 475, 453, 452, 467, 468, 461, 460, 475, 476, 454, 453, 468, 469, 447, 256, 462, 266, 461, 476, 474, 473, 488, 489, 467, 466, 481, 482, 475, 474, 489, 490, 468, 467, 482, 483, 476, 475, 490, 491, 469, 468, 483, 484, 462, 256, 477, 266, 476, 491, 470, 469, 484, 485, 463, 462, 477, 478, 471, 470, 485, 486, 464, 463, 478, 479, 472, 471, 486, 487, 465, 464, 479, 480, 473, 472, 487, 488, 466, 465, 480, 481, 478, 477, 492, 493, 486, 485, 500, 501, 479, 478, 493, 494, 487, 486, 501, 502, 480, 479, 494, 495, 488, 487, 502, 503, 481, 480, 495, 496, 489, 488, 503, 504, 482, 481, 496, 497, 490, 489, 504, 505, 483, 482, 497, 498, 491, 490, 505, 506, 484, 483, 498, 499, 477, 256, 492, 266, 491, 506, 485, 484, 499, 500, 497, 496, 511, 512, 505, 504, 519, 520, 498, 497, 512, 513, 506, 505, 520, 521, 499, 498, 513, 514, 492, 256, 507, 266, 506, 521, 500, 499, 514, 515, 493, 492, 507, 508, 501, 500, 515, 516, 494, 493, 508, 509, 502, 501, 516, 517, 495, 494, 509, 510, 503, 502, 517, 518, 496, 495, 510, 511, 504, 503, 518, 519, 516, 515, 530, 531, 509, 508, 523, 524, 517, 516, 531, 532, 510, 509, 524, 525, 518, 517, 532, 533, 511, 510, 525, 526, 519, 518, 533, 534, 512, 511, 526, 527, 520, 519, 534, 535, 513, 512, 527, 528, 521, 520, 535, 536, 514, 513, 528, 529, 507, 256, 522, 266, 521, 536, 515, 514, 529, 530, 508, 507, 522, 523, 535, 534, 549, 550, 528, 527, 542, 543, 536, 535, 550, 551, 529, 528, 543, 544, 522, 256, 537, 266, 536, 551, 530, 529, 544, 545, 523, 522, 537, 538, 531, 530, 545, 546, 524, 523, 538, 539, 532, 531, 546, 547, 525, 524, 539, 540, 533, 532, 547, 548, 526, 525, 540, 541, 534, 533, 548, 549, 527, 526, 541, 542, 547, 546, 561, 562, 540, 539, 554, 555, 548, 547, 562, 563, 541, 540, 555, 556, 549, 548, 563, 564, 542, 541, 556, 557, 550, 549, 564, 565, 543, 542, 557, 558, 551, 550, 565, 566, 544, 543, 558, 559, 537, 256, 552, 266, 551, 566, 545, 544, 559, 560, 538, 537, 552, 553, 546, 545, 560, 561, 539, 538, 553, 554, 566, 565, 580, 581, 559, 558, 573, 574, 552, 256, 567, 266, 566, 581, 560, 559, 574, 575, 553, 552, 567, 568, 561, 560, 575, 576, 554, 553, 568, 569, 562, 561, 576, 577, 555, 554, 569, 570, 563, 562, 577, 578, 556, 555, 570, 571, 564, 563, 578, 579, 557, 556, 571, 572, 565, 564, 579, 580, 558, 557, 572, 573, 570, 569, 584, 585, 578, 577, 592, 593, 571, 570, 585, 586, 579, 578, 593, 594, 572, 571, 586, 587, 580, 579, 594, 595, 573, 572, 587, 588, 581, 580, 595, 596, 574, 573, 588, 589, 567, 256, 582, 266, 581, 596, 575, 574, 589, 590, 568, 567, 582, 583, 576, 575, 590, 591, 569, 568, 583, 584, 577, 576, 591, 592, 589, 588, 603, 604, 582, 256, 597, 266, 596, 611, 590, 589, 604, 605, 583, 582, 597, 598, 591, 590, 605, 606, 584, 583, 598, 599, 592, 591, 606, 607, 585, 584, 599, 600, 593, 592, 607, 608, 586, 585, 600, 601, 594, 593, 608, 609, 587, 586, 601, 602, 595, 594, 609, 610, 588, 587, 602, 603, 596, 595, 610, 611, 608, 607, 622, 623, 601, 600, 615, 616, 609, 608, 623, 624, 602, 601, 616, 617, 610, 609, 624, 625, 603, 602, 617, 618, 611, 610, 625, 626, 604, 603, 618, 619, 597, 256, 612, 266, 611, 626, 605, 604, 619, 620, 598, 597, 612, 613, 606, 605, 620, 621, 599, 598, 613, 614, 607, 606, 621, 622, 600, 599, 614, 615, 612, 256, 627, 266, 626, 641, 620, 619, 634, 635, 613, 612, 627, 628, 621, 620, 635, 636, 614, 613, 628, 629, 622, 621, 636, 637, 615, 614, 629, 630, 623, 622, 637, 638, 616, 615, 630, 631, 624, 623, 638, 639, 617, 616, 631, 632, 625, 624, 639, 640, 618, 617, 632, 633, 626, 625, 640, 641, 619, 618, 633, 634, 631, 630, 645, 646, 639, 638, 653, 654, 632, 631, 646, 647, 640, 639, 654, 655, 633, 632, 647, 648, 641, 640, 655, 656, 634, 633, 648, 649, 627, 256, 642, 266, 641, 656, 635, 634, 649, 650, 628, 627, 642, 643, 636, 635, 650, 651, 629, 628, 643, 644, 637, 636, 651, 652, 630, 629, 644, 645, 638, 637, 652, 653, 650, 649, 664, 665, 643, 642, 657, 658, 651, 650, 665, 666, 644, 643, 658, 659, 652, 651, 666, 667, 645, 644, 659, 660, 653, 652, 667, 668, 646, 645, 660, 661, 654, 653, 668, 669, 647, 646, 661, 662, 655, 654, 669, 670, 648, 647, 662, 663, 656, 655, 670, 671, 649, 648, 663, 664, 642, 256, 657, 266, 656, 671, 669, 668, 683, 684, 662, 661, 676, 677, 670, 669, 684, 685, 663, 662, 677, 678, 671, 670, 685, 686, 664, 663, 678, 679, 657, 256, 672, 266, 671, 686, 665, 664, 679, 680, 658, 657, 672, 673, 666, 665, 680, 681, 659, 658, 673, 674, 667, 666, 681, 682, 660, 659, 674, 675, 668, 667, 682, 683, 661, 660, 675, 676, 681, 680, 695, 696, 674, 673, 688, 689, 682, 681, 696, 697, 675, 674, 689, 690, 683, 682, 697, 698, 676, 675, 690, 691, 684, 683, 698, 699, 677, 676, 691, 692, 685, 684, 699, 700, 678, 677, 692, 693, 686, 685, 700, 701, 679, 678, 693, 694, 672, 256, 687, 266, 686, 701, 680, 679, 694, 695, 673, 672, 687, 688, 700, 699, 714, 715, 693, 692, 707, 708, 701, 700, 715, 716, 694, 693, 708, 709, 687, 256, 702, 266, 701, 716, 695, 694, 709, 710, 688, 687, 702, 703, 696, 695, 710, 711, 689, 688, 703, 704, 697, 696, 711, 712, 690, 689, 704, 705, 698, 697, 712, 713, 691, 690, 705, 706, 699, 698, 713, 714, 692, 691, 706, 707, 704, 703, 718, 719, 712, 711, 726, 727, 705, 704, 719, 720, 713, 712, 727, 728, 706, 705, 720, 721, 714, 713, 728, 729, 707, 706, 721, 722, 715, 714, 729, 730, 708, 707, 722, 723, 716, 715, 730, 731, 709, 708, 723, 724, 702, 256, 717, 266, 716, 731, 710, 709, 724, 725, 703, 702, 717, 718, 711, 710, 725, 726, 723, 722, 260, 734, 731, 730, 737, 265, 724, 723, 734, 261, 717, 256, 257, 266, 731, 265, 725, 724, 261, 262, 718, 717, 257, 732, 726, 725, 262, 735, 719, 718, 732, 258, 727, 726, 735, 263, 720, 719, 258, 259, 728, 727, 263, 736, 721, 720, 259, 733, 729, 728, 736, 264, 722, 721, 733, 260, 730, 729, 264, 737]
            rel material:binding = </root/_materials/piece_white>
            normal3f[] normals = [(0.065403044, 0.9978589, 0), (0.065403044, 0.9978589, 0), (0.065403044, 0.9978589, 0), (0.065403044, 0.9978589, 0), (0.19509035, 0.9807853, 0), (0.19509035, 0.9807853, 0), (0.19509035, 0.9807853, 0), (0.19509035, 0.9807853, 0), (0.32143974, 0.94693, 0), (0.32143974, 0.94693, 0), (0.32143974, 0.94693, 0), (0.32143974, 0.94693, 0), (0.44228858, 0.8968728, 0), (0.44228858, 0.8968728, 0), (0.44228858, 0.8968728, 0), (0.44228858, 0.8968728, 0), (0.5555703, 0.83146954, 0), (0.5555703, 0.83146954, 0), (0.5555703, 0.83146954, 0), (0.5555703, 0.83146954, 0), (0.6593457, 0.7518399, 0), (0.6593457, 0.7518399, 0), (0.6593457, 0.7518399, 0), (0.6593457, 0.7518399, 0), (0.7518401, 0.65934545, 0), (0.7518401, 0.65934545, 0), (0.7518401, 0.65934545, 0), (0.7518401, 0.65934545, 0), (0.8314694, 0.55557054, 0), (0.8314694, 0.55557054, 0), (0.8314694, 0.55557054, 0), (0.8314694, 0.55557054, 0), (0.89687294, 0.44228834, 0), (0.89687294, 0.44228834, 0), (0.89687294, 0.44228834, 0), (0.89687294, 0.44228834, 0), (0.94693, 0.3214401, 0), (0.94693, 0.3214401, 0), (0.94693, 0.3214401, 0), (0.94693, 0.3214401, 0), (0.98078537, 0.19509003, 0), (0.98078537, 0.19509003, 0), (0.98078537, 0.19509003, 0), (0.98078537, 0.19509003, 0), (0.9978589, 0.06540329, 0), (0.9978589, 0.06540329, 0), (0.9978589, 0.06540329, 0), (0.9978589, 0.06540329, 0), (0.9978589, -0.06540329, 0), (0.9978589, -0.06540329, 0), (0.9978589, -0.06540329, 0), (0.9978589, -0.06540329, 0), (0.98078537, -0.19509003, 0), (0.98078537, -0.19509003, 0), (0.98078537, -0.19509003, 0), (0.98078537, -0.19509003, 0), (0.94693, -0.3214401, 0), (0.94693, -0.3214401, 0), (0.94693, -0.3214401, 0), (0.94693, -0.3214401, 0), (0.89687294, -0.44228834, 0), (0.89687294, -0.44228834, 0), (0.89687294, -0.44228834, 0), (0.89687294, -0.44228834, 0), (0.8314694, -0.55557054, 0), (0.8314694, -0.55557054, 0), (0.8314694, -0.55557054, 0), (0.8314694, -0.55557054, 0), (0.7518401, -0.65934545, 0), (0.7518401, -0.65934545, 0), (0.7518401, -0.65934545, 0), (0.7518401, -0.65934545, 0), (0.6593457, -0.7518399, 0), (0.6593457, -0.7518399, 0), (0.6593457, -0.7518399, 0), (0.6593457, -0.7518399, 0), (0.5555703, -0.83146954, 0), (0.5555703, -0.83146954, 0), (0.5555703, -0.83146954, 0), (0.5555703, -0.83146954, 0), (0.44228858, -0.8968728, 0), (0.44228858, -0.8968728, 0), (0.44228858, -0.8968728, 0), (0.44228858, -0.8968728, 0), (0.32143974, -0.94693, 0), (0.32143974, -0.94693, 0), (0.32143974, -0.94693, 0), (0.32143974, -0.94693, 0), (0.19509035, -0.9807853, 0), (0.19509035, -0.9807853, 0), (0.19509035, -0.9807853, 0), (0.19509035, -0.9807853, 0), (0.065403044, -0.9978589, 0), (0.065403044, -0.9978589, 0), (0.065403044, -0.9978589, 0), (0.065403044, -0.9978589, 0), (-0.065403044, -0.9978589, 0), (-0.065403044, -0.9978589, 0), (-0.065403044, -0.9978589, 0), (-0.065403044, -0.9978589, 0), (-0.19509035, -0.9807853, 0), (-0.19509035, -0.9807853, 0), (-0.19509035, -0.9807853, 0), (-0.19509035, -0.9807853, 0), (-0.32143974, -0.94693, 0), (-0.32143974, -0.94693, 0), (-0.32143974, -0.94693, 0), (-0.32143974, -0.94693, 0), (-0.44228858, -0.8968728, 0), (-0.44228858, -0.8968728, 0), (-0.44228858, -0.8968728, 0), (-0.44228858, -0.8968728, 0), (-0.5555703, -0.83146954, 0), (-0.5555703, -0.83146954, 0), (-0.5555703, -0.83146954, 0), (-0.5555703, -0.83146954, 0), (-0.6593457, -0.7518399, 0), (-0.6593457, -0.7518399, 0), (-0.6593457, -0.7518399, 0), (-0.6593457, -0.7518399, 0), (-0.7518401, -0.65934545, 0), (-0.7518401, -0.65934545, 0), (-0.7518401, -0.65934545, 0), (-0.7518401, -0.65934545, 0), (-0.8314694, -0.55557054, 0), (-0.8314694, -0.55557054, 0), (-0.8314694, -0.55557054, 0), (-0.8314694, -0.55557054, 0), (-0.89687294, -0.44228834, 0), (-0.89687294, -0.44228834, 0), (-0.89687294, -0.44228834, 0), (-0.89687294, -0.44228834, 0), (-0.94693, -0.3214401, 0), (-0.94693, -0.3214401, 0), (-0.94693, -0.3214401, 0), (-0.94693, -0.3214401, 0), (-0.98078537, -0.19509003, 0), (-0.98078537, -0.19509003, 0), (-0.98078537, -0.19509003, 0), (-0.98078537, -0.19509003, 0), (-0.9978589, -0.06540329, 0), (-0.9978589, -0.06540329, 0), (-0.9978589, -0.06540329, 0), (-0.9978589, -0.06540329, 0), (-0.9978589, 0.06540329, 0), (-0.9978589, 0.06540329, 0), (-0.9978589, 0.06540329, 0), (-0.9978589, 0.06540329, 0), (-0.98078537, 0.19509003, 0), (-0.98078537, 0.19509003, 0), (-0.98078537, 0.19509003, 0), (-0.98078537, 0.19509003, 0), (-0.94693, 0.3214401, 0), (-0.94693, 0.3214401, 0), (-0.94693, 0.3214401, 0), (-0.94693, 0.3214401, 0), (-0.89687294, 0.44228834, 0), (-0.89687294, 0.44228834, 0), (-0.89687294, 0.44228834, 0), (-0.89687294, 0.44228834, 0), (-0.8314694, 0.55557054, 0), (-0.8314694, 0.55557054, 0), (-0.8314694, 0.55557054, 0), (-0.8314694, 0.55557054, 0), (-0.7518401, 0.65934545, 0), (-0.7518401, 0.65934545, 0), (-0.7518401, 0.65934545, 0), (-0.7518401, 0.65934545, 0), (-0.6593457, 0.7518399, 0), (-0.6593457, 0.7518399, 0), (-0.6593457, 0.7518399, 0), (-0.6593457, 0.7518399, 0), (-0.5555703, 0.83146954, 0), (-0.5555703, 0.83146954, 0), (-0.5555703, 0.83146954, 0), (-0.5555703, 0.83146954, 0), (-0.44228858, 0.8968728, 0), (-0.44228858, 0.8968728, 0), (-0.44228858, 0.8968728, 0), (-0.44228858, 0.8968728, 0), (-0.32143974, 0.94693, 0), (-0.32143974, 0.94693, 0), (-0.32143974, 0.94693, 0), (-0.32143974, 0.94693, 0), (-4.4438195e-9, 0, 1), (-4.4438195e-9, 0, 1), (-4.4438195e-9, 0, 1), (-4.4438195e-9, 0, 1), (-4.4438195e-9, 0, 1), (-4.4438195e-9, 0, 1), (-4.4438195e-9, 0, 1), (-4.4438195e-9, 0, 1), (-4.4438195e-9, 0, 1), (-4.4438195e-9, 0, 1), (-4.4438195e-9, 0, 1), (-4.4438195e-9, 0, 1), (-4.4438195e-9, 0, 1), (-4.4438195e-9, 0, 1), (-4.4438195e-9, 0, 1), (-4.4438195e-9, 0, 1), (-4.4438195e-9, 0, 1), (-4.4438195e-9, 0, 1), (-4.4438195e-9, 0, 1), (-4.4438195e-9, 0, 1), (-4.4438195e-9, 0, 1), (-4.4438195e-9, 0, 1), (-4.4438195e-9, 0, 1), (-4.4438195e-9, 0, 1), (-4.4438195e-9, 0, 1), (-4.4438195e-9, 0, 1), (-4.4438195e-9, 0, 1), (-4.4438195e-9, 0, 1), (-4.4438195e-9, 0, 1), (-4.4438195e-9, 0, 1), (-4.4438195e-9, 0, 1), (-4.4438195e-9, 0, 1), (-4.4438195e-9, 0, 1), (-4.4438195e-9, 0, 1), (-4.4438195e-9, 0, 1), (-4.4438195e-9, 0, 1), (-4.4438195e-9, 0, 1), (-4.4438195e-9, 0, 1), (-4.4438195e-9, 0, 1), (-4.4438195e-9, 0, 1), (-4.4438195e-9, 0, 1), (-4.4438195e-9, 0, 1), (-4.4438195e-9, 0, 1), (-4.4438195e-9, 0, 1), (-4.4438195e-9, 0, 1), (-4.4438195e-9, 0, 1), (-4.4438195e-9, 0, 1), (-4.4438195e-9, 0, 1), (-0.19509035, 0.9807853, 0), (-0.19509035, 0.9807853, 0), (-0.19509035, 0.9807853, 0), (-0.19509035, 0.9807853, 0), (-0.065403044, 0.9978589, 0), (-0.065403044, 0.9978589, 0), (-0.065403044, 0.9978589, 0), (-0.065403044, 0.9978589, 0), (-1.073923e-8, 0, -1), (-1.073923e-8, 0, -1), (-1.073923e-8, 0, -1), (-1.073923e-8, 0, -1), (-1.073923e-8, 0, -1), (-1.073923e-8, 0, -1), (-1.073923e-8, 0, -1), (-1.073923e-8, 0, -1), (-1.073923e-8, 0, -1), (-1.073923e-8, 0, -1), (-1.073923e-8, 0, -1), (-1.073923e-8, 0, -1), (-1.073923e-8, 0, -1), (-1.073923e-8, 0, -1), (-1.073923e-8, 0, -1), (-1.073923e-8, 0, -1), (-1.073923e-8, 0, -1), (-1.073923e-8, 0, -1), (-1.073923e-8, 0, -1), (-1.073923e-8, 0, -1), (-1.073923e-8, 0, -1), (-1.073923e-8, 0, -1), (-1.073923e-8, 0, -1), (-1.073923e-8, 0, -1), (-1.073923e-8, 0, -1), (-1.073923e-8, 0, -1), (-1.073923e-8, 0, -1), (-1.073923e-8, 0, -1), (-1.073923e-8, 0, -1), (-1.073923e-8, 0, -1), (-1.073923e-8, 0, -1), (-1.073923e-8, 0, -1), (-1.073923e-8, 0, -1), (-1.073923e-8, 0, -1), (-1.073923e-8, 0, -1), (-1.073923e-8, 0, -1), (-1.073923e-8, 0, -1), (-1.073923e-8, 0, -1), (-1.073923e-8, 0, -1), (-1.073923e-8, 0, -1), (-1.073923e-8, 0, -1), (-1.073923e-8, 0, -1), (-1.073923e-8, 0, -1), (-1.073923e-8, 0, -1), (-1.073923e-8, 0, -1), (-1.073923e-8, 0, -1), (-1.073923e-8, 0, -1), (-1.073923e-8, 0, -1), (0.06540305, 0.99785894, 0), (0.06540305, 0.99785894, 0), (0.06540305, 0.99785894, 0), (0.06540305, 0.99785894, 0), (0.19509034, 0.98078525, 0), (0.19509034, 0.98078525, 0), (0.19509034, 0.98078525, 0), (0.19509034, 0.98078525, 0), (0.32143977, 0.94693005, 0), (0.32143977, 0.94693005, 0), (0.32143977, 0.94693005, 0), (0.32143977, 0.94693005, 0), (0.4422886, 0.8968728, 0), (0.4422886, 0.8968728, 0), (0.4422886, 0.8968728, 0), (0.4422886, 0.8968728, 0), (0.5555704, 0.8314695, 0), (0.5555704, 0.8314695, 0), (0.5555704, 0.8314695, 0), (0.5555704, 0.8314695, 0), (0.65934557, 0.75184, 0), (0.65934557, 0.75184, 0), (0.65934557, 0.75184, 0), (0.65934557, 0.75184, 0), (0.75184, 0.65934557, 0), (0.75184, 0.65934557, 0), (0.75184, 0.65934557, 0), (0.75184, 0.65934557, 0), (0.83146954, 0.5555703, 0), (0.83146954, 0.5555703, 0), (0.83146954, 0.5555703, 0), (0.83146954, 0.5555703, 0), (0.8968728, 0.44228852, 0), (0.8968728, 0.44228852, 0), (0.8968728, 0.44228852, 0), (0.8968728, 0.44228852, 0), (0.94693005, 0.32143995, 0), (0.94693005, 0.32143995, 0), (0.94693005, 0.32143995, 0), (0.94693005, 0.32143995, 0), (0.98078525, 0.19509034, 0), (0.98078525, 0.19509034, 0), (0.98078525, 0.19509034, 0), (0.98078525, 0.19509034, 0), (0.99785894, 0.06540313, 0), (0.99785894, 0.06540313, 0), (0.99785894, 0.06540313, 0), (0.99785894, 0.06540313, 0), (0.99785894, -0.06540313, 0), (0.99785894, -0.06540313, 0), (0.99785894, -0.06540313, 0), (0.99785894, -0.06540313, 0), (0.98078525, -0.19509034, 0), (0.98078525, -0.19509034, 0), (0.98078525, -0.19509034, 0), (0.98078525, -0.19509034, 0), (0.94693005, -0.32143995, 0), (0.94693005, -0.32143995, 0), (0.94693005, -0.32143995, 0), (0.94693005, -0.32143995, 0), (0.8968728, -0.44228852, 0), (0.8968728, -0.44228852, 0), (0.8968728, -0.44228852, 0), (0.8968728, -0.44228852, 0), (0.83146954, -0.5555703, 0), (0.83146954, -0.5555703, 0), (0.83146954, -0.5555703, 0), (0.83146954, -0.5555703, 0), (0.75184, -0.65934557, 0), (0.75184, -0.65934557, 0), (0.75184, -0.65934557, 0), (0.75184, -0.65934557, 0), (0.65934557, -0.75184, 0), (0.65934557, -0.75184, 0), (0.65934557, -0.75184, 0), (0.65934557, -0.75184, 0), (0.5555704, -0.8314695, 0), (0.5555704, -0.8314695, 0), (0.5555704, -0.8314695, 0), (0.5555704, -0.8314695, 0), (0.4422886, -0.8968728, 0), (0.4422886, -0.8968728, 0), (0.4422886, -0.8968728, 0), (0.4422886, -0.8968728, 0), (0.32143977, -0.94693005, 0), (0.32143977, -0.94693005, 0), (0.32143977, -0.94693005, 0), (0.32143977, -0.94693005, 0), (0.19509034, -0.98078525, 0), (0.19509034, -0.98078525, 0), (0.19509034, -0.98078525, 0), (0.19509034, -0.98078525, 0), (0.06540305, -0.99785894, 0), (0.06540305, -0.99785894, 0), (0.06540305, -0.99785894, 0), (0.06540305, -0.99785894, 0), (-0.06540305, -0.99785894, 0), (-0.06540305, -0.99785894, 0), (-0.06540305, -0.99785894, 0), (-0.06540305, -0.99785894, 0), (-0.19509034, -0.98078525, 0), (-0.19509034, -0.98078525, 0), (-0.19509034, -0.98078525, 0), (-0.19509034, -0.98078525, 0), (-0.32143977, -0.94693005, 0), (-0.32143977, -0.94693005, 0), (-0.32143977, -0.94693005, 0), (-0.32143977, -0.94693005, 0), (-0.4422886, -0.8968728, 0), (-0.4422886, -0.8968728, 0), (-0.4422886, -0.8968728, 0), (-0.4422886, -0.8968728, 0), (-0.5555704, -0.8314695, 0), (-0.5555704, -0.8314695, 0), (-0.5555704, -0.8314695, 0), (-0.5555704, -0.8314695, 0), (-0.65934557, -0.75184, 0), (-0.65934557, -0.75184, 0), (-0.65934557, -0.75184, 0), (-0.65934557, -0.75184, 0), (-0.75184, -0.65934557, 0), (-0.75184, -0.65934557, 0), (-0.75184, -0.65934557, 0), (-0.75184, -0.65934557, 0), (-0.83146954, -0.5555703, 0), (-0.83146954, -0.5555703, 0), (-0.83146954, -0.5555703, 0), (-0.83146954, -0.5555703, 0), (-0.8968728, -0.44228852, 0), (-0.8968728, -0.44228852, 0), (-0.8968728, -0.44228852, 0), (-0.8968728, -0.44228852, 0), (-0.94693005, -0.32143995, 0), (-0.94693005, -0.32143995, 0), (-0.94693005, -0.32143995, 0), (-0.94693005, -0.32143995, 0), (-0.98078525, -0.19509034, 0), (-0.98078525, -0.19509034, 0), (-0.98078525, -0.19509034, 0), (-0.98078525, -0.19509034, 0), (-0.99785894, -0.06540313, 0), (-0.99785894, -0.06540313, 0), (-0.99785894, -0.06540313, 0), (-0.99785894, -0.06540313, 0), (-0.99785894, 0.06540313, 0), (-0.99785894, 0.06540313, 0), (-0.99785894, 0.06540313, 0), (-0.99785894, 0.06540313, 0), (-0.98078525, 0.19509034, 0), (-0.98078525, 0.19509034, 0), (-0.98078525, 0.19509034, 0), (-0.98078525, 0.19509034, 0), (-0.94693005, 0.32143995, 0), (-0.94693005, 0.32143995, 0), (-0.94693005, 0.32143995, 0), (-0.94693005, 0.32143995, 0), (-0.8968728, 0.44228852, 0), (-0.8968728, 0.44228852, 0), (-0.8968728, 0.44228852, 0), (-0.8968728, 0.44228852, 0), (-0.83146954, 0.5555703, 0), (-0.83146954, 0.5555703, 0), (-0.83146954, 0.5555703, 0), (-0.83146954, 0.5555703, 0), (-0.75184, 0.65934557, 0), (-0.75184, 0.65934557, 0), (-0.75184, 0.65934557, 0), (-0.75184, 0.65934557, 0), (-0.65934557, 0.75184, 0), (-0.65934557, 0.75184, 0), (-0.65934557, 0.75184, 0), (-0.65934557, 0.75184, 0), (-0.5555704, 0.8314695, 0), (-0.5555704, 0.8314695, 0), (-0.5555704, 0.8314695, 0), (-0.5555704, 0.8314695, 0), (-0.4422886, 0.8968728, 0), (-0.4422886, 0.8968728, 0), (-0.4422886, 0.8968728, 0), (-0.4422886, 0.8968728, 0), (-0.32143977, 0.94693005, 0), (-0.32143977, 0.94693005, 0), (-0.32143977, 0.94693005, 0), (-0.32143977, 0.94693005, 0), (5.569587e-7, 0, 1), (5.569587e-7, 0, 1), (5.569587e-7, 0, 1), (5.569587e-7, 0, 1), (5.569587e-7, 0, 1), (5.569587e-7, 0, 1), (5.569587e-7, 0, 1), (5.569587e-7, 0, 1), (5.569587e-7, 0, 1), (5.569587e-7, 0, 1), (5.569587e-7, 0, 1), (5.569587e-7, 0, 1), (5.569587e-7, 0, 1), (5.569587e-7, 0, 1), (5.569587e-7, 0, 1), (5.569587e-7, 0, 1), (5.569587e-7, 0, 1), (5.569587e-7, 0, 1), (5.569587e-7, 0, 1), (5.569587e-7, 0, 1), (5.569587e-7, 0, 1), (5.569587e-7, 0, 1), (5.569587e-7, 0, 1), (5.569587e-7, 0, 1), (5.569587e-7, 0, 1), (5.569587e-7, 0, 1), (5.569587e-7, 0, 1), (5.569587e-7, 0, 1), (5.569587e-7, 0, 1), (5.569587e-7, 0, 1), (5.569587e-7, 0, 1), (5.569587e-7, 0, 1), (5.569587e-7, 0, 1), (5.569587e-7, 0, 1), (5.569587e-7, 0, 1), (5.569587e-7, 0, 1), (5.569587e-7, 0, 1), (5.569587e-7, 0, 1), (5.569587e-7, 0, 1), (5.569587e-7, 0, 1), (5.569587e-7, 0, 1), (5.569587e-7, 0, 1), (5.569587e-7, 0, 1), (5.569587e-7, 0, 1), (5.569587e-7, 0, 1), (5.569587e-7, 0, 1), (5.569587e-7, 0, 1), (5.569587e-7, 0, 1), (-0.19509034, 0.98078525, 0), (-0.19509034, 0.98078525, 0), (-0.19509034, 0.98078525, 0), (-0.19509034, 0.98078525, 0), (-0.06540305, 0.99785894, 0), (-0.06540305, 0.99785894, 0), (-0.06540305, 0.99785894, 0), (-0.06540305, 0.99785894, 0), (1.4812731e-8, 0, -1), (1.4812731e-8, 0, -1), (1.4812731e-8, 0, -1), (1.4812731e-8, 0, -1), (1.4812731e-8, 0, -1), (1.4812731e-8, 0, -1), (1.4812731e-8, 0, -1), (1.4812731e-8, 0, -1), (1.4812731e-8, 0, -1), (1.4812731e-8, 0, -1), (1.4812731e-8, 0, -1), (1.4812731e-8, 0, -1), (1.4812731e-8, 0, -1), (1.4812731e-8, 0, -1), (1.4812731e-8, 0, -1), (1.4812731e-8, 0, -1), (1.4812731e-8, 0, -1), (1.4812731e-8, 0, -1), (1.4812731e-8, 0, -1), (1.4812731e-8, 0, -1), (1.4812731e-8, 0, -1), (1.4812731e-8, 0, -1), (1.4812731e-8, 0, -1), (1.4812731e-8, 0, -1), (1.4812731e-8, 0, -1), (1.4812731e-8, 0, -1), (1.4812731e-8, 0, -1), (1.4812731e-8, 0, -1), (1.4812731e-8, 0, -1), (1.4812731e-8, 0, -1), (1.4812731e-8, 0, -1), (1.4812731e-8, 0, -1), (1.4812731e-8, 0, -1), (1.4812731e-8, 0, -1), (1.4812731e-8, 0, -1), (1.4812731e-8, 0, -1), (1.4812731e-8, 0, -1), (1.4812731e-8, 0, -1), (1.4812731e-8, 0, -1), (1.4812731e-8, 0, -1), (1.4812731e-8, 0, -1), (1.4812731e-8, 0, -1), (1.4812731e-8, 0, -1), (1.4812731e-8, 0, -1), (1.4812731e-8, 0, -1), (1.4812731e-8, 0, -1), (1.4812731e-8, 0, -1), (1.4812731e-8, 0, -1), (0.098017454, 0.9951848, 0), (0.098017454, 0.9951848, 0), (0.098017454, 0.9951848, 0), (0.098017454, 0.9951848, 0), (0.29028457, 0.9569404, 0), (0.29028457, 0.9569404, 0), (0.29028457, 0.9569404, 0), (0.29028457, 0.9569404, 0), (0.47139665, 0.88192135, 0), (0.47139665, 0.88192135, 0), (0.47139665, 0.88192135, 0), (0.47139665, 0.88192135, 0), (0.63439333, 0.77301043, 0), (0.63439333, 0.77301043, 0), (0.63439333, 0.77301043, 0), (0.63439333, 0.77301043, 0), (0.7730105, 0.6343932, 0), (0.7730105, 0.6343932, 0), (0.7730105, 0.6343932, 0), (0.7730105, 0.6343932, 0), (0.8819213, 0.4713967, 0), (0.8819213, 0.4713967, 0), (0.8819213, 0.4713967, 0), (0.8819213, 0.4713967, 0), (0.9569405, 0.29028448, 0), (0.9569405, 0.29028448, 0), (0.9569405, 0.29028448, 0), (0.9569405, 0.29028448, 0), (0.99518466, 0.098017685, 0), (0.99518466, 0.098017685, 0), (0.99518466, 0.098017685, 0), (0.99518466, 0.098017685, 0), (0.99518466, -0.098017685, 0), (0.99518466, -0.098017685, 0), (0.99518466, -0.098017685, 0), (0.99518466, -0.098017685, 0), (0.9569405, -0.29028448, 0), (0.9569405, -0.29028448, 0), (0.9569405, -0.29028448, 0), (0.9569405, -0.29028448, 0), (0.8819213, -0.4713967, 0), (0.8819213, -0.4713967, 0), (0.8819213, -0.4713967, 0), (0.8819213, -0.4713967, 0), (0.7730105, -0.6343932, 0), (0.7730105, -0.6343932, 0), (0.7730105, -0.6343932, 0), (0.7730105, -0.6343932, 0), (0.63439333, -0.77301043, 0), (0.63439333, -0.77301043, 0), (0.63439333, -0.77301043, 0), (0.63439333, -0.77301043, 0), (0.47139665, -0.88192135, 0), (0.47139665, -0.88192135, 0), (0.47139665, -0.88192135, 0), (0.47139665, -0.88192135, 0), (0.29028457, -0.9569404, 0), (0.29028457, -0.9569404, 0), (0.29028457, -0.9569404, 0), (0.29028457, -0.9569404, 0), (0.098017454, -0.9951848, 0), (0.098017454, -0.9951848, 0), (0.098017454, -0.9951848, 0), (0.098017454, -0.9951848, 0), (-0.098017454, -0.9951848, 0), (-0.098017454, -0.9951848, 0), (-0.098017454, -0.9951848, 0), (-0.098017454, -0.9951848, 0), (-0.29028457, -0.9569404, 0), (-0.29028457, -0.9569404, 0), (-0.29028457, -0.9569404, 0), (-0.29028457, -0.9569404, 0), (-0.47139665, -0.88192135, 0), (-0.47139665, -0.88192135, 0), (-0.47139665, -0.88192135, 0), (-0.47139665, -0.88192135, 0), (-0.63439333, -0.77301043, 0), (-0.63439333, -0.77301043, 0), (-0.63439333, -0.77301043, 0), (-0.63439333, -0.77301043, 0), (-0.7730105, -0.6343932, 0), (-0.7730105, -0.6343932, 0), (-0.7730105, -0.6343932, 0), (-0.7730105, -0.6343932, 0), (-0.8819213, -0.4713967, 0), (-0.8819213, -0.4713967, 0), (-0.8819213, -0.4713967, 0), (-0.8819213, -0.4713967, 0), (-0.9569405, -0.29028448, 0), (-0.9569405, -0.29028448, 0), (-0.9569405, -0.29028448, 0), (-0.9569405, -0.29028448, 0), (-0.99518466, -0.098017685, 0), (-0.99518466, -0.098017685, 0), (-0.99518466, -0.098017685, 0), (-0.99518466, -0.098017685, 0), (-0.99518466, 0.098017685, 0), (-0.99518466, 0.098017685, 0), (-0.99518466, 0.098017685, 0), (-0.99518466, 0.098017685, 0), (-0.9569405, 0.29028448, 0), (-0.9569405, 0.29028448, 0), (-0.9569405, 0.29028448, 0), (-0.9569405, 0.29028448, 0), (-0.8819213, 0.4713967, 0), (-0.8819213, 0.4713967, 0), (-0.8819213, 0.4713967, 0), (-0.8819213, 0.4713967, 0), (-0.7730105, 0.6343932, 0), (-0.7730105, 0.6343932, 0), (-0.7730105, 0.6343932, 0), (-0.7730105, 0.6343932, 0), (-0.63439333, 0.77301043, 0), (-0.63439333, 0.77301043, 0), (-0.63439333, 0.77301043, 0), (-0.63439333, 0.77301043, 0), (-0.47139665, 0.88192135, 0), (-0.47139665, 0.88192135, 0), (-0.47139665, 0.88192135, 0), (-0.47139665, 0.88192135, 0), (1.48658055e-8, 0, 1), (1.48658055e-8, 0, 1), (1.48658055e-8, 0, 1), (1.48658055e-8, 0, 1), (1.48658055e-8, 0, 1), (1.48658055e-8, 0, 1), (1.48658055e-8, 0, 1), (1.48658055e-8, 0, 1), (1.48658055e-8, 0, 1), (1.48658055e-8, 0, 1), (1.48658055e-8, 0, 1), (1.48658055e-8, 0, 1), (1.48658055e-8, 0, 1), (1.48658055e-8, 0, 1), (1.48658055e-8, 0, 1), (1.48658055e-8, 0, 1), (1.48658055e-8, 0, 1), (1.48658055e-8, 0, 1), (1.48658055e-8, 0, 1), (1.48658055e-8, 0, 1), (1.48658055e-8, 0, 1), (1.48658055e-8, 0, 1), (1.48658055e-8, 0, 1), (1.48658055e-8, 0, 1), (1.48658055e-8, 0, 1), (1.48658055e-8, 0, 1), (1.48658055e-8, 0, 1), (1.48658055e-8, 0, 1), (1.48658055e-8, 0, 1), (1.48658055e-8, 0, 1), (1.48658055e-8, 0, 1), (1.48658055e-8, 0, 1), (-0.29028457, 0.9569404, 0), (-0.29028457, 0.9569404, 0), (-0.29028457, 0.9569404, 0), (-0.29028457, 0.9569404, 0), (-0.098017454, 0.9951848, 0), (-0.098017454, 0.9951848, 0), (-0.098017454, 0.9951848, 0), (-0.098017454, 0.9951848, 0), (5.9463225e-9, 0, -1), (5.9463225e-9, 0, -1), (5.9463225e-9, 0, -1), (5.9463225e-9, 0, -1), (5.9463225e-9, 0, -1), (5.9463225e-9, 0, -1), (5.9463225e-9, 0, -1), (5.9463225e-9, 0, -1), (5.9463225e-9, 0, -1), (5.9463225e-9, 0, -1), (5.9463225e-9, 0, -1), (5.9463225e-9, 0, -1), (5.9463225e-9, 0, -1), (5.9463225e-9, 0, -1), (5.9463225e-9, 0, -1), (5.9463225e-9, 0, -1), (5.9463225e-9, 0, -1), (5.9463225e-9, 0, -1), (5.9463225e-9, 0, -1), (5.9463225e-9, 0, -1), (5.9463225e-9, 0, -1), (5.9463225e-9, 0, -1), (5.9463225e-9, 0, -1), (5.9463225e-9, 0, -1), (5.9463225e-9, 0, -1), (5.9463225e-9, 0, -1), (5.9463225e-9, 0, -1), (5.9463225e-9, 0, -1), (5.9463225e-9, 0, -1), (5.9463225e-9, 0, -1), (5.9463225e-9, 0, -1), (5.9463225e-9, 0, -1), (0.046377894, 0.47088772, -0.8809733), (0.046377894, 0.47088772, -0.8809733), (0.046377894, 0.47088772, -0.8809733), (0.046377894, 0.47088772, -0.8809733), (0.09383152, 0.95271903, 0.28900203), (0.09383152, 0.95271903, 0.28900203), (0.09383152, 0.95271903, 0.28900203), (0.09383152, 0.95271903, 0.28900203), (0.028594498, 0.29016587, -0.956549), (0.028594498, 0.29016587, -0.956549), (0.028594498, 0.29016587, -0.956549), (0.028594498, 0.29016587, -0.956549), (0.097546406, 0.9904384, 0.09755263), (0.097546406, 0.9904384, 0.09755263), (0.097546406, 0.9904384, 0.09755263), (0.097546406, 0.9904384, 0.09755263), (0.009629496, 0.09801425, 0.9951384), (0.009629496, 0.09801425, 0.9951384), (0.009629496, 0.09801425, 0.9951384), (0.009647587, 0.09801423, -0.99513817), (0.009647587, 0.09801423, -0.99513817), (0.009647587, 0.09801423, -0.99513817), (0.09755008, 0.9904384, -0.09754921), (0.09755008, 0.9904384, -0.09754921), (0.09755008, 0.9904384, -0.09754921), (0.09755008, 0.9904384, -0.09754921), (0.028594498, 0.29016587, 0.956549), (0.028594498, 0.29016587, 0.956549), (0.028594498, 0.29016587, 0.956549), (0.028594498, 0.29016587, 0.956549), (0.09383135, 0.95271736, -0.28900772), (0.09383135, 0.95271736, -0.28900772), (0.09383135, 0.95271736, -0.28900772), (0.09383135, 0.95271736, -0.28900772), (0.046371575, 0.47088784, 0.8809735), (0.046371575, 0.47088784, 0.8809735), (0.046371575, 0.47088784, 0.8809735), (0.046371575, 0.47088784, 0.8809735), (0.08653267, 0.87861484, -0.4696255), (0.08653267, 0.87861484, -0.4696255), (0.08653267, 0.87861484, -0.4696255), (0.08653267, 0.87861484, -0.4696255), (0.062364433, 0.63315964, 0.7715048), (0.062364433, 0.63315964, 0.7715048), (0.062364433, 0.63315964, 0.7715048), (0.062364433, 0.63315964, 0.7715048), (0.075915486, 0.77077836, -0.63256425), (0.075915486, 0.77077836, -0.63256425), (0.075915486, 0.77077836, -0.63256425), (0.075915486, 0.77077836, -0.63256425), (0.07591197, 0.77078116, 0.6325613), (0.07591197, 0.77078116, 0.6325613), (0.07591197, 0.77078116, 0.6325613), (0.07591197, 0.77078116, 0.6325613), (0.062355243, 0.6331614, -0.7715041), (0.062355243, 0.6331614, -0.7715041), (0.062355243, 0.6331614, -0.7715041), (0.062355243, 0.6331614, -0.7715041), (0.086532466, 0.8786124, 0.4696299), (0.086532466, 0.8786124, 0.4696299), (0.086532466, 0.8786124, 0.4696299), (0.086532466, 0.8786124, 0.4696299), (0.18469182, 0.60882705, -0.77150404), (0.18469182, 0.60882705, -0.77150404), (0.18469182, 0.60882705, -0.77150404), (0.18469182, 0.60882705, -0.77150404), (0.25628054, 0.8448489, 0.46962816), (0.25628054, 0.8448489, 0.46962816), (0.25628054, 0.8448489, 0.46962816), (0.25628054, 0.8448489, 0.46962816), (0.1373551, 0.45279205, -0.88097274), (0.1373551, 0.45279205, -0.88097274), (0.1373551, 0.45279205, -0.88097274), (0.1373551, 0.45279205, -0.88097274), (0.277897, 0.9161055, 0.28900507), (0.277897, 0.9161055, 0.28900507), (0.277897, 0.9161055, 0.28900507), (0.277897, 0.9161055, 0.28900507), (0.08465187, 0.2790145, -0.9565485), (0.08465187, 0.2790145, -0.9565485), (0.08465187, 0.2790145, -0.9565485), (0.08465187, 0.2790145, -0.9565485), (0.28890058, 0.9523763, 0.09754959), (0.28890058, 0.9523763, 0.09754959), (0.28890058, 0.9523763, 0.09754959), (0.28890058, 0.9523763, 0.09754959), (0.028644653, 0.09424746, 0.99513656), (0.028644653, 0.09424746, 0.99513656), (0.028644653, 0.09424746, 0.99513656), (0.028549504, 0.09424771, -0.99513936), (0.028549504, 0.09424771, -0.99513936), (0.028549504, 0.09424771, -0.99513936), (0.28889957, 0.9523766, -0.09754962), (0.28889957, 0.9523766, -0.09754962), (0.28889957, 0.9523766, -0.09754962), (0.28889957, 0.9523766, -0.09754962), (0.08463146, 0.27901503, 0.9565501), (0.08463146, 0.27901503, 0.9565501), (0.08463146, 0.27901503, 0.9565501), (0.08463146, 0.27901503, 0.9565501), (0.277897, 0.9161055, -0.28900507), (0.277897, 0.9161055, -0.28900507), (0.277897, 0.9161055, -0.28900507), (0.277897, 0.9161055, -0.28900507), (0.1373551, 0.45279205, 0.88097274), (0.1373551, 0.45279205, 0.88097274), (0.1373551, 0.45279205, 0.88097274), (0.1373551, 0.45279205, 0.88097274), (0.2562806, 0.844849, -0.46962804), (0.2562806, 0.844849, -0.46962804), (0.2562806, 0.844849, -0.46962804), (0.2562806, 0.844849, -0.46962804), (0.18468273, 0.60882807, 0.7715055), (0.18468273, 0.60882807, 0.7715055), (0.18468273, 0.60882807, 0.7715055), (0.18468273, 0.60882807, 0.7715055), (0.22482984, 0.7411584, -0.6325628), (0.22482984, 0.7411584, -0.6325628), (0.22482984, 0.7411584, -0.6325628), (0.22482984, 0.7411584, -0.6325628), (0.22482617, 0.741159, 0.63256335), (0.22482617, 0.741159, 0.63256335), (0.22482617, 0.741159, 0.63256335), (0.22482617, 0.741159, 0.63256335), (0.13745888, 0.257141, 0.95654774), (0.13745888, 0.257141, 0.95654774), (0.13745888, 0.257141, 0.95654774), (0.13745888, 0.257141, 0.95654774), (0.45127904, 0.84428865, -0.28900513), (0.45127904, 0.84428865, -0.28900513), (0.45127904, 0.84428865, -0.28900513), (0.45127904, 0.84428865, -0.28900513), (0.22304103, 0.41729638, 0.8809747), (0.22304103, 0.41729638, 0.8809747), (0.22304103, 0.41729638, 0.8809747), (0.22304103, 0.41729638, 0.8809747), (0.41618332, 0.7786152, -0.46962732), (0.41618332, 0.7786152, -0.46962732), (0.41618332, 0.7786152, -0.46962732), (0.41618332, 0.7786152, -0.46962732), (0.29991, 0.56109947, 0.77150583), (0.29991, 0.56109947, 0.77150583), (0.29991, 0.56109947, 0.77150583), (0.29991, 0.56109947, 0.77150583), (0.3650986, 0.68305635, -0.63256377), (0.3650986, 0.68305635, -0.63256377), (0.3650986, 0.68305635, -0.63256377), (0.3650986, 0.68305635, -0.63256377), (0.3651019, 0.68305534, 0.63256305), (0.3651019, 0.68305534, 0.63256305), (0.3651019, 0.68305534, 0.63256305), (0.3651019, 0.68305534, 0.63256305), (0.29991, 0.56109947, -0.77150583), (0.29991, 0.56109947, -0.77150583), (0.29991, 0.56109947, -0.77150583), (0.29991, 0.56109947, -0.77150583), (0.41617918, 0.77861685, 0.46962833), (0.41617918, 0.77861685, 0.46962833), (0.41617918, 0.77861685, 0.46962833), (0.41617918, 0.77861685, 0.46962833), (0.22304705, 0.4172958, -0.8809735), (0.22304705, 0.4172958, -0.8809735), (0.22304705, 0.4172958, -0.8809735), (0.22304705, 0.4172958, -0.8809735), (0.45128274, 0.84428686, 0.28900453), (0.45128274, 0.84428686, 0.28900453), (0.45128274, 0.84428686, 0.28900453), (0.45128274, 0.84428686, 0.28900453), (0.1374387, 0.2571417, -0.9565504), (0.1374387, 0.2571417, -0.9565504), (0.1374387, 0.2571417, -0.9565504), (0.1374387, 0.2571417, -0.9565504), (0.4691483, 0.8777152, 0.09754957), (0.4691483, 0.8777152, 0.09754957), (0.4691483, 0.8777152, 0.09754957), (0.4691483, 0.8777152, 0.09754957), (0.046440944, 0.08685901, 0.9951375), (0.046440944, 0.08685901, 0.9951375), (0.046440944, 0.08685901, 0.9951375), (0.04644854, 0.086858965, -0.99513716), (0.04644854, 0.086858965, -0.99513716), (0.04644854, 0.086858965, -0.99513716), (0.4691486, 0.87771505, -0.09754956), (0.4691486, 0.87771505, -0.09754956), (0.4691486, 0.87771505, -0.09754956), (0.4691486, 0.87771505, -0.09754956), (0.5600825, 0.6824638, 0.46962824), (0.5600825, 0.6824638, 0.46962824), (0.5600825, 0.6824638, 0.46962824), (0.5600825, 0.6824638, 0.46962824), (0.30017462, 0.36576265, -0.88097274), (0.30017462, 0.36576265, -0.88097274), (0.30017462, 0.36576265, -0.88097274), (0.30017462, 0.36576265, -0.88097274), (0.607324, 0.7400231, 0.28900427), (0.607324, 0.7400231, 0.28900427), (0.607324, 0.7400231, 0.28900427), (0.607324, 0.7400231, 0.28900427), (0.18497911, 0.225386, -0.9565479), (0.18497911, 0.225386, -0.9565479), (0.18497911, 0.225386, -0.9565479), (0.18497911, 0.225386, -0.9565479), (0.631366, 0.769325, 0.09754966), (0.631366, 0.769325, 0.09754966), (0.631366, 0.769325, 0.09754966), (0.631366, 0.769325, 0.09754966), (0.06246987, 0.076132655, 0.9951388), (0.06246987, 0.076132655, 0.9951388), (0.06246987, 0.076132655, 0.9951388), (0.062492628, 0.076132536, -0.9951374), (0.062492628, 0.076132536, -0.9951374), (0.062492628, 0.076132536, -0.9951374), (0.63137, 0.76932174, -0.09754944), (0.63137, 0.76932174, -0.09754944), (0.63137, 0.76932174, -0.09754944), (0.63137, 0.76932174, -0.09754944), (0.18496919, 0.22538644, 0.95654976), (0.18496919, 0.22538644, 0.95654976), (0.18496919, 0.22538644, 0.95654976), (0.18496919, 0.22538644, 0.95654976), (0.6073201, 0.7400259, -0.28900537), (0.6073201, 0.7400259, -0.28900537), (0.6073201, 0.7400259, -0.28900537), (0.6073201, 0.7400259, -0.28900537), (0.30017462, 0.36576265, 0.88097274), (0.30017462, 0.36576265, 0.88097274), (0.30017462, 0.36576265, 0.88097274), (0.30017462, 0.36576265, 0.88097274), (0.5600849, 0.68246263, -0.46962732), (0.5600849, 0.68246263, -0.46962732), (0.5600849, 0.68246263, -0.46962732), (0.5600849, 0.68246263, -0.46962732), (0.40361834, 0.49180704, 0.77150375), (0.40361834, 0.49180704, 0.77150375), (0.40361834, 0.49180704, 0.77150375), (0.40361834, 0.49180704, 0.77150375), (0.49134195, 0.5987038, -0.6325637), (0.49134195, 0.5987038, -0.6325637), (0.49134195, 0.5987038, -0.6325637), (0.49134195, 0.5987038, -0.6325637), (0.49134487, 0.59870267, 0.6325625), (0.49134487, 0.59870267, 0.6325625), (0.49134487, 0.59870267, 0.6325625), (0.49134487, 0.59870267, 0.6325625), (0.4036144, 0.491808, -0.77150524), (0.4036144, 0.491808, -0.77150524), (0.4036144, 0.491808, -0.77150524), (0.4036144, 0.491808, -0.77150524), (0.74002695, 0.60731953, -0.2890035), (0.74002695, 0.60731953, -0.2890035), (0.74002695, 0.60731953, -0.2890035), (0.74002695, 0.60731953, -0.2890035), (0.36576876, 0.30017278, 0.8809708), (0.36576876, 0.30017278, 0.8809708), (0.36576876, 0.30017278, 0.8809708), (0.36576876, 0.30017278, 0.8809708), (0.6824603, 0.5600853, -0.46963), (0.6824603, 0.5600853, -0.46963), (0.6824603, 0.5600853, -0.46963), (0.6824603, 0.5600853, -0.46963), (0.4918063, 0.4036161, 0.7715054), (0.4918063, 0.4036161, 0.7715054), (0.4918063, 0.4036161, 0.7715054), (0.4918063, 0.4036161, 0.7715054), (0.5987049, 0.49134246, -0.63256234), (0.5987049, 0.49134246, -0.63256234), (0.5987049, 0.49134246, -0.63256234), (0.5987049, 0.49134246, -0.63256234), (0.5987013, 0.49134424, 0.63256437), (0.5987013, 0.49134424, 0.63256437), (0.5987013, 0.49134424, 0.63256437), (0.5987013, 0.49134424, 0.63256437), (0.4918045, 0.40361658, -0.7715063), (0.4918045, 0.40361658, -0.7715063), (0.4918045, 0.40361658, -0.7715063), (0.4918045, 0.40361658, -0.7715063), (0.68246305, 0.5600834, 0.46962842), (0.68246305, 0.5600834, 0.46962842), (0.68246305, 0.5600834, 0.46962842), (0.68246305, 0.5600834, 0.46962842), (0.3657578, 0.30017415, -0.8809748), (0.3657578, 0.30017415, -0.8809748), (0.3657578, 0.30017415, -0.8809748), (0.3657578, 0.30017415, -0.8809748), (0.7400249, 0.6073217, 0.2890045), (0.7400249, 0.6073217, 0.2890045), (0.7400249, 0.6073217, 0.2890045), (0.7400249, 0.6073217, 0.2890045), (0.22538222, 0.18496999, -0.9565506), (0.22538222, 0.18496999, -0.9565506), (0.22538222, 0.18496999, -0.9565506), (0.22538222, 0.18496999, -0.9565506), (0.769323, 0.63136846, 0.09754985), (0.769323, 0.63136846, 0.09754985), (0.769323, 0.63136846, 0.09754985), (0.769323, 0.63136846, 0.09754985), (0.07612183, 0.062480442, 0.99513894), (0.07612183, 0.062480442, 0.99513894), (0.07612183, 0.062480442, 0.99513894), (0.07611427, 0.062480487, -0.9951396), (0.07611427, 0.062480487, -0.9951396), (0.07611427, 0.062480487, -0.9951396), (0.76932496, 0.6313661, -0.09754949), (0.76932496, 0.6313661, -0.09754949), (0.76932496, 0.6313661, -0.09754949), (0.76932496, 0.6313661, -0.09754949), (0.22539197, 0.18496954, 0.95654833), (0.22539197, 0.18496954, 0.95654833), (0.22539197, 0.18496954, 0.95654833), (0.22539197, 0.18496954, 0.95654833), (0.4172966, 0.22304901, -0.88097256), (0.4172966, 0.22304901, -0.88097256), (0.4172966, 0.22304901, -0.88097256), (0.4172966, 0.22304901, -0.88097256), (0.84428835, 0.4512801, 0.2890041), (0.84428835, 0.4512801, 0.2890041), (0.84428835, 0.4512801, 0.2890041), (0.84428835, 0.4512801, 0.2890041), (0.2571443, 0.13744484, -0.9565488), (0.2571443, 0.13744484, -0.9565488), (0.2571443, 0.13744484, -0.9565488), (0.2571443, 0.13744484, -0.9565488), (0.87771386, 0.46915057, 0.097550236), (0.87771386, 0.46915057, 0.097550236), (0.87771386, 0.46915057, 0.097550236), (0.87771386, 0.46915057, 0.097550236), (0.0868484, 0.04642717, 0.99513906), (0.0868484, 0.04642717, 0.99513906), (0.0868484, 0.04642717, 0.99513906), (0.08687109, 0.046427082, -0.99513716), (0.08687109, 0.046427082, -0.99513716), (0.08687109, 0.046427082, -0.99513716), (0.8777154, 0.46914792, -0.097549684), (0.8777154, 0.46914792, -0.097549684), (0.8777154, 0.46914792, -0.097549684), (0.8777154, 0.46914792, -0.097549684), (0.2571395, 0.13744502, 0.9565501), (0.2571395, 0.13744502, 0.9565501), (0.2571395, 0.13744502, 0.9565501), (0.2571395, 0.13744502, 0.9565501), (0.84428734, 0.4512816, -0.28900504), (0.84428734, 0.4512816, -0.28900504), (0.84428734, 0.4512816, -0.28900504), (0.84428734, 0.4512816, -0.28900504), (0.41729397, 0.22304931, 0.8809737), (0.41729397, 0.22304931, 0.8809737), (0.41729397, 0.22304931, 0.8809737), (0.41729397, 0.22304931, 0.8809737), (0.7786163, 0.4161798, -0.4696286), (0.7786163, 0.4161798, -0.4696286), (0.7786163, 0.4161798, -0.4696286), (0.7786163, 0.4161798, -0.4696286), (0.56110114, 0.29991344, 0.77150345), (0.56110114, 0.29991344, 0.77150345), (0.56110114, 0.29991344, 0.77150345), (0.56110114, 0.29991344, 0.77150345), (0.68305355, 0.3651021, -0.6325649), (0.68305355, 0.3651021, -0.6325649), (0.68305355, 0.3651021, -0.6325649), (0.68305355, 0.3651021, -0.6325649), (0.6830555, 0.36510113, 0.63256323), (0.6830555, 0.36510113, 0.63256323), (0.6830555, 0.36510113, 0.63256323), (0.6830555, 0.36510113, 0.63256323), (0.56109613, 0.29991454, -0.7715064), (0.56109613, 0.29991454, -0.7715064), (0.56109613, 0.29991454, -0.7715064), (0.56109613, 0.29991454, -0.7715064), (0.77861667, 0.41617957, 0.4696282), (0.77861667, 0.41617957, 0.4696282), (0.77861667, 0.41617957, 0.4696282), (0.77861667, 0.41617957, 0.4696282), (0.45279348, 0.13735278, 0.8809723), (0.45279348, 0.13735278, 0.8809723), (0.45279348, 0.13735278, 0.8809723), (0.45279348, 0.13735278, 0.8809723), (0.8448494, 0.25628087, -0.46962696), (0.8448494, 0.25628087, -0.46962696), (0.8448494, 0.25628087, -0.46962696), (0.8448494, 0.25628087, -0.46962696), (0.60882735, 0.18468611, 0.7715052), (0.60882735, 0.18468611, 0.7715052), (0.60882735, 0.18468611, 0.7715052), (0.60882735, 0.18468611, 0.7715052), (0.7411589, 0.22482775, -0.63256305), (0.7411589, 0.22482775, -0.63256305), (0.7411589, 0.22482775, -0.63256305), (0.7411589, 0.22482775, -0.63256305), (0.7411585, 0.22482792, 0.63256353), (0.7411585, 0.22482792, 0.63256353), (0.7411585, 0.22482792, 0.63256353), (0.7411585, 0.22482792, 0.63256353), (0.6088251, 0.18468651, -0.77150685), (0.6088251, 0.18468651, -0.77150685), (0.6088251, 0.18468651, -0.77150685), (0.6088251, 0.18468651, -0.77150685), (0.84484905, 0.25628114, 0.46962747), (0.84484905, 0.25628114, 0.46962747), (0.84484905, 0.25628114, 0.46962747), (0.84484905, 0.25628114, 0.46962747), (0.45279476, 0.13735269, -0.8809718), (0.45279476, 0.13735269, -0.8809718), (0.45279476, 0.13735269, -0.8809718), (0.45279476, 0.13735269, -0.8809718), (0.9161063, 0.27789643, 0.28900334), (0.9161063, 0.27789643, 0.28900334), (0.9161063, 0.27789643, 0.28900334), (0.9161063, 0.27789643, 0.28900334), (0.2790147, 0.08463816, -0.9565496), (0.2790147, 0.08463816, -0.9565496), (0.2790147, 0.08463816, -0.9565496), (0.2790147, 0.08463816, -0.9565496), (0.9523764, 0.28889975, 0.09754973), (0.9523764, 0.28889975, 0.09754973), (0.9523764, 0.28889975, 0.09754973), (0.9523764, 0.28889975, 0.09754973), (0.09425324, 0.028589673, 0.9951376), (0.09425324, 0.028589673, 0.9951376), (0.09425324, 0.028589673, 0.9951376), (0.094238155, 0.028589718, -0.9951391), (0.094238155, 0.028589718, -0.9951391), (0.094238155, 0.028589718, -0.9951391), (0.95237637, 0.28890017, -0.09754988), (0.95237637, 0.28890017, -0.09754988), (0.95237637, 0.28890017, -0.09754988), (0.95237637, 0.28890017, -0.09754988), (0.27901706, 0.084638104, 0.9565489), (0.27901706, 0.084638104, 0.9565489), (0.27901706, 0.084638104, 0.9565489), (0.27901706, 0.084638104, 0.9565489), (0.91610485, 0.27789858, -0.2890057), (0.91610485, 0.27789858, -0.2890057), (0.91610485, 0.27789858, -0.2890057), (0.91610485, 0.27789858, -0.2890057), (0.9527177, 0.09383422, 0.28900504), (0.9527177, 0.09383422, 0.28900504), (0.9527177, 0.09383422, 0.28900504), (0.9527177, 0.09383422, 0.28900504), (0.29016283, 0.028578753, -0.9565505), (0.29016283, 0.028578753, -0.9565505), (0.29016283, 0.028578753, -0.9565505), (0.29016283, 0.028578753, -0.9565505), (0.9904384, 0.09754909, 0.0975497), (0.9904384, 0.09754909, 0.0975497), (0.9904384, 0.09754909, 0.0975497), (0.9904384, 0.09754909, 0.0975497), (0.0980089, 0.009653521, 0.99513865), (0.0980089, 0.009653521, 0.99513865), (0.0980089, 0.009653521, 0.99513865), (0.09801672, 0.009653514, -0.99513793), (0.09801672, 0.009653514, -0.99513793), (0.09801672, 0.009653514, -0.99513793), (0.9904382, 0.09754993, -0.09755054), (0.9904382, 0.09754993, -0.09755054), (0.9904382, 0.09754993, -0.09755054), (0.9904382, 0.09754993, -0.09755054), (0.29016468, 0.028578736, 0.95654994), (0.29016468, 0.028578736, 0.95654994), (0.29016468, 0.028578736, 0.95654994), (0.29016468, 0.028578736, 0.95654994), (0.9527181, 0.09383397, -0.28900427), (0.9527181, 0.09383397, -0.28900427), (0.9527181, 0.09383397, -0.28900427), (0.9527181, 0.09383397, -0.28900427), (0.47088987, 0.04637806, 0.8809721), (0.47088987, 0.04637806, 0.8809721), (0.47088987, 0.04637806, 0.8809721), (0.47088987, 0.04637806, 0.8809721), (0.8786119, 0.086535856, -0.46963024), (0.8786119, 0.086535856, -0.46963024), (0.8786119, 0.086535856, -0.46963024), (0.8786119, 0.086535856, -0.46963024), (0.6331598, 0.062360432, 0.7715049), (0.6331598, 0.062360432, 0.7715049), (0.6331598, 0.062360432, 0.7715049), (0.6331598, 0.062360432, 0.7715049), (0.77078015, 0.07591481, -0.6325623), (0.77078015, 0.07591481, -0.6325623), (0.77078015, 0.07591481, -0.6325623), (0.77078015, 0.07591481, -0.6325623), (0.7707787, 0.075914994, 0.6325638), (0.7707787, 0.075914994, 0.6325638), (0.7707787, 0.075914994, 0.6325638), (0.7707787, 0.075914994, 0.6325638), (0.6331596, 0.062360443, -0.7715051), (0.6331596, 0.062360443, -0.7715051), (0.6331596, 0.062360443, -0.7715051), (0.6331596, 0.062360443, -0.7715051), (0.8786143, 0.086535074, 0.46962598), (0.8786143, 0.086535074, 0.46962598), (0.8786143, 0.086535074, 0.46962598), (0.8786143, 0.086535074, 0.46962598), (0.4708869, 0.046378143, -0.88097364), (0.4708869, 0.046378143, -0.88097364), (0.4708869, 0.046378143, -0.88097364), (0.4708869, 0.046378143, -0.88097364), (0.87861294, -0.086535975, -0.4696285), (0.87861294, -0.086535975, -0.4696285), (0.87861294, -0.086535975, -0.4696285), (0.87861294, -0.086535975, -0.4696285), (0.6331587, -0.062361084, 0.7715058), (0.6331587, -0.062361084, 0.7715058), (0.6331587, -0.062361084, 0.7715058), (0.6331587, -0.062361084, 0.7715058), (0.77077913, -0.07591566, -0.63256335), (0.77077913, -0.07591566, -0.63256335), (0.77077913, -0.07591566, -0.63256335), (0.77077913, -0.07591566, -0.63256335), (0.7707787, -0.07591571, 0.63256377), (0.7707787, -0.07591571, 0.63256377), (0.7707787, -0.07591571, 0.63256377), (0.7707787, -0.07591571, 0.63256377), (0.63315946, -0.062361043, -0.77150524), (0.63315946, -0.062361043, -0.77150524), (0.63315946, -0.062361043, -0.77150524), (0.63315946, -0.062361043, -0.77150524), (0.8786131, -0.08653586, 0.46962795), (0.8786131, -0.08653586, 0.46962795), (0.8786131, -0.08653586, 0.46962795), (0.8786131, -0.08653586, 0.46962795), (0.4708889, -0.046378497, -0.88097256), (0.4708889, -0.046378497, -0.88097256), (0.4708889, -0.046378497, -0.88097256), (0.4708889, -0.046378497, -0.88097256), (0.9527175, -0.09383483, 0.28900588), (0.9527175, -0.09383483, 0.28900588), (0.9527175, -0.09383483, 0.28900588), (0.9527175, -0.09383483, 0.28900588), (0.29016694, -0.028578876, -0.95654917), (0.29016694, -0.028578876, -0.95654917), (0.29016694, -0.028578876, -0.95654917), (0.29016694, -0.028578876, -0.95654917), (0.9904383, -0.09754986, 0.097550236), (0.9904383, -0.09754986, 0.097550236), (0.9904383, -0.09754986, 0.097550236), (0.9904383, -0.09754986, 0.097550236), (0.09801672, -0.009653604, 0.99513793), (0.09801672, -0.009653604, 0.99513793), (0.09801672, -0.009653604, 0.99513793), (0.09801672, -0.009653604, -0.99513793), (0.09801672, -0.009653604, -0.99513793), (0.09801672, -0.009653604, -0.99513793), (0.9904383, -0.09754967, -0.09755004), (0.9904383, -0.09754967, -0.09755004), (0.9904383, -0.09754967, -0.09755004), (0.9904383, -0.09754967, -0.09755004), (0.29016224, -0.028578918, 0.9565506), (0.29016224, -0.028578918, 0.9565506), (0.29016224, -0.028578918, 0.9565506), (0.29016224, -0.028578918, 0.9565506), (0.9527179, -0.093834415, -0.28900456), (0.9527179, -0.093834415, -0.28900456), (0.9527179, -0.093834415, -0.28900456), (0.9527179, -0.093834415, -0.28900456), (0.47089258, -0.04637839, 0.88097054), (0.47089258, -0.04637839, 0.88097054), (0.47089258, -0.04637839, 0.88097054), (0.47089258, -0.04637839, 0.88097054), (0.27901706, -0.08463827, -0.95654887), (0.27901706, -0.08463827, -0.95654887), (0.27901706, -0.08463827, -0.95654887), (0.27901706, -0.08463827, -0.95654887), (0.9523758, -0.28890142, 0.0975506), (0.9523758, -0.28890142, 0.0975506), (0.9523758, -0.28890142, 0.0975506), (0.9523758, -0.28890142, 0.0975506), (0.094253264, -0.028589739, 0.9951376), (0.094253264, -0.028589739, 0.9951376), (0.094253264, -0.028589739, 0.9951376), (0.09423818, -0.028589783, -0.9951391), (0.09423818, -0.028589783, -0.9951391), (0.09423818, -0.028589783, -0.9951391), (0.95237637, -0.28889993, -0.0975501), (0.95237637, -0.28889993, -0.0975501), (0.95237637, -0.28889993, -0.0975501), (0.95237637, -0.28889993, -0.0975501), (0.27900758, -0.08463851, 0.9565517), (0.27900758, -0.08463851, 0.9565517), (0.27900758, -0.08463851, 0.9565517), (0.27900758, -0.08463851, 0.9565517), (0.91610533, -0.2778981, -0.28900474), (0.91610533, -0.2778981, -0.28900474), (0.91610533, -0.2778981, -0.28900474), (0.91610533, -0.2778981, -0.28900474), (0.45279366, -0.13735303, 0.8809722), (0.45279366, -0.13735303, 0.8809722), (0.45279366, -0.13735303, 0.8809722), (0.45279366, -0.13735303, 0.8809722), (0.84484845, -0.25628233, -0.469628), (0.84484845, -0.25628233, -0.469628), (0.84484845, -0.25628233, -0.469628), (0.84484845, -0.25628233, -0.469628), (0.6088281, -0.1846863, 0.77150446), (0.6088281, -0.1846863, 0.77150446), (0.6088281, -0.1846863, 0.77150446), (0.6088281, -0.1846863, 0.77150446), (0.7411587, -0.22482818, -0.632563), (0.7411587, -0.22482818, -0.632563), (0.7411587, -0.22482818, -0.632563), (0.7411587, -0.22482818, -0.632563), (0.7411587, -0.22482818, 0.63256305), (0.7411587, -0.22482818, 0.63256305), (0.7411587, -0.22482818, 0.63256305), (0.7411587, -0.22482818, 0.63256305), (0.6088282, -0.18468632, -0.77150446), (0.6088282, -0.18468632, -0.77150446), (0.6088282, -0.18468632, -0.77150446), (0.6088282, -0.18468632, -0.77150446), (0.8448489, -0.25628194, 0.46962735), (0.8448489, -0.25628194, 0.46962735), (0.8448489, -0.25628194, 0.46962735), (0.8448489, -0.25628194, 0.46962735), (0.45279366, -0.13735303, -0.8809722), (0.45279366, -0.13735303, -0.8809722), (0.45279366, -0.13735303, -0.8809722), (0.45279366, -0.13735303, -0.8809722), (0.9161054, -0.27789786, 0.2890045), (0.9161054, -0.27789786, 0.2890045), (0.9161054, -0.27789786, 0.2890045), (0.9161054, -0.27789786, 0.2890045), (0.6830566, -0.36510113, -0.63256204), (0.6830566, -0.36510113, -0.63256204), (0.6830566, -0.36510113, -0.63256204), (0.6830566, -0.36510113, -0.63256204), (0.6830555, -0.3651016, 0.63256294), (0.6830555, -0.3651016, 0.63256294), (0.6830555, -0.3651016, 0.63256294), (0.6830555, -0.3651016, 0.63256294), (0.56109947, -0.29991412, -0.7715042), (0.56109947, -0.29991412, -0.7715042), (0.56109947, -0.29991412, -0.7715042), (0.56109947, -0.29991412, -0.7715042), (0.77861625, -0.4161802, 0.46962845), (0.77861625, -0.4161802, 0.46962845), (0.77861625, -0.4161802, 0.46962845), (0.77861625, -0.4161802, 0.46962845), (0.41729426, -0.22304946, -0.88097364), (0.41729426, -0.22304946, -0.88097364), (0.41729426, -0.22304946, -0.88097364), (0.41729426, -0.22304946, -0.88097364), (0.8442862, -0.45128304, 0.28900576), (0.8442862, -0.45128304, 0.28900576), (0.8442862, -0.45128304, 0.28900576), (0.8442862, -0.45128304, 0.28900576), (0.25713474, -0.13744538, -0.9565513), (0.25713474, -0.13744538, -0.9565513), (0.25713474, -0.13744538, -0.9565513), (0.25713474, -0.13744538, -0.9565513), (0.8777159, -0.46914685, 0.0975499), (0.8777159, -0.46914685, 0.0975499), (0.8777159, -0.46914685, 0.0975499), (0.8777159, -0.46914685, 0.0975499), (0.08684844, -0.046427254, 0.99513906), (0.08684844, -0.046427254, 0.99513906), (0.08684844, -0.046427254, 0.99513906), (0.08687869, -0.04642713, -0.99513644), (0.08687869, -0.04642713, -0.99513644), (0.08687869, -0.04642713, -0.99513644), (0.87771386, -0.46915057, -0.09755067), (0.87771386, -0.46915057, -0.09755067), (0.87771386, -0.46915057, -0.09755067), (0.87771386, -0.46915057, -0.09755067), (0.25713474, -0.13744539, 0.9565513), (0.25713474, -0.13744539, 0.9565513), (0.25713474, -0.13744539, 0.9565513), (0.25713474, -0.13744539, 0.9565513), (0.8442874, -0.45128158, -0.28900483), (0.8442874, -0.45128158, -0.28900483), (0.8442874, -0.45128158, -0.28900483), (0.8442874, -0.45128158, -0.28900483), (0.4172995, -0.22304888, 0.8809712), (0.4172995, -0.22304888, 0.8809712), (0.4172995, -0.22304888, 0.8809712), (0.4172995, -0.22304888, 0.8809712), (0.7786175, -0.4161791, -0.46962714), (0.7786175, -0.4161791, -0.46962714), (0.7786175, -0.4161791, -0.46962714), (0.7786175, -0.4161791, -0.46962714), (0.5610979, -0.29991454, 0.77150536), (0.5610979, -0.29991454, 0.77150536), (0.5610979, -0.29991454, 0.77150536), (0.5610979, -0.29991454, 0.77150536), (0.076152205, -0.06248042, 0.9951367), (0.076152205, -0.06248042, 0.9951367), (0.076152205, -0.06248042, 0.9951367), (0.07612949, -0.06248053, -0.9951384), (0.07612949, -0.06248053, -0.9951384), (0.07612949, -0.06248053, -0.9951384), (0.7693225, -0.63136905, -0.097550236), (0.7693225, -0.63136905, -0.097550236), (0.7693225, -0.63136905, -0.097550236), (0.7693225, -0.63136905, -0.097550236), (0.22540182, -0.18496928, 0.956546), (0.22540182, -0.18496928, 0.956546), (0.22540182, -0.18496928, 0.956546), (0.22540182, -0.18496928, 0.956546), (0.7400237, -0.6073226, -0.28900552), (0.7400237, -0.6073226, -0.28900552), (0.7400237, -0.6073226, -0.28900552), (0.7400237, -0.6073226, -0.28900552), (0.36575788, -0.30017442, 0.8809747), (0.36575788, -0.30017442, 0.8809747), (0.36575788, -0.30017442, 0.8809747), (0.36575788, -0.30017442, 0.8809747), (0.68246394, -0.56008315, -0.46962735), (0.68246394, -0.56008315, -0.46962735), (0.68246394, -0.56008315, -0.46962735), (0.68246394, -0.56008315, -0.46962735), (0.49181026, -0.40361536, 0.7715033), (0.49181026, -0.40361536, 0.7715033), (0.49181026, -0.40361536, 0.7715033), (0.49181026, -0.40361536, 0.7715033), (0.59870255, -0.49134398, -0.63256335), (0.59870255, -0.49134398, -0.63256335), (0.59870255, -0.49134398, -0.63256335), (0.59870255, -0.49134398, -0.63256335), (0.5987025, -0.49134392, 0.6325634), (0.5987025, -0.49134392, 0.6325634), (0.5987025, -0.49134392, 0.6325634), (0.5987025, -0.49134392, 0.6325634), (0.49181023, -0.40361533, -0.7715033), (0.49181023, -0.40361533, -0.7715033), (0.49181023, -0.40361533, -0.7715033), (0.49181023, -0.40361533, -0.7715033), (0.68246216, -0.56008446, 0.46962833), (0.68246216, -0.56008446, 0.46962833), (0.68246216, -0.56008446, 0.46962833), (0.68246216, -0.56008446, 0.46962833), (0.36576337, -0.30017373, -0.8809727), (0.36576337, -0.30017373, -0.8809727), (0.36576337, -0.30017373, -0.8809727), (0.36576337, -0.30017373, -0.8809727), (0.7400237, -0.6073226, 0.28900552), (0.7400237, -0.6073226, 0.28900552), (0.7400237, -0.6073226, 0.28900552), (0.7400237, -0.6073226, 0.28900552), (0.22539206, -0.18496971, -0.9565483), (0.22539206, -0.18496971, -0.9565483), (0.22539206, -0.18496971, -0.9565483), (0.22539206, -0.18496971, -0.9565483), (0.7693244, -0.63136667, 0.09754986), (0.7693244, -0.63136667, 0.09754986), (0.7693244, -0.63136667, 0.09754986), (0.7693244, -0.63136667, 0.09754986), (0.49133942, -0.5987052, 0.6325643), (0.49133942, -0.5987052, 0.6325643), (0.49133942, -0.5987052, 0.6325643), (0.49133942, -0.5987052, 0.6325643), (0.4036145, -0.49180794, -0.7715051), (0.4036145, -0.49180794, -0.7715051), (0.4036145, -0.49180794, -0.7715051), (0.4036145, -0.49180794, -0.7715051), (0.5600862, -0.6824619, 0.46962658), (0.5600862, -0.6824619, 0.46962658), (0.5600862, -0.6824619, 0.46962658), (0.5600862, -0.6824619, 0.46962658), (0.3001747, -0.36576277, -0.88097256), (0.3001747, -0.36576277, -0.88097256), (0.3001747, -0.36576277, -0.88097256), (0.3001747, -0.36576277, -0.88097256), (0.60732013, -0.74002576, 0.28900534), (0.60732013, -0.74002576, 0.28900534), (0.60732013, -0.74002576, 0.28900534), (0.60732013, -0.74002576, 0.28900534), (0.18496937, -0.22538657, -0.9565496), (0.18496937, -0.22538657, -0.9565496), (0.18496937, -0.22538657, -0.9565496), (0.18496937, -0.22538657, -0.9565496), (0.6313678, -0.7693235, 0.097550265), (0.6313678, -0.7693235, 0.097550265), (0.6313678, -0.7693235, 0.097550265), (0.6313678, -0.7693235, 0.097550265), (0.06246993, -0.0761327, 0.9951388), (0.06246993, -0.0761327, 0.9951388), (0.06246993, -0.0761327, 0.9951388), (0.06246234, -0.07613274, -0.9951393), (0.06246234, -0.07613274, -0.9951393), (0.06246234, -0.07613274, -0.9951393), (0.63136756, -0.76932365, -0.09755047), (0.63136756, -0.76932365, -0.09755047), (0.63136756, -0.76932365, -0.09755047), (0.63136756, -0.76932365, -0.09755047), (0.18495943, -0.22538699, 0.95655143), (0.18495943, -0.22538699, 0.95655143), (0.18495943, -0.22538699, 0.95655143), (0.18495943, -0.22538699, 0.95655143), (0.6073211, -0.74002504, -0.28900528), (0.6073211, -0.74002504, -0.28900528), (0.6073211, -0.74002504, -0.28900528), (0.6073211, -0.74002504, -0.28900528), (0.300169, -0.3657635, 0.8809743), (0.300169, -0.3657635, 0.8809743), (0.300169, -0.3657635, 0.8809743), (0.300169, -0.3657635, 0.8809743), (0.5600839, -0.6824633, -0.4696275), (0.5600839, -0.6824633, -0.4696275), (0.5600839, -0.6824633, -0.4696275), (0.5600839, -0.6824633, -0.4696275), (0.40362635, -0.49180523, 0.7715007), (0.40362635, -0.49180523, 0.7715007), (0.40362635, -0.49180523, 0.7715007), (0.40362635, -0.49180523, 0.7715007), (0.4913453, -0.5987029, -0.63256204), (0.4913453, -0.5987029, -0.63256204), (0.4913453, -0.5987029, -0.63256204), (0.4913453, -0.5987029, -0.63256204), (0.46914783, -0.87771535, -0.09755015), (0.46914783, -0.87771535, -0.09755015), (0.46914783, -0.87771535, -0.09755015), (0.46914783, -0.87771535, -0.09755015), (0.13745898, -0.25714114, 0.9565477), (0.13745898, -0.25714114, 0.9565477), (0.13745898, -0.25714114, 0.9565477), (0.13745898, -0.25714114, 0.9565477), (0.45128036, -0.8442878, -0.28900525), (0.45128036, -0.8442878, -0.28900525), (0.45128036, -0.8442878, -0.28900525), (0.45128036, -0.8442878, -0.28900525), (0.22304718, -0.41729584, 0.8809734), (0.22304718, -0.41729584, 0.8809734), (0.22304718, -0.41729584, 0.8809734), (0.22304718, -0.41729584, 0.8809734), (0.41617936, -0.77861714, -0.4696275), (0.41617936, -0.77861714, -0.4696275), (0.41617936, -0.77861714, -0.4696275), (0.41617936, -0.77861714, -0.4696275), (0.29991457, -0.56109935, 0.77150416), (0.29991457, -0.56109935, 0.77150416), (0.29991457, -0.56109935, 0.77150416), (0.29991457, -0.56109935, 0.77150416), (0.36509886, -0.6830566, -0.6325634), (0.36509886, -0.6830566, -0.6325634), (0.36509886, -0.6830566, -0.6325634), (0.36509886, -0.6830566, -0.6325634), (0.3651023, -0.6830558, 0.6325624), (0.3651023, -0.6830558, 0.6325624), (0.3651023, -0.6830558, 0.6325624), (0.3651023, -0.6830558, 0.6325624), (0.29991886, -0.5610986, -0.7715031), (0.29991886, -0.5610986, -0.7715031), (0.29991886, -0.5610986, -0.7715031), (0.29991886, -0.5610986, -0.7715031), (0.41617933, -0.7786171, 0.46962768), (0.41617933, -0.7786171, 0.46962768), (0.41617933, -0.7786171, 0.46962768), (0.41617933, -0.7786171, 0.46962768), (0.22304115, -0.4172964, -0.8809746), (0.22304115, -0.4172964, -0.8809746), (0.22304115, -0.4172964, -0.8809746), (0.22304115, -0.4172964, -0.8809746), (0.45128036, -0.8442878, 0.28900525), (0.45128036, -0.8442878, 0.28900525), (0.45128036, -0.8442878, 0.28900525), (0.45128036, -0.8442878, 0.28900525), (0.13743877, -0.25714183, -0.95655036), (0.13743877, -0.25714183, -0.95655036), (0.13743877, -0.25714183, -0.95655036), (0.13743877, -0.25714183, -0.95655036), (0.46914783, -0.87771535, 0.09755015), (0.46914783, -0.87771535, 0.09755015), (0.46914783, -0.87771535, 0.09755015), (0.46914783, -0.87771535, 0.09755015), (0.046380196, -0.08685935, 0.9951404), (0.046380196, -0.08685935, 0.9951404), (0.046380196, -0.08685935, 0.9951404), (0.04644101, -0.08685911, -0.9951375), (0.04644101, -0.08685911, -0.9951375), (0.04644101, -0.08685911, -0.9951375), (0.18468301, -0.6088287, -0.771505), (0.18468301, -0.6088287, -0.771505), (0.18468301, -0.6088287, -0.771505), (0.18468301, -0.6088287, -0.771505), (0.25628072, -0.844849, 0.46962783), (0.25628072, -0.844849, 0.46962783), (0.25628072, -0.844849, 0.46962783), (0.25628072, -0.844849, 0.46962783), (0.13735507, -0.45279196, -0.88097274), (0.13735507, -0.45279196, -0.88097274), (0.13735507, -0.45279196, -0.88097274), (0.13735507, -0.45279196, -0.88097274), (0.27789703, -0.91610545, 0.2890051), (0.27789703, -0.91610545, 0.2890051), (0.27789703, -0.91610545, 0.2890051), (0.27789703, -0.91610545, 0.2890051), (0.084631525, -0.27901515, -0.95655006), (0.084631525, -0.27901515, -0.95655006), (0.084631525, -0.27901515, -0.95655006), (0.084631525, -0.27901515, -0.95655006), (0.28889993, -0.9523764, 0.09754981), (0.28889993, -0.9523764, 0.09754981), (0.28889993, -0.9523764, 0.09754981), (0.28889993, -0.9523764, 0.09754981), (0.028583791, -0.09424768, 0.99513835), (0.028583791, -0.09424768, 0.99513835), (0.028583791, -0.09424768, 0.99513835), (0.028583791, -0.09424768, -0.99513835), (0.028583791, -0.09424768, -0.99513835), (0.028583791, -0.09424768, -0.99513835), (0.28890026, -0.9523763, -0.097549796), (0.28890026, -0.9523763, -0.097549796), (0.28890026, -0.9523763, -0.097549796), (0.28890026, -0.9523763, -0.097549796), (0.084651954, -0.27901468, 0.95654845), (0.084651954, -0.27901468, 0.95654845), (0.084651954, -0.27901468, 0.95654845), (0.084651954, -0.27901468, 0.95654845), (0.27789703, -0.91610545, -0.2890051), (0.27789703, -0.91610545, -0.2890051), (0.27789703, -0.91610545, -0.2890051), (0.27789703, -0.91610545, -0.2890051), (0.13735507, -0.45279196, 0.88097274), (0.13735507, -0.45279196, 0.88097274), (0.13735507, -0.45279196, 0.88097274), (0.13735507, -0.45279196, 0.88097274), (0.25628072, -0.844849, -0.46962783), (0.25628072, -0.844849, -0.46962783), (0.25628072, -0.844849, -0.46962783), (0.25628072, -0.844849, -0.46962783), (0.18468753, -0.6088281, 0.7715042), (0.18468753, -0.6088281, 0.7715042), (0.18468753, -0.6088281, 0.7715042), (0.18468753, -0.6088281, 0.7715042), (0.2248265, -0.7411595, -0.6325627), (0.2248265, -0.7411595, -0.6325627), (0.2248265, -0.7411595, -0.6325627), (0.2248265, -0.7411595, -0.6325627), (0.22483014, -0.74115884, 0.63256234), (0.22483014, -0.74115884, 0.63256234), (0.22483014, -0.74115884, 0.63256234), (0.22483014, -0.74115884, 0.63256234), (0.028573925, -0.2901659, 0.9565497), (0.028573925, -0.2901659, 0.9565497), (0.028573925, -0.2901659, 0.9565497), (0.028573925, -0.2901659, 0.9565497), (0.09383451, -0.9527178, -0.2890051), (0.09383451, -0.9527178, -0.2890051), (0.09383451, -0.9527178, -0.2890051), (0.09383451, -0.9527178, -0.2890051), (0.046359003, -0.47088873, 0.8809737), (0.046359003, -0.47088873, 0.8809737), (0.046359003, -0.47088873, 0.8809737), (0.046359003, -0.47088873, 0.8809737), (0.08653589, -0.87861323, -0.4696278), (0.08653589, -0.87861323, -0.4696278), (0.08653589, -0.87861323, -0.4696278), (0.08653589, -0.87861323, -0.4696278), (0.062369194, -0.6331598, 0.77150416), (0.062369194, -0.6331598, 0.77150416), (0.062369194, -0.6331598, 0.77150416), (0.062369194, -0.6331598, 0.77150416), (0.07591183, -0.77078015, -0.6325625), (0.07591183, -0.77078015, -0.6325625), (0.07591183, -0.77078015, -0.6325625), (0.07591183, -0.77078015, -0.6325625), (0.07591566, -0.7707799, 0.63256234), (0.07591566, -0.7707799, 0.63256234), (0.07591566, -0.7707799, 0.63256234), (0.07591566, -0.7707799, 0.63256234), (0.062359832, -0.6331602, -0.7715046), (0.062359832, -0.6331602, -0.7715046), (0.062359832, -0.6331602, -0.7715046), (0.062359832, -0.6331602, -0.7715046), (0.08653255, -0.87861353, 0.46962795), (0.08653255, -0.87861353, 0.46962795), (0.08653255, -0.87861353, 0.46962795), (0.08653255, -0.87861353, 0.46962795), (0.04638427, -0.4708882, -0.8809727), (0.04638427, -0.4708882, -0.8809727), (0.04638427, -0.4708882, -0.8809727), (0.04638427, -0.4708882, -0.8809727), (0.09383451, -0.9527178, 0.2890051), (0.09383451, -0.9527178, 0.2890051), (0.09383451, -0.9527178, 0.2890051), (0.09383451, -0.9527178, 0.2890051), (0.028594477, -0.2901657, -0.95654905), (0.028594477, -0.2901657, -0.95654905), (0.028594477, -0.2901657, -0.95654905), (0.028594477, -0.2901657, -0.95654905), (0.097549394, -0.9904384, 0.097549774), (0.097549394, -0.9904384, 0.097549774), (0.097549394, -0.9904384, 0.097549774), (0.097549394, -0.9904384, 0.097549774), (0.009629507, -0.0980143, 0.99513835), (0.009629507, -0.0980143, 0.99513835), (0.009629507, -0.0980143, 0.99513835), (0.009622842, -0.09801432, -0.99513847), (0.009622842, -0.09801432, -0.99513847), (0.009622842, -0.09801432, -0.99513847), (0.097549394, -0.9904384, -0.097549774), (0.097549394, -0.9904384, -0.097549774), (0.097549394, -0.9904384, -0.097549774), (0.097549394, -0.9904384, -0.097549774), (-0.08653257, -0.8786137, 0.46962768), (-0.08653257, -0.8786137, 0.46962768), (-0.08653257, -0.8786137, 0.46962768), (-0.08653257, -0.8786137, 0.46962768), (-0.046384286, -0.47088826, -0.8809726), (-0.046384286, -0.47088826, -0.8809726), (-0.046384286, -0.47088826, -0.8809726), (-0.046384286, -0.47088826, -0.8809726), (-0.09383451, -0.9527177, 0.28900543), (-0.09383451, -0.9527177, 0.28900543), (-0.09383451, -0.9527177, 0.28900543), (-0.09383451, -0.9527177, 0.28900543), (-0.028573921, -0.29016584, -0.9565497), (-0.028573921, -0.29016584, -0.9565497), (-0.028573921, -0.29016584, -0.9565497), (-0.028573921, -0.29016584, -0.9565497), (-0.09754977, -0.9904384, 0.09754969), (-0.09754977, -0.9904384, 0.09754969), (-0.09754977, -0.9904384, 0.09754969), (-0.09754977, -0.9904384, 0.09754969), (-0.0096295085, -0.09801431, 0.9951384), (-0.0096295085, -0.09801431, 0.9951384), (-0.0096295085, -0.09801431, 0.9951384), (-0.009604752, -0.09801434, -0.99513865), (-0.009604752, -0.09801434, -0.99513865), (-0.009604752, -0.09801434, -0.99513865), (-0.097549394, -0.9904384, -0.09754969), (-0.097549394, -0.9904384, -0.09754969), (-0.097549394, -0.9904384, -0.09754969), (-0.097549394, -0.9904384, -0.09754969), (-0.028573921, -0.29016584, 0.9565497), (-0.028573921, -0.29016584, 0.9565497), (-0.028573921, -0.29016584, 0.9565497), (-0.028573921, -0.29016584, 0.9565497), (-0.09383451, -0.9527177, -0.28900543), (-0.09383451, -0.9527177, -0.28900543), (-0.09383451, -0.9527177, -0.28900543), (-0.09383451, -0.9527177, -0.28900543), (-0.046371646, -0.47088847, 0.88097316), (-0.046371646, -0.47088847, 0.88097316), (-0.046371646, -0.47088847, 0.88097316), (-0.046371646, -0.47088847, 0.88097316), (-0.08653926, -0.8786131, -0.46962735), (-0.08653926, -0.8786131, -0.46962735), (-0.08653926, -0.8786131, -0.46962735), (-0.08653926, -0.8786131, -0.46962735), (-0.062364556, -0.63316035, 0.77150416), (-0.062364556, -0.63316035, 0.77150416), (-0.062364556, -0.63316035, 0.77150416), (-0.062364556, -0.63316035, 0.77150416), (-0.07591562, -0.77077943, -0.63256294), (-0.07591562, -0.77077943, -0.63256294), (-0.07591562, -0.77077943, -0.63256294), (-0.07591562, -0.77077943, -0.63256294), (-0.07591561, -0.7707793, 0.6325631), (-0.07591561, -0.7707793, 0.6325631), (-0.07591561, -0.7707793, 0.6325631), (-0.07591561, -0.7707793, 0.6325631), (-0.062355194, -0.6331607, -0.7715046), (-0.062355194, -0.6331607, -0.7715046), (-0.062355194, -0.6331607, -0.7715046), (-0.062355194, -0.6331607, -0.7715046), (-0.27789712, -0.9161053, -0.28900573), (-0.27789712, -0.9161053, -0.28900573), (-0.27789712, -0.9161053, -0.28900573), (-0.27789712, -0.9161053, -0.28900573), (-0.1373551, -0.45279196, 0.88097274), (-0.1373551, -0.45279196, 0.88097274), (-0.1373551, -0.45279196, 0.88097274), (-0.1373551, -0.45279196, 0.88097274), (-0.2562808, -0.84484905, -0.46962783), (-0.2562808, -0.84484905, -0.46962783), (-0.2562808, -0.84484905, -0.46962783), (-0.2562808, -0.84484905, -0.46962783), (-0.18468758, -0.60882837, 0.7715039), (-0.18468758, -0.60882837, 0.7715039), (-0.18468758, -0.60882837, 0.7715039), (-0.18468758, -0.60882837, 0.7715039), (-0.2248301, -0.7411587, -0.63256234), (-0.2248301, -0.7411587, -0.63256234), (-0.2248301, -0.7411587, -0.63256234), (-0.2248301, -0.7411587, -0.63256234), (-0.22483008, -0.74115866, 0.6325625), (-0.22483008, -0.74115866, 0.6325625), (-0.22483008, -0.74115866, 0.6325625), (-0.22483008, -0.74115866, 0.6325625), (-0.18468308, -0.608829, -0.7715046), (-0.18468308, -0.608829, -0.7715046), (-0.18468308, -0.608829, -0.7715046), (-0.18468308, -0.608829, -0.7715046), (-0.2562808, -0.84484905, 0.46962783), (-0.2562808, -0.84484905, 0.46962783), (-0.2562808, -0.84484905, 0.46962783), (-0.2562808, -0.84484905, 0.46962783), (-0.13735513, -0.45279205, -0.88097274), (-0.13735513, -0.45279205, -0.88097274), (-0.13735513, -0.45279205, -0.88097274), (-0.13735513, -0.45279205, -0.88097274), (-0.27789712, -0.9161053, 0.28900573), (-0.27789712, -0.9161053, 0.28900573), (-0.27789712, -0.9161053, 0.28900573), (-0.27789712, -0.9161053, 0.28900573), (-0.08465194, -0.27901456, -0.95654845), (-0.08465194, -0.27901456, -0.95654845), (-0.08465194, -0.27901456, -0.95654845), (-0.08465194, -0.27901456, -0.95654845), (-0.28890043, -0.9523763, 0.097550124), (-0.28890043, -0.9523763, 0.097550124), (-0.28890043, -0.9523763, 0.097550124), (-0.28890043, -0.9523763, 0.097550124), (-0.028583791, -0.09424766, 0.99513835), (-0.028583791, -0.09424766, 0.99513835), (-0.028583791, -0.09424766, 0.99513835), (-0.028610433, -0.09424759, -0.9951376), (-0.028610433, -0.09424759, -0.9951376), (-0.028610433, -0.09424759, -0.9951376), (-0.28890043, -0.9523763, -0.097550124), (-0.28890043, -0.9523763, -0.097550124), (-0.28890043, -0.9523763, -0.097550124), (-0.28890043, -0.9523763, -0.097550124), (-0.08463151, -0.279015, 0.95655006), (-0.08463151, -0.279015, 0.95655006), (-0.08463151, -0.279015, 0.95655006), (-0.08463151, -0.279015, 0.95655006), (-0.22304724, -0.41729587, -0.88097346), (-0.22304724, -0.41729587, -0.88097346), (-0.22304724, -0.41729587, -0.88097346), (-0.22304724, -0.41729587, -0.88097346), (-0.45128152, -0.8442873, 0.28900513), (-0.45128152, -0.8442873, 0.28900513), (-0.45128152, -0.8442873, 0.28900513), (-0.45128152, -0.8442873, 0.28900513), (-0.13744898, -0.25714156, -0.956549), (-0.13744898, -0.25714156, -0.956549), (-0.13744898, -0.25714156, -0.956549), (-0.13744898, -0.25714156, -0.956549), (-0.46914876, -0.87771493, 0.09754999), (-0.46914876, -0.87771493, 0.09754999), (-0.46914876, -0.87771493, 0.09754999), (-0.46914876, -0.87771493, 0.09754999), (-0.04644101, -0.08685909, 0.9951375), (-0.04644101, -0.08685909, 0.9951375), (-0.04644101, -0.08685909, 0.9951375), (-0.04643721, -0.08685911, -0.99513775), (-0.04643721, -0.08685911, -0.99513775), (-0.04643721, -0.08685911, -0.99513775), (-0.4691467, -0.877716, -0.09755011), (-0.4691467, -0.877716, -0.09755011), (-0.4691467, -0.877716, -0.09755011), (-0.4691467, -0.877716, -0.09755011), (-0.13743885, -0.25714186, 0.9565504), (-0.13743885, -0.25714186, 0.9565504), (-0.13743885, -0.25714186, 0.9565504), (-0.13743885, -0.25714186, 0.9565504), (-0.45127904, -0.84428847, -0.28900573), (-0.45127904, -0.84428847, -0.28900573), (-0.45127904, -0.84428847, -0.28900573), (-0.45127904, -0.84428847, -0.28900573), (-0.22304718, -0.41729575, 0.8809734), (-0.22304718, -0.41729575, 0.8809734), (-0.22304718, -0.41729575, 0.8809734), (-0.22304718, -0.41729575, 0.8809734), (-0.41618085, -0.77861625, -0.4696277), (-0.41618085, -0.77861625, -0.4696277), (-0.41618085, -0.77861625, -0.4696277), (-0.41618085, -0.77861625, -0.4696277), (-0.29991466, -0.56109923, 0.7715042), (-0.29991466, -0.56109923, 0.7715042), (-0.29991466, -0.56109923, 0.7715042), (-0.29991466, -0.56109923, 0.7715042), (-0.36509907, -0.6830568, -0.63256305), (-0.36509907, -0.6830568, -0.63256305), (-0.36509907, -0.6830568, -0.63256305), (-0.36509907, -0.6830568, -0.63256305), (-0.36509904, -0.6830567, 0.63256323), (-0.36509904, -0.6830567, 0.63256323), (-0.36509904, -0.6830567, 0.63256323), (-0.36509904, -0.6830567, 0.63256323), (-0.29991895, -0.56109846, -0.7715032), (-0.29991895, -0.56109846, -0.7715032), (-0.29991895, -0.56109846, -0.7715032), (-0.29991895, -0.56109846, -0.7715032), (-0.41618225, -0.77861565, 0.46962756), (-0.41618225, -0.77861565, 0.46962756), (-0.41618225, -0.77861565, 0.46962756), (-0.41618225, -0.77861565, 0.46962756), (-0.56008524, -0.6824624, -0.46962708), (-0.56008524, -0.6824624, -0.46962708), (-0.56008524, -0.6824624, -0.46962708), (-0.56008524, -0.6824624, -0.46962708), (-0.4036187, -0.49180704, 0.77150357), (-0.4036187, -0.49180704, 0.77150357), (-0.4036187, -0.49180704, 0.77150357), (-0.4036187, -0.49180704, 0.77150357), (-0.49134263, -0.5987039, -0.6325631), (-0.49134263, -0.5987039, -0.6325631), (-0.49134263, -0.5987039, -0.6325631), (-0.49134263, -0.5987039, -0.6325631), (-0.49134263, -0.5987039, 0.6325631), (-0.49134263, -0.5987039, 0.6325631), (-0.49134263, -0.5987039, 0.6325631), (-0.49134263, -0.5987039, 0.6325631), (-0.40361485, -0.4918081, -0.7715049), (-0.40361485, -0.4918081, -0.7715049), (-0.40361485, -0.4918081, -0.7715049), (-0.40361485, -0.4918081, -0.7715049), (-0.56008404, -0.68246305, 0.46962762), (-0.56008404, -0.68246305, 0.46962762), (-0.56008404, -0.68246305, 0.46962762), (-0.56008404, -0.68246305, 0.46962762), (-0.30017474, -0.36576253, -0.88097274), (-0.30017474, -0.36576253, -0.88097274), (-0.30017474, -0.36576253, -0.88097274), (-0.30017474, -0.36576253, -0.88097274), (-0.6073215, -0.74002457, 0.28900555), (-0.6073215, -0.74002457, 0.28900555), (-0.6073215, -0.74002457, 0.28900555), (-0.6073215, -0.74002457, 0.28900555), (-0.18496937, -0.2253865, -0.9565497), (-0.18496937, -0.2253865, -0.9565497), (-0.18496937, -0.2253865, -0.9565497), (-0.18496937, -0.2253865, -0.9565497), (-0.63136905, -0.76932263, 0.09755001), (-0.63136905, -0.76932263, 0.09755001), (-0.63136905, -0.76932263, 0.09755001), (-0.63136905, -0.76932263, 0.09755001), (-0.06250031, -0.07613256, 0.9951369), (-0.06250031, -0.07613256, 0.9951369), (-0.06250031, -0.07613256, 0.9951369), (-0.06247754, -0.076132655, -0.99513835), (-0.06247754, -0.076132655, -0.99513835), (-0.06247754, -0.076132655, -0.99513835), (-0.63136876, -0.76932275, -0.09755021), (-0.63136876, -0.76932275, -0.09755021), (-0.63136876, -0.76932275, -0.09755021), (-0.63136876, -0.76932275, -0.09755021), (-0.18496937, -0.2253865, 0.9565497), (-0.18496937, -0.2253865, 0.9565497), (-0.18496937, -0.2253865, 0.9565497), (-0.18496937, -0.2253865, 0.9565497), (-0.6073205, -0.7400252, -0.28900582), (-0.6073205, -0.7400252, -0.28900582), (-0.6073205, -0.7400252, -0.28900582), (-0.6073205, -0.7400252, -0.28900582), (-0.30017468, -0.36576244, 0.88097274), (-0.30017468, -0.36576244, 0.88097274), (-0.30017468, -0.36576244, 0.88097274), (-0.30017468, -0.36576244, 0.88097274), (-0.22539222, -0.18496977, -0.9565483), (-0.22539222, -0.18496977, -0.9565483), (-0.22539222, -0.18496977, -0.9565483), (-0.22539222, -0.18496977, -0.9565483), (-0.76932317, -0.6313682, 0.097550295), (-0.76932317, -0.6313682, 0.097550295), (-0.76932317, -0.6313682, 0.097550295), (-0.76932317, -0.6313682, 0.097550295), (-0.07615224, -0.06248036, 0.9951367), (-0.07615224, -0.06248036, 0.9951367), (-0.07615224, -0.06248036, 0.9951367), (-0.07613709, -0.062480427, -0.9951379), (-0.07613709, -0.062480427, -0.9951379), (-0.07613709, -0.062480427, -0.9951379), (-0.7693227, -0.63136876, -0.09755038), (-0.7693227, -0.63136876, -0.09755038), (-0.7693227, -0.63136876, -0.09755038), (-0.7693227, -0.63136876, -0.09755038), (-0.22538243, -0.18497017, 0.9565504), (-0.22538243, -0.18497017, 0.9565504), (-0.22538243, -0.18497017, 0.9565504), (-0.22538243, -0.18497017, 0.9565504), (-0.7400242, -0.60732204, -0.28900537), (-0.7400242, -0.60732204, -0.28900537), (-0.7400242, -0.60732204, -0.28900537), (-0.7400242, -0.60732204, -0.28900537), (-0.36575806, -0.30017436, 0.88097465), (-0.36575806, -0.30017436, 0.88097465), (-0.36575806, -0.30017436, 0.88097465), (-0.36575806, -0.30017436, 0.88097465), (-0.6824625, -0.5600841, -0.46962824), (-0.6824625, -0.5600841, -0.46962824), (-0.6824625, -0.5600841, -0.46962824), (-0.6824625, -0.5600841, -0.46962824), (-0.4918105, -0.40361556, 0.77150303), (-0.4918105, -0.40361556, 0.77150303), (-0.4918105, -0.40361556, 0.77150303), (-0.4918105, -0.40361556, 0.77150303), (-0.5987065, -0.49134222, -0.6325609), (-0.5987065, -0.49134222, -0.6325609), (-0.5987065, -0.49134222, -0.6325609), (-0.5987065, -0.49134222, -0.6325609), (-0.59870523, -0.49134275, 0.63256186), (-0.59870523, -0.49134275, 0.63256186), (-0.59870523, -0.49134275, 0.63256186), (-0.59870523, -0.49134275, 0.63256186), (-0.49180874, -0.40361604, -0.7715039), (-0.49180874, -0.40361604, -0.7715039), (-0.49180874, -0.40361604, -0.7715039), (-0.49180874, -0.40361604, -0.7715039), (-0.6824625, -0.5600841, 0.46962836), (-0.6824625, -0.5600841, 0.46962836), (-0.6824625, -0.5600841, 0.46962836), (-0.6824625, -0.5600841, 0.46962836), (-0.36575797, -0.3001743, -0.88097465), (-0.36575797, -0.3001743, -0.88097465), (-0.36575797, -0.3001743, -0.88097465), (-0.36575797, -0.3001743, -0.88097465), (-0.7400256, -0.6073206, 0.2890047), (-0.7400256, -0.6073206, 0.2890047), (-0.7400256, -0.6073206, 0.2890047), (-0.7400256, -0.6073206, 0.2890047), (-0.56109864, -0.29991433, 0.77150494), (-0.56109864, -0.29991433, 0.77150494), (-0.56109864, -0.29991433, 0.77150494), (-0.56109864, -0.29991433, 0.77150494), (-0.683058, -0.3650999, -0.6325612), (-0.683058, -0.3650999, -0.6325612), (-0.683058, -0.3650999, -0.6325612), (-0.683058, -0.3650999, -0.6325612), (-0.683056, -0.36510092, 0.63256294), (-0.683056, -0.36510092, 0.63256294), (-0.683056, -0.36510092, 0.63256294), (-0.683056, -0.36510092, 0.63256294), (-0.5611003, -0.29991394, -0.7715038), (-0.5611003, -0.29991394, -0.7715038), (-0.5611003, -0.29991394, -0.7715038), (-0.5611003, -0.29991394, -0.7715038), (-0.77861726, -0.41617903, 0.46962765), (-0.77861726, -0.41617903, 0.46962765), (-0.77861726, -0.41617903, 0.46962765), (-0.77861726, -0.41617903, 0.46962765), (-0.4172943, -0.22304928, -0.88097364), (-0.4172943, -0.22304928, -0.88097364), (-0.4172943, -0.22304928, -0.88097364), (-0.4172943, -0.22304928, -0.88097364), (-0.84428746, -0.45128083, 0.28900555), (-0.84428746, -0.45128083, 0.28900555), (-0.84428746, -0.45128083, 0.28900555), (-0.84428746, -0.45128083, 0.28900555), (-0.2571445, -0.13744494, -0.9565488), (-0.2571445, -0.13744494, -0.9565488), (-0.2571445, -0.13744494, -0.9565488), (-0.2571445, -0.13744494, -0.9565488), (-0.8777155, -0.46914753, 0.09754993), (-0.8777155, -0.46914753, 0.09754993), (-0.8777155, -0.46914753, 0.09754993), (-0.8777155, -0.46914753, 0.09754993), (-0.08687874, -0.046427067, 0.99513644), (-0.08687874, -0.046427067, 0.99513644), (-0.08687874, -0.046427067, 0.99513644), (-0.086840935, -0.046427224, -0.9951398), (-0.086840935, -0.046427224, -0.9951398), (-0.086840935, -0.046427224, -0.9951398), (-0.8777143, -0.46914977, -0.0975504), (-0.8777143, -0.46914977, -0.0975504), (-0.8777143, -0.46914977, -0.0975504), (-0.8777143, -0.46914977, -0.0975504), (-0.25714454, -0.13744496, 0.9565487), (-0.25714454, -0.13744496, 0.9565487), (-0.25714454, -0.13744496, 0.9565487), (-0.25714454, -0.13744496, 0.9565487), (-0.84428793, -0.45128027, -0.28900513), (-0.84428793, -0.45128027, -0.28900513), (-0.84428793, -0.45128027, -0.28900513), (-0.84428793, -0.45128027, -0.28900513), (-0.41729692, -0.223049, 0.8809725), (-0.41729692, -0.223049, 0.8809725), (-0.41729692, -0.223049, 0.8809725), (-0.41729692, -0.223049, 0.8809725), (-0.77861834, -0.41617826, -0.4696267), (-0.77861834, -0.41617826, -0.4696267), (-0.77861834, -0.41617826, -0.4696267), (-0.77861834, -0.41617826, -0.4696267), (-0.9523764, -0.28889975, 0.097549975), (-0.9523764, -0.28889975, 0.097549975), (-0.9523764, -0.28889975, 0.097549975), (-0.9523764, -0.28889975, 0.097549975), (-0.09425335, -0.028589644, 0.9951376), (-0.09425335, -0.028589644, 0.9951376), (-0.09425335, -0.028589644, 0.9951376), (-0.09425335, -0.028589644, -0.9951376), (-0.09425335, -0.028589644, -0.9951376), (-0.09425335, -0.028589644, -0.9951376), (-0.95237654, -0.28889942, -0.09754987), (-0.95237654, -0.28889942, -0.09754987), (-0.95237654, -0.28889942, -0.09754987), (-0.95237654, -0.28889942, -0.09754987), (-0.27901724, -0.084637836, 0.9565488), (-0.27901724, -0.084637836, 0.9565488), (-0.27901724, -0.084637836, 0.9565488), (-0.27901724, -0.084637836, 0.9565488), (-0.91610545, -0.27789658, -0.28900552), (-0.91610545, -0.27789658, -0.28900552), (-0.91610545, -0.27789658, -0.28900552), (-0.91610545, -0.27789658, -0.28900552), (-0.45279014, -0.13735302, 0.88097405), (-0.45279014, -0.13735302, 0.88097405), (-0.45279014, -0.13735302, 0.88097405), (-0.45279014, -0.13735302, 0.88097405), (-0.84484893, -0.25628188, -0.46962735), (-0.84484893, -0.25628188, -0.46962735), (-0.84484893, -0.25628188, -0.46962735), (-0.84484893, -0.25628188, -0.46962735), (-0.6088291, -0.184686, 0.7715039), (-0.6088291, -0.184686, 0.7715039), (-0.6088291, -0.184686, 0.7715039), (-0.6088291, -0.184686, 0.7715039), (-0.7411569, -0.2248286, -0.63256514), (-0.7411569, -0.2248286, -0.63256514), (-0.7411569, -0.2248286, -0.63256514), (-0.7411569, -0.2248286, -0.63256514), (-0.74115777, -0.22482829, 0.63256425), (-0.74115777, -0.22482829, 0.63256425), (-0.74115777, -0.22482829, 0.63256425), (-0.74115777, -0.22482829, 0.63256425), (-0.6088298, -0.18468586, -0.7715033), (-0.6088298, -0.18468586, -0.7715033), (-0.6088298, -0.18468586, -0.7715033), (-0.6088298, -0.18468586, -0.7715033), (-0.84485, -0.25628105, 0.4696259), (-0.84485, -0.25628105, 0.4696259), (-0.84485, -0.25628105, 0.4696259), (-0.84485, -0.25628105, 0.4696259), (-0.4527926, -0.13735281, -0.88097286), (-0.4527926, -0.13735281, -0.88097286), (-0.4527926, -0.13735281, -0.88097286), (-0.4527926, -0.13735281, -0.88097286), (-0.9161053, -0.27789712, 0.28900602), (-0.9161053, -0.27789712, 0.28900602), (-0.9161053, -0.27789712, 0.28900602), (-0.9161053, -0.27789712, 0.28900602), (-0.27901724, -0.084637836, -0.9565488), (-0.27901724, -0.084637836, -0.9565488), (-0.27901724, -0.084637836, -0.9565488), (-0.27901724, -0.084637836, -0.9565488), (-0.77077895, -0.075915, -0.63256353), (-0.77077895, -0.075915, -0.63256353), (-0.77077895, -0.075915, -0.63256353), (-0.77077895, -0.075915, -0.63256353), (-0.7707809, -0.07591473, 0.63256127), (-0.7707809, -0.07591473, 0.63256127), (-0.7707809, -0.07591473, 0.63256127), (-0.7707809, -0.07591473, 0.63256127), (-0.63315994, -0.062360562, -0.77150476), (-0.63315994, -0.062360562, -0.77150476), (-0.63315994, -0.062360562, -0.77150476), (-0.63315994, -0.062360562, -0.77150476), (-0.87861305, -0.08653574, 0.46962816), (-0.87861305, -0.08653574, 0.46962816), (-0.87861305, -0.08653574, 0.46962816), (-0.87861305, -0.08653574, 0.46962816), (-0.4708903, -0.046378296, -0.8809719), (-0.4708903, -0.046378296, -0.8809719), (-0.4708903, -0.046378296, -0.8809719), (-0.4708903, -0.046378296, -0.8809719), (-0.95271784, -0.09383358, 0.28900498), (-0.95271784, -0.09383358, 0.28900498), (-0.95271784, -0.09383358, 0.28900498), (-0.95271784, -0.09383358, 0.28900498), (-0.2901624, -0.028578933, -0.9565505), (-0.2901624, -0.028578933, -0.9565505), (-0.2901624, -0.028578933, -0.9565505), (-0.2901624, -0.028578933, -0.9565505), (-0.99043834, -0.09754943, 0.09755036), (-0.99043834, -0.09754943, 0.09755036), (-0.99043834, -0.09754943, 0.09755036), (-0.99043834, -0.09754943, 0.09755036), (-0.09801137, -0.009653499, 0.9951384), (-0.09801137, -0.009653499, 0.9951384), (-0.09801137, -0.009653499, 0.9951384), (-0.09800927, -0.009653501, -0.99513865), (-0.09800927, -0.009653501, -0.99513865), (-0.09800927, -0.009653501, -0.99513865), (-0.9904384, -0.09754884, -0.097549774), (-0.9904384, -0.09754884, -0.097549774), (-0.9904384, -0.09754884, -0.097549774), (-0.9904384, -0.09754884, -0.097549774), (-0.2901624, -0.028578933, 0.9565505), (-0.2901624, -0.028578933, 0.9565505), (-0.2901624, -0.028578933, 0.9565505), (-0.2901624, -0.028578933, 0.9565505), (-0.95271754, -0.093833834, -0.2890058), (-0.95271754, -0.093833834, -0.2890058), (-0.95271754, -0.093833834, -0.2890058), (-0.95271754, -0.093833834, -0.2890058), (-0.4708912, -0.046378274, 0.8809715), (-0.4708912, -0.046378274, 0.8809715), (-0.4708912, -0.046378274, 0.8809715), (-0.4708912, -0.046378274, 0.8809715), (-0.87861353, -0.08653559, -0.46962735), (-0.87861353, -0.08653559, -0.46962735), (-0.87861353, -0.08653559, -0.46962735), (-0.87861353, -0.08653559, -0.46962735), (-0.63316077, -0.062360514, 0.77150416), (-0.63316077, -0.062360514, 0.77150416), (-0.63316077, -0.062360514, 0.77150416), (-0.63316077, -0.062360514, 0.77150416), (-0.098001726, 0.009653598, 0.99513936), (-0.098001726, 0.009653598, 0.99513936), (-0.098001726, 0.009653598, 0.99513936), (-0.09801682, 0.009653584, -0.99513793), (-0.09801682, 0.009653584, -0.99513793), (-0.09801682, 0.009653584, -0.99513793), (-0.9904382, 0.09755035, -0.09755045), (-0.9904382, 0.09755035, -0.09755045), (-0.9904382, 0.09755035, -0.09755045), (-0.9904382, 0.09755035, -0.09755045), (-0.2901624, 0.028578933, 0.9565505), (-0.2901624, 0.028578933, 0.9565505), (-0.2901624, 0.028578933, 0.9565505), (-0.2901624, 0.028578933, 0.9565505), (-0.95271766, 0.09383455, -0.2890054), (-0.95271766, 0.09383455, -0.2890054), (-0.95271766, 0.09383455, -0.2890054), (-0.95271766, 0.09383455, -0.2890054), (-0.47089046, 0.04637869, 0.8809718), (-0.47089046, 0.04637869, 0.8809718), (-0.47089046, 0.04637869, 0.8809718), (-0.47089046, 0.04637869, 0.8809718), (-0.8786132, 0.086536124, -0.4696278), (-0.8786132, 0.086536124, -0.4696278), (-0.8786132, 0.086536124, -0.4696278), (-0.8786132, 0.086536124, -0.4696278), (-0.63315815, 0.062361266, 0.7715062), (-0.63315815, 0.062361266, 0.7715062), (-0.63315815, 0.062361266, 0.7715062), (-0.63315815, 0.062361266, 0.7715062), (-0.77078056, 0.07591527, -0.6325617), (-0.77078056, 0.07591527, -0.6325617), (-0.77078056, 0.07591527, -0.6325617), (-0.77078056, 0.07591527, -0.6325617), (-0.77078015, 0.07591532, 0.6325621), (-0.77078015, 0.07591532, 0.6325621), (-0.77078015, 0.07591532, 0.6325621), (-0.77078015, 0.07591532, 0.6325621), (-0.6331617, 0.062361035, -0.7715033), (-0.6331617, 0.062361035, -0.7715033), (-0.6331617, 0.062361035, -0.7715033), (-0.6331617, 0.062361035, -0.7715033), (-0.87861294, 0.08653622, 0.46962833), (-0.87861294, 0.08653622, 0.46962833), (-0.87861294, 0.08653622, 0.46962833), (-0.87861294, 0.08653622, 0.46962833), (-0.4708867, 0.04637879, -0.8809737), (-0.4708867, 0.04637879, -0.8809737), (-0.4708867, 0.04637879, -0.8809737), (-0.4708867, 0.04637879, -0.8809737), (-0.9527175, 0.09383472, 0.28900594), (-0.9527175, 0.09383472, 0.28900594), (-0.9527175, 0.09383472, 0.28900594), (-0.9527175, 0.09383472, 0.28900594), (-0.29016477, 0.028578913, -0.9565498), (-0.29016477, 0.028578913, -0.9565498), (-0.29016477, 0.028578913, -0.9565498), (-0.29016477, 0.028578913, -0.9565498), (-0.9904382, 0.09754991, 0.09755001), (-0.9904382, 0.09754991, 0.09755001), (-0.9904382, 0.09754991, 0.09755001), (-0.9904382, 0.09754991, 0.09755001), (-0.7411581, 0.22482882, 0.6325635), (-0.7411581, 0.22482882, 0.6325635), (-0.7411581, 0.22482882, 0.6325635), (-0.7411581, 0.22482882, 0.6325635), (-0.6088276, 0.18468654, -0.771505), (-0.6088276, 0.18468654, -0.771505), (-0.6088276, 0.18468654, -0.771505), (-0.6088276, 0.18468654, -0.771505), (-0.8448505, 0.25628182, 0.46962464), (-0.8448505, 0.25628182, 0.46962464), (-0.8448505, 0.25628182, 0.46962464), (-0.8448505, 0.25628182, 0.46962464), (-0.45279396, 0.13735293, -0.88097197), (-0.45279396, 0.13735293, -0.88097197), (-0.45279396, 0.13735293, -0.88097197), (-0.45279396, 0.13735293, -0.88097197), (-0.91610473, 0.27789885, 0.28900582), (-0.91610473, 0.27789885, 0.28900582), (-0.91610473, 0.27789885, 0.28900582), (-0.91610473, 0.27789885, 0.28900582), (-0.27901256, 0.08463846, -0.95655024), (-0.27901256, 0.08463846, -0.95655024), (-0.27901256, 0.08463846, -0.95655024), (-0.27901256, 0.08463846, -0.95655024), (-0.9523762, 0.28890055, 0.09755061), (-0.9523762, 0.28890055, 0.09755061), (-0.9523762, 0.28890055, 0.09755061), (-0.9523762, 0.28890055, 0.09755061), (-0.09425337, 0.02858974, 0.99513763), (-0.09425337, 0.02858974, 0.99513763), (-0.09425337, 0.02858974, 0.99513763), (-0.09425337, 0.02858974, -0.99513763), (-0.09425337, 0.02858974, -0.99513763), (-0.09425337, 0.02858974, -0.99513763), (-0.9523766, 0.28889915, -0.09755013), (-0.9523766, 0.28889915, -0.09755013), (-0.9523766, 0.28889915, -0.09755013), (-0.9523766, 0.28889915, -0.09755013), (-0.2790173, 0.084638335, 0.9565488), (-0.2790173, 0.084638335, 0.9565488), (-0.2790173, 0.084638335, 0.9565488), (-0.2790173, 0.084638335, 0.9565488), (-0.91610473, 0.27789885, -0.28900582), (-0.91610473, 0.27789885, -0.28900582), (-0.91610473, 0.27789885, -0.28900582), (-0.91610473, 0.27789885, -0.28900582), (-0.45279652, 0.13735275, 0.8809708), (-0.45279652, 0.13735275, 0.8809708), (-0.45279652, 0.13735275, 0.8809708), (-0.45279652, 0.13735275, 0.8809708), (-0.8448485, 0.25628328, -0.4696273), (-0.8448485, 0.25628328, -0.4696273), (-0.8448485, 0.25628328, -0.4696273), (-0.8448485, 0.25628328, -0.4696273), (-0.60882604, 0.1846868, 0.771506), (-0.60882604, 0.1846868, 0.771506), (-0.60882604, 0.1846868, 0.771506), (-0.60882604, 0.1846868, 0.771506), (-0.74115986, 0.22482818, -0.6325617), (-0.74115986, 0.22482818, -0.6325617), (-0.74115986, 0.22482818, -0.6325617), (-0.74115986, 0.22482818, -0.6325617), (-0.8777139, 0.46915022, -0.09755096), (-0.8777139, 0.46915022, -0.09755096), (-0.8777139, 0.46915022, -0.09755096), (-0.8777139, 0.46915022, -0.09755096), (-0.25714445, 0.137445, 0.9565488), (-0.25714445, 0.137445, 0.9565488), (-0.25714445, 0.137445, 0.9565488), (-0.25714445, 0.137445, 0.9565488), (-0.84428674, 0.4512821, -0.28900596), (-0.84428674, 0.4512821, -0.28900596), (-0.84428674, 0.4512821, -0.28900596), (-0.84428674, 0.4512821, -0.28900596), (-0.41729957, 0.2230491, 0.88097113), (-0.41729957, 0.2230491, 0.88097113), (-0.41729957, 0.2230491, 0.88097113), (-0.41729957, 0.2230491, 0.88097113), (-0.77861834, 0.41617912, -0.46962586), (-0.77861834, 0.41617912, -0.46962586), (-0.77861834, 0.41617912, -0.46962586), (-0.77861834, 0.41617912, -0.46962586), (-0.5611052, 0.29991308, 0.77150065), (-0.5611052, 0.29991308, 0.77150065), (-0.5611052, 0.29991308, 0.77150065), (-0.5611052, 0.29991308, 0.77150065), (-0.6830541, 0.36510217, -0.63256425), (-0.6830541, 0.36510217, -0.63256425), (-0.6830541, 0.36510217, -0.63256425), (-0.6830541, 0.36510217, -0.63256425), (-0.6830571, 0.3651007, 0.63256174), (-0.6830571, 0.3651007, 0.63256174), (-0.6830571, 0.3651007, 0.63256174), (-0.6830571, 0.3651007, 0.63256174), (-0.56110036, 0.29991427, -0.7715036), (-0.56110036, 0.29991427, -0.7715036), (-0.56110036, 0.29991427, -0.7715036), (-0.56110036, 0.29991427, -0.7715036), (-0.778619, 0.41617855, 0.46962523), (-0.778619, 0.41617855, 0.46962523), (-0.778619, 0.41617855, 0.46962523), (-0.778619, 0.41617855, 0.46962523), (-0.41729432, 0.2230497, -0.8809735), (-0.41729432, 0.2230497, -0.8809735), (-0.41729432, 0.2230497, -0.8809735), (-0.41729432, 0.2230497, -0.8809735), (-0.84428674, 0.4512821, 0.28900596), (-0.84428674, 0.4512821, 0.28900596), (-0.84428674, 0.4512821, 0.28900596), (-0.84428674, 0.4512821, 0.28900596), (-0.25713485, 0.13744536, -0.9565513), (-0.25713485, 0.13744536, -0.9565513), (-0.25713485, 0.13744536, -0.9565513), (-0.25713485, 0.13744536, -0.9565513), (-0.87771463, 0.46914902, 0.097550705), (-0.87771463, 0.46914902, 0.097550705), (-0.87771463, 0.46914902, 0.097550705), (-0.87771463, 0.46914902, 0.097550705), (-0.086848535, 0.046427302, 0.99513906), (-0.086848535, 0.046427302, 0.99513906), (-0.086848535, 0.046427302, 0.99513906), (-0.086848535, 0.046427302, -0.99513906), (-0.086848535, 0.046427302, -0.99513906), (-0.086848535, 0.046427302, -0.99513906), (-0.4918107, 0.4036157, -0.7715029), (-0.4918107, 0.4036157, -0.7715029), (-0.4918107, 0.4036157, -0.7715029), (-0.4918107, 0.4036157, -0.7715029), (-0.6824629, 0.56008464, 0.46962726), (-0.6824629, 0.56008464, 0.46962726), (-0.6824629, 0.56008464, 0.46962726), (-0.6824629, 0.56008464, 0.46962726), (-0.36576906, 0.300173, -0.8809706), (-0.36576906, 0.300173, -0.8809706), (-0.36576906, 0.300173, -0.8809706), (-0.36576906, 0.300173, -0.8809706), (-0.7400237, 0.6073226, 0.28900546), (-0.7400237, 0.6073226, 0.28900546), (-0.7400237, 0.6073226, 0.28900546), (-0.7400237, 0.6073226, 0.28900546), (-0.22539218, 0.18496965, -0.9565483), (-0.22539218, 0.18496965, -0.9565483), (-0.22539218, 0.18496965, -0.9565483), (-0.22539218, 0.18496965, -0.9565483), (-0.76932496, 0.631366, 0.09755028), (-0.76932496, 0.631366, 0.09755028), (-0.76932496, 0.631366, 0.09755028), (-0.76932496, 0.631366, 0.09755028), (-0.07615224, 0.06248042, 0.9951367), (-0.07615224, 0.06248042, 0.9951367), (-0.07615224, 0.06248042, 0.9951367), (-0.076137096, 0.062480494, -0.9951379), (-0.076137096, 0.062480494, -0.9951379), (-0.076137096, 0.062480494, -0.9951379), (-0.7693227, 0.63136876, -0.097550705), (-0.7693227, 0.63136876, -0.097550705), (-0.7693227, 0.63136876, -0.097550705), (-0.7693227, 0.63136876, -0.097550705), (-0.22539218, 0.18496965, 0.9565483), (-0.22539218, 0.18496965, 0.9565483), (-0.22539218, 0.18496965, 0.9565483), (-0.22539218, 0.18496965, 0.9565483), (-0.7400237, 0.6073226, -0.28900546), (-0.7400237, 0.6073226, -0.28900546), (-0.7400237, 0.6073226, -0.28900546), (-0.7400237, 0.6073226, -0.28900546), (-0.36575812, 0.30017442, 0.88097465), (-0.36575812, 0.30017442, 0.88097465), (-0.36575812, 0.30017442, 0.88097465), (-0.36575812, 0.30017442, 0.88097465), (-0.6824637, 0.5600839, -0.46962664), (-0.6824637, 0.5600839, -0.46962664), (-0.6824637, 0.5600839, -0.46962664), (-0.6824637, 0.5600839, -0.46962664), (-0.49180353, 0.40361756, 0.7715065), (-0.49180353, 0.40361756, 0.7715065), (-0.49180353, 0.40361756, 0.7715065), (-0.49180353, 0.40361756, 0.7715065), (-0.5987053, 0.49134305, -0.63256156), (-0.5987053, 0.49134305, -0.63256156), (-0.5987053, 0.49134305, -0.63256156), (-0.5987053, 0.49134305, -0.63256156), (-0.5987028, 0.49134415, 0.632563), (-0.5987028, 0.49134415, 0.632563), (-0.5987028, 0.49134415, 0.632563), (-0.5987028, 0.49134415, 0.632563), (-0.60732144, 0.7400248, -0.28900516), (-0.60732144, 0.7400248, -0.28900516), (-0.60732144, 0.7400248, -0.28900516), (-0.60732144, 0.7400248, -0.28900516), (-0.30016917, 0.36576352, 0.8809742), (-0.30016917, 0.36576352, 0.8809742), (-0.30016917, 0.36576352, 0.8809742), (-0.30016917, 0.36576352, 0.8809742), (-0.5600844, 0.68246347, -0.46962646), (-0.5600844, 0.68246347, -0.46962646), (-0.5600844, 0.68246347, -0.46962646), (-0.5600844, 0.68246347, -0.46962646), (-0.4036151, 0.49180865, 0.77150446), (-0.4036151, 0.49180865, 0.77150446), (-0.4036151, 0.49180865, 0.77150446), (-0.4036151, 0.49180865, 0.77150446), (-0.49133947, 0.598705, -0.6325644), (-0.49133947, 0.598705, -0.6325644), (-0.49133947, 0.598705, -0.6325644), (-0.49133947, 0.598705, -0.6325644), (-0.49134246, 0.5987039, 0.6325632), (-0.49134246, 0.5987039, 0.6325632), (-0.49134246, 0.5987039, 0.6325632), (-0.49134246, 0.5987039, 0.6325632), (-0.4036151, 0.49180865, -0.77150446), (-0.4036151, 0.49180865, -0.77150446), (-0.4036151, 0.49180865, -0.77150446), (-0.4036151, 0.49180865, -0.77150446), (-0.56008446, 0.6824635, 0.46962628), (-0.56008446, 0.6824635, 0.46962628), (-0.56008446, 0.6824635, 0.46962628), (-0.56008446, 0.6824635, 0.46962628), (-0.30016914, 0.3657635, -0.88097423), (-0.30016914, 0.3657635, -0.88097423), (-0.30016914, 0.3657635, -0.88097423), (-0.30016914, 0.3657635, -0.88097423), (-0.60731846, 0.7400269, 0.28900596), (-0.60731846, 0.7400269, 0.28900596), (-0.60731846, 0.7400269, 0.28900596), (-0.60731846, 0.7400269, 0.28900596), (-0.18495944, 0.225387, -0.95655143), (-0.18495944, 0.225387, -0.95655143), (-0.18495944, 0.225387, -0.95655143), (-0.18495944, 0.225387, -0.95655143), (-0.63136613, 0.76932484, 0.097550645), (-0.63136613, 0.76932484, 0.097550645), (-0.63136613, 0.76932484, 0.097550645), (-0.63136613, 0.76932484, 0.097550645), (-0.06246999, 0.07613277, 0.9951388), (-0.06246999, 0.07613277, 0.9951388), (-0.06246999, 0.07613277, 0.9951388), (-0.062485166, 0.0761327, -0.9951379), (-0.062485166, 0.0761327, -0.9951379), (-0.062485166, 0.0761327, -0.9951379), (-0.6313673, 0.769324, -0.097550355), (-0.6313673, 0.769324, -0.097550355), (-0.6313673, 0.769324, -0.097550355), (-0.6313673, 0.769324, -0.097550355), (-0.18497932, 0.22538617, 0.95654786), (-0.18497932, 0.22538617, 0.95654786), (-0.18497932, 0.22538617, 0.95654786), (-0.18497932, 0.22538617, 0.95654786), (-0.2230534, 0.41729563, -0.88097197), (-0.2230534, 0.41729563, -0.88097197), (-0.2230534, 0.41729563, -0.88097197), (-0.2230534, 0.41729563, -0.88097197), (-0.451283, 0.84428674, 0.2890042), (-0.451283, 0.84428674, 0.2890042), (-0.451283, 0.84428674, 0.2890042), (-0.451283, 0.84428674, 0.2890042), (-0.1374388, 0.25714183, -0.9565504), (-0.1374388, 0.25714183, -0.9565504), (-0.1374388, 0.25714183, -0.9565504), (-0.1374388, 0.25714183, -0.9565504), (-0.46914643, 0.8777161, 0.097550586), (-0.46914643, 0.8777161, 0.097550586), (-0.46914643, 0.8777161, 0.097550586), (-0.46914643, 0.8777161, 0.097550586), (-0.046441056, 0.086859174, 0.9951375), (-0.046441056, 0.086859174, 0.9951375), (-0.046441056, 0.086859174, 0.9951375), (-0.046399243, 0.08685934, -0.9951394), (-0.046399243, 0.08685934, -0.9951394), (-0.046399243, 0.08685934, -0.9951394), (-0.46914786, 0.87771535, -0.0975505), (-0.46914786, 0.87771535, -0.0975505), (-0.46914786, 0.87771535, -0.0975505), (-0.46914786, 0.87771535, -0.0975505), (-0.13743882, 0.25714186, 0.9565504), (-0.13743882, 0.25714186, 0.9565504), (-0.13743882, 0.25714186, 0.9565504), (-0.13743882, 0.25714186, 0.9565504), (-0.45128056, 0.844288, -0.28900462), (-0.45128056, 0.844288, -0.28900462), (-0.45128056, 0.844288, -0.28900462), (-0.45128056, 0.844288, -0.28900462), (-0.22304732, 0.4172961, 0.8809732), (-0.22304732, 0.4172961, 0.8809732), (-0.22304732, 0.4172961, 0.8809732), (-0.22304732, 0.4172961, 0.8809732), (-0.41617978, 0.7786175, -0.46962678), (-0.41617978, 0.7786175, -0.46962678), (-0.41617978, 0.7786175, -0.46962678), (-0.41617978, 0.7786175, -0.46962678), (-0.29991487, 0.5610996, 0.77150404), (-0.29991487, 0.5610996, 0.77150404), (-0.29991487, 0.5610996, 0.77150404), (-0.29991487, 0.5610996, 0.77150404), (-0.36509904, 0.68305695, -0.632563), (-0.36509904, 0.68305695, -0.632563), (-0.36509904, 0.68305695, -0.632563), (-0.36509904, 0.68305695, -0.632563), (-0.36509904, 0.68305695, 0.632563), (-0.36509904, 0.68305695, 0.632563), (-0.36509904, 0.68305695, 0.632563), (-0.36509904, 0.68305695, 0.632563), (-0.29991487, 0.5610996, -0.77150404), (-0.29991487, 0.5610996, -0.77150404), (-0.29991487, 0.5610996, -0.77150404), (-0.29991487, 0.5610996, -0.77150404), (-0.41617972, 0.7786174, 0.46962693), (-0.41617972, 0.7786174, 0.46962693), (-0.41617972, 0.7786174, 0.46962693), (-0.41617972, 0.7786174, 0.46962693), (-0.13734284, 0.45279324, 0.88097405), (-0.13734284, 0.45279324, 0.88097405), (-0.13734284, 0.45279324, 0.88097405), (-0.13734284, 0.45279324, 0.88097405), (-0.25628102, 0.8448494, -0.46962696), (-0.25628102, 0.8448494, -0.46962696), (-0.25628102, 0.8448494, -0.46962696), (-0.25628102, 0.8448494, -0.46962696), (-0.18469225, 0.608828, 0.7715032), (-0.18469225, 0.608828, 0.7715032), (-0.18469225, 0.608828, 0.7715032), (-0.18469225, 0.608828, 0.7715032), (-0.22483018, 0.7411588, -0.6325622), (-0.22483018, 0.7411588, -0.6325622), (-0.22483018, 0.7411588, -0.6325622), (-0.22483018, 0.7411588, -0.6325622), (-0.22483386, 0.7411581, 0.6325617), (-0.22483386, 0.7411581, 0.6325617), (-0.22483386, 0.7411581, 0.6325617), (-0.22483386, 0.7411581, 0.6325617), (-0.18468317, 0.6088291, -0.7715045), (-0.18468317, 0.6088291, -0.7715045), (-0.18468317, 0.6088291, -0.7715045), (-0.18468317, 0.6088291, -0.7715045), (-0.25628415, 0.8448487, 0.46962655), (-0.25628415, 0.8448487, 0.46962655), (-0.25628415, 0.8448487, 0.46962655), (-0.25628415, 0.8448487, 0.46962655), (-0.13735527, 0.45279244, -0.8809725), (-0.13735527, 0.45279244, -0.8809725), (-0.13735527, 0.45279244, -0.8809725), (-0.13735527, 0.45279244, -0.8809725), (-0.2778959, 0.9161059, 0.28900498), (-0.2778959, 0.9161059, 0.28900498), (-0.2778959, 0.9161059, 0.28900498), (-0.2778959, 0.9161059, 0.28900498), (-0.084631495, 0.27901497, -0.9565501), (-0.084631495, 0.27901497, -0.9565501), (-0.084631495, 0.27901497, -0.9565501), (-0.084631495, 0.27901497, -0.9565501), (-0.2888991, 0.95237654, 0.09755058), (-0.2888991, 0.95237654, 0.09755058), (-0.2888991, 0.95237654, 0.09755058), (-0.2888991, 0.95237654, 0.09755058), (-0.028583819, 0.09424773, 0.99513835), (-0.028583819, 0.09424773, 0.99513835), (-0.028583819, 0.09424773, 0.99513835), (-0.028602848, 0.09424768, -0.99513775), (-0.028602848, 0.09424768, -0.99513775), (-0.028602848, 0.09424768, -0.99513775), (-0.28890082, 0.9523761, -0.09755053), (-0.28890082, 0.9523761, -0.09755053), (-0.28890082, 0.9523761, -0.09755053), (-0.28890082, 0.9523761, -0.09755053), (-0.08467235, 0.27901402, 0.9565468), (-0.08467235, 0.27901402, 0.9565468), (-0.08467235, 0.27901402, 0.9565468), (-0.08467235, 0.27901402, 0.9565468), (-0.27789733, 0.9161055, -0.28900486), (-0.27789733, 0.9161055, -0.28900486), (-0.27789733, 0.9161055, -0.28900486), (-0.27789733, 0.9161055, -0.28900486), (-0.0938378, 0.95271844, 0.28900188), (-0.0938378, 0.95271844, 0.28900188), (-0.0938378, 0.95271844, 0.28900188), (-0.0938378, 0.95271844, 0.28900188), (-0.028594518, 0.2901658, -0.9565491), (-0.028594518, 0.2901658, -0.9565491), (-0.028594518, 0.2901658, -0.9565491), (-0.028594518, 0.2901658, -0.9565491), (-0.09755205, 0.99043775, 0.097553246), (-0.09755205, 0.99043775, 0.097553246), (-0.09755205, 0.99043775, 0.097553246), (-0.09755205, 0.99043775, 0.097553246), (-0.009629525, 0.098014235, 0.99513847), (-0.009629525, 0.098014235, 0.99513847), (-0.009629525, 0.098014235, 0.99513847), (-0.009639999, 0.09801423, -0.99513835), (-0.009639999, 0.09801423, -0.99513835), (-0.009639999, 0.09801423, -0.99513835), (-0.09755584, 0.99043775, -0.09754986), (-0.09755584, 0.99043775, -0.09754986), (-0.09755584, 0.99043775, -0.09754986), (-0.09755584, 0.99043775, -0.09754986), (-0.028573958, 0.29016596, 0.9565497), (-0.028573958, 0.29016596, 0.9565497), (-0.028573958, 0.29016596, 0.9565497), (-0.028573958, 0.29016596, 0.9565497), (-0.09383763, 0.9527167, -0.28900766), (-0.09383763, 0.9527167, -0.28900766), (-0.09383763, 0.9527167, -0.28900766), (-0.09383763, 0.9527167, -0.28900766), (-0.046384297, 0.4708878, 0.8809728), (-0.046384297, 0.4708878, 0.8809728), (-0.046384297, 0.4708878, 0.8809728), (-0.046384297, 0.4708878, 0.8809728), (-0.08653953, 0.8786145, -0.4696248), (-0.08653953, 0.8786145, -0.4696248), (-0.08653953, 0.8786145, -0.4696248), (-0.08653953, 0.8786145, -0.4696248), (-0.06236929, 0.63315976, 0.7715042), (-0.06236929, 0.63315976, 0.7715042), (-0.06236929, 0.63315976, 0.7715042), (-0.06236929, 0.63315976, 0.7715042), (-0.075919464, 0.7707781, -0.63256407), (-0.075919464, 0.7707781, -0.63256407), (-0.075919464, 0.7707781, -0.63256407), (-0.075919464, 0.7707781, -0.63256407), (-0.075915776, 0.7707805, 0.63256174), (-0.075915776, 0.7707805, 0.63256174), (-0.075915776, 0.7707805, 0.63256174), (-0.075915776, 0.7707805, 0.63256174), (-0.062364686, 0.633161, -0.77150357), (-0.062364686, 0.633161, -0.77150357), (-0.062364686, 0.633161, -0.77150357), (-0.062364686, 0.633161, -0.77150357), (-0.08653927, 0.87861234, 0.4696289), (-0.08653927, 0.87861234, 0.4696289), (-0.08653927, 0.87861234, 0.4696289), (-0.08653927, 0.87861234, 0.4696289), (-0.046384294, 0.47088778, -0.8809729), (-0.046384294, 0.47088778, -0.8809729), (-0.046384294, 0.47088778, -0.8809729), (-0.046384294, 0.47088778, -0.8809729)] (
                interpolation = "faceVarying"
            )
            point3f[] points = [(0, 0.007, -0.004), (0, 0.007, 0.004), (0.00091368344, 0.0069401143, -0.004), (0.00091368344, 0.0069401143, 0.004), (0.0018117334, 0.006761481, -0.004), (0.0018117334, 0.006761481, 0.004), (0.0026787843, 0.0064671566, -0.004), (0.0026787843, 0.0064671566, 0.004), (0.0035, 0.006062178, -0.004), (0.0035, 0.006062178, 0.004), (0.0042613302, 0.0055534733, -0.004), (0.0042613302, 0.0055534733, 0.004), (0.0049497476, 0.0049497476, -0.004), (0.0049497476, 0.0049497476, 0.004), (0.0055534733, 0.0042613302, -0.004), (0.0055534733, 0.0042613302, 0.004), (0.006062178, 0.0035, -0.004), (0.006062178, 0.0035, 0.004), (0.0064671566, 0.0026787843, -0.004), (0.0064671566, 0.0026787843, 0.004), (0.006761481, 0.0018117334, -0.004), (0.006761481, 0.0018117334, 0.004), (0.0069401143, 0.00091368344, -0.004), (0.0069401143, 0.00091368344, 0.004), (0.007, 0, -0.004), (0.007, 0, 0.004), (0.0069401143, -0.00091368344, -0.004), (0.0069401143, -0.00091368344, 0.004), (0.006761481, -0.0018117334, -0.004), (0.006761481, -0.0018117334, 0.004), (0.0064671566, -0.0026787843, -0.004), (0.0064671566, -0.0026787843, 0.004), (0.006062178, -0.0035, -0.004), (0.006062178, -0.0035, 0.004), (0.0055534733, -0.0042613302, -0.004), (0.0055534733, -0.0042613302, 0.004), (0.0049497476, -0.0049497476, -0.004), (0.0049497476, -0.0049497476, 0.004), (0.0042613302, -0.0055534733, -0.004), (0.0042613302, -0.0055534733, 0.004), (0.0035, -0.006062178, -0.004), (0.0035, -0.006062178, 0.004), (0.0026787843, -0.0064671566, -0.004), (0.0026787843, -0.0064671566, 0.004), (0.0018117334, -0.006761481, -0.004), (0.0018117334, -0.006761481, 0.004), (0.00091368344, -0.0069401143, -0.004), (0.00091368344, -0.0069401143, 0.004), (0, -0.007, -0.004), (0, -0.007, 0.004), (-0.00091368344, -0.0069401143, -0.004), (-0.00091368344, -0.0069401143, 0.004), (-0.0018117334, -0.006761481, -0.004), (-0.0018117334, -0.006761481, 0.004), (-0.0026787843, -0.0064671566, -0.004), (-0.0026787843, -0.0064671566, 0.004), (-0.0035, -0.006062178, -0.004), (-0.0035, -0.006062178, 0.004), (-0.0042613302, -0.0055534733, -0.004), (-0.0042613302, -0.0055534733, 0.004), (-0.0049497476, -0.0049497476, -0.004), (-0.0049497476, -0.0049497476, 0.004), (-0.0055534733, -0.0042613302, -0.004), (-0.0055534733, -0.0042613302, 0.004), (-0.006062178, -0.0035, -0.004), (-0.006062178, -0.0035, 0.004), (-0.0064671566, -0.0026787843, -0.004), (-0.0064671566, -0.0026787843, 0.004), (-0.006761481, -0.0018117334, -0.004), (-0.006761481, -0.0018117334, 0.004), (-0.0069401143, -0.00091368344, -0.004), (-0.0069401143, -0.00091368344, 0.004), (-0.007, 0, -0.004), (-0.007, 0, 0.004), (-0.0069401143, 0.00091368344, -0.004), (-0.0069401143, 0.00091368344, 0.004), (-0.006761481, 0.0018117334, -0.004), (-0.006761481, 0.0018117334, 0.004), (-0.0064671566, 0.0026787843, -0.004), (-0.0064671566, 0.0026787843, 0.004), (-0.006062178, 0.0035, -0.004), (-0.006062178, 0.0035, 0.004), (-0.0055534733, 0.0042613302, -0.004), (-0.0055534733, 0.0042613302, 0.004), (-0.0049497476, 0.0049497476, -0.004), (-0.0049497476, 0.0049497476, 0.004), (-0.0042613302, 0.0055534733, -0.004), (-0.0042613302, 0.0055534733, 0.004), (-0.0035, 0.006062178, -0.004), (-0.0035, 0.006062178, 0.004), (-0.0026787843, 0.0064671566, -0.004), (-0.0026787843, 0.0064671566, 0.004), (-0.0018117334, 0.006761481, -0.004), (-0.0018117334, 0.006761481, 0.004), (-0.00091368344, 0.0069401143, -0.004), (-0.00091368344, 0.0069401143, 0.004), (0, 0.0035, 0.005999999), (0, 0.0035, 0.023999998), (0.00045684172, 0.0034700572, 0.005999999), (0.00045684172, 0.0034700572, 0.023999998), (0.0009058667, 0.0033807405, 0.005999999), (0.0009058667, 0.0033807405, 0.023999998), (0.0013393922, 0.0032335783, 0.005999999), (0.0013393922, 0.0032335783, 0.023999998), (0.00175, 0.003031089, 0.005999999), (0.00175, 0.003031089, 0.023999998), (0.0021306651, 0.0027767366, 0.005999999), (0.0021306651, 0.0027767366, 0.023999998), (0.0024748738, 0.0024748738, 0.005999999), (0.0024748738, 0.0024748738, 0.023999998), (0.0027767366, 0.0021306651, 0.005999999), (0.0027767366, 0.0021306651, 0.023999998), (0.003031089, 0.00175, 0.005999999), (0.003031089, 0.00175, 0.023999998), (0.0032335783, 0.0013393922, 0.005999999), (0.0032335783, 0.0013393922, 0.023999998), (0.0033807405, 0.0009058667, 0.005999999), (0.0033807405, 0.0009058667, 0.023999998), (0.0034700572, 0.00045684172, 0.005999999), (0.0034700572, 0.00045684172, 0.023999998), (0.0035, 0, 0.005999999), (0.0035, 0, 0.023999998), (0.0034700572, -0.00045684172, 0.005999999), (0.0034700572, -0.00045684172, 0.023999998), (0.0033807405, -0.0009058667, 0.005999999), (0.0033807405, -0.0009058667, 0.023999998), (0.0032335783, -0.0013393922, 0.005999999), (0.0032335783, -0.0013393922, 0.023999998), (0.003031089, -0.00175, 0.005999999), (0.003031089, -0.00175, 0.023999998), (0.0027767366, -0.0021306651, 0.005999999), (0.0027767366, -0.0021306651, 0.023999998), (0.0024748738, -0.0024748738, 0.005999999), (0.0024748738, -0.0024748738, 0.023999998), (0.0021306651, -0.0027767366, 0.005999999), (0.0021306651, -0.0027767366, 0.023999998), (0.00175, -0.003031089, 0.005999999), (0.00175, -0.003031089, 0.023999998), (0.0013393922, -0.0032335783, 0.005999999), (0.0013393922, -0.0032335783, 0.023999998), (0.0009058667, -0.0033807405, 0.005999999), (0.0009058667, -0.0033807405, 0.023999998), (0.00045684172, -0.0034700572, 0.005999999), (0.00045684172, -0.0034700572, 0.023999998), (0, -0.0035, 0.005999999), (0, -0.0035, 0.023999998), (-0.00045684172, -0.0034700572, 0.005999999), (-0.00045684172, -0.0034700572, 0.023999998), (-0.0009058667, -0.0033807405, 0.005999999), (-0.0009058667, -0.0033807405, 0.023999998), (-0.0013393922, -0.0032335783, 0.005999999), (-0.0013393922, -0.0032335783, 0.023999998), (-0.00175, -0.003031089, 0.005999999), (-0.00175, -0.003031089, 0.023999998), (-0.0021306651, -0.0027767366, 0.005999999), (-0.0021306651, -0.0027767366, 0.023999998), (-0.0024748738, -0.0024748738, 0.005999999), (-0.0024748738, -0.0024748738, 0.023999998), (-0.0027767366, -0.0021306651, 0.005999999), (-0.0027767366, -0.0021306651, 0.023999998), (-0.003031089, -0.00175, 0.005999999), (-0.003031089, -0.00175, 0.023999998), (-0.0032335783, -0.0013393922, 0.005999999), (-0.0032335783, -0.0013393922, 0.023999998), (-0.0033807405, -0.0009058667, 0.005999999), (-0.0033807405, -0.0009058667, 0.023999998), (-0.0034700572, -0.00045684172, 0.005999999), (-0.0034700572, -0.00045684172, 0.023999998), (-0.0035, 0, 0.005999999), (-0.0035, 0, 0.023999998), (-0.0034700572, 0.00045684172, 0.005999999), (-0.0034700572, 0.00045684172, 0.023999998), (-0.0033807405, 0.0009058667, 0.005999999), (-0.0033807405, 0.0009058667, 0.023999998), (-0.0032335783, 0.0013393922, 0.005999999), (-0.0032335783, 0.0013393922, 0.023999998), (-0.003031089, 0.00175, 0.005999999), (-0.003031089, 0.00175, 0.023999998), (-0.0027767366, 0.0021306651, 0.005999999), (-0.0027767366, 0.0021306651, 0.023999998), (-0.0024748738, 0.0024748738, 0.005999999), (-0.0024748738, 0.0024748738, 0.023999998), (-0.0021306651, 0.0027767366, 0.005999999), (-0.0021306651, 0.0027767366, 0.023999998), (-0.00175, 0.003031089, 0.005999999), (-0.00175, 0.003031089, 0.023999998), (-0.0013393922, 0.0032335783, 0.005999999), (-0.0013393922, 0.0032335783, 0.023999998), (-0.0009058667, 0.0033807405, 0.005999999), (-0.0009058667, 0.0033807405, 0.023999998), (-0.00045684172, 0.0034700572, 0.005999999), (-0.00045684172, 0.0034700572, 0.023999998), (0, 0.0035, 0.0019999999), (0, 0.0035, 0.004), (0.00068281614, 0.0034327484, 0.0019999999), (0.00068281614, 0.0034327484, 0.004), (0.0013393922, 0.0032335783, 0.0019999999), (0.0013393922, 0.0032335783, 0.004), (0.001944496, 0.0029101437, 0.0019999999), (0.001944496, 0.0029101437, 0.004), (0.0024748738, 0.0024748738, 0.0019999999), (0.0024748738, 0.0024748738, 0.004), (0.0029101437, 0.001944496, 0.0019999999), (0.0029101437, 0.001944496, 0.004), (0.0032335783, 0.0013393922, 0.0019999999), (0.0032335783, 0.0013393922, 0.004), (0.0034327484, 0.00068281614, 0.0019999999), (0.0034327484, 0.00068281614, 0.004), (0.0035, 0, 0.0019999999), (0.0035, 0, 0.004), (0.0034327484, -0.00068281614, 0.0019999999), (0.0034327484, -0.00068281614, 0.004), (0.0032335783, -0.0013393922, 0.0019999999), (0.0032335783, -0.0013393922, 0.004), (0.0029101437, -0.001944496, 0.0019999999), (0.0029101437, -0.001944496, 0.004), (0.0024748738, -0.0024748738, 0.0019999999), (0.0024748738, -0.0024748738, 0.004), (0.001944496, -0.0029101437, 0.0019999999), (0.001944496, -0.0029101437, 0.004), (0.0013393922, -0.0032335783, 0.0019999999), (0.0013393922, -0.0032335783, 0.004), (0.00068281614, -0.0034327484, 0.0019999999), (0.00068281614, -0.0034327484, 0.004), (0, -0.0035, 0.0019999999), (0, -0.0035, 0.004), (-0.00068281614, -0.0034327484, 0.0019999999), (-0.00068281614, -0.0034327484, 0.004), (-0.0013393922, -0.0032335783, 0.0019999999), (-0.0013393922, -0.0032335783, 0.004), (-0.001944496, -0.0029101437, 0.0019999999), (-0.001944496, -0.0029101437, 0.004), (-0.0024748738, -0.0024748738, 0.0019999999), (-0.0024748738, -0.0024748738, 0.004), (-0.0029101437, -0.001944496, 0.0019999999), (-0.0029101437, -0.001944496, 0.004), (-0.0032335783, -0.0013393922, 0.0019999999), (-0.0032335783, -0.0013393922, 0.004), (-0.0034327484, -0.00068281614, 0.0019999999), (-0.0034327484, -0.00068281614, 0.004), (-0.0035, 0, 0.0019999999), (-0.0035, 0, 0.004), (-0.0034327484, 0.00068281614, 0.0019999999), (-0.0034327484, 0.00068281614, 0.004), (-0.0032335783, 0.0013393922, 0.0019999999), (-0.0032335783, 0.0013393922, 0.004), (-0.0029101437, 0.001944496, 0.0019999999), (-0.0029101437, 0.001944496, 0.004), (-0.0024748738, 0.0024748738, 0.0019999999), (-0.0024748738, 0.0024748738, 0.004), (-0.001944496, 0.0029101437, 0.0019999999), (-0.001944496, 0.0029101437, 0.004), (-0.0013393922, 0.0032335783, 0.0019999999), (-0.0013393922, 0.0032335783, 0.004), (-0.00068281614, 0.0034327484, 0.0019999999), (-0.00068281614, 0.0034327484, 0.004), (0, 0, 0.026), (0, 0.00039018068, 0.02596157), (0, 0.0011111406, 0.02566294), (0, 0.0014142136, 0.025414214), (0, 0.0018477591, 0.024765367), (0, 0.002, 0.024), (0, 0.0019615707, 0.023609819), (0, 0.0016629393, 0.02288886), (0, 0.0011111406, 0.02233706), (0, 0.00039018068, 0.02203843), (0, 0, 0.022), (0.00007612047, 0.00038268344, 0.02596157), (0.00014931569, 0.0007506606, 0.02584776), (0.00021677278, 0.0010897903, 0.02566294), (0.0002758994, 0.0013870398, 0.025414214), (0.00032442337, 0.0016309863, 0.02511114), (0.00036047993, 0.0018122549, 0.024765367), (0.00038268347, 0.0019238796, 0.024390182), (0.00039018068, 0.0019615707, 0.024), (0.00038268347, 0.0019238796, 0.023609819), (0.00036047993, 0.0018122549, 0.023234634), (0.00032442337, 0.0016309863, 0.02288886), (0.0002758994, 0.0013870398, 0.022585787), (0.00021677278, 0.0010897903, 0.02233706), (0.00014931569, 0.0007506606, 0.022152241), (0.00007612047, 0.00038268344, 0.02203843), (0.00014931567, 0.0003604799, 0.02596157), (0.00029289324, 0.00070710684, 0.02584776), (0.00042521505, 0.0010265599, 0.02566294), (0.0005411961, 0.0013065628, 0.025414214), (0.0006363793, 0.0015363555, 0.02511114), (0.0007071068, 0.0017071067, 0.024765367), (0.0007506606, 0.0018122549, 0.024390182), (0.00076536695, 0.0018477591, 0.024), (0.0007506606, 0.0018122549, 0.023609819), (0.0007071068, 0.0017071067, 0.023234634), (0.0006363793, 0.0015363555, 0.02288886), (0.0005411961, 0.0013065628, 0.022585787), (0.00042521505, 0.0010265599, 0.02233706), (0.00029289324, 0.00070710684, 0.022152241), (0.00014931567, 0.0003604799, 0.02203843), (0.00021677275, 0.0003244233, 0.02596157), (0.00042521505, 0.0006363793, 0.02584776), (0.0006173166, 0.00092387944, 0.02566294), (0.00078569487, 0.0011758753, 0.025414214), (0.00092387956, 0.0013826833, 0.02511114), (0.0010265599, 0.0015363554, 0.024765367), (0.0010897903, 0.0016309862, 0.024390182), (0.0011111405, 0.0016629392, 0.024), (0.0010897903, 0.0016309862, 0.023609819), (0.0010265599, 0.0015363554, 0.023234634), (0.00092387956, 0.0013826833, 0.02288886), (0.00078569487, 0.0011758753, 0.022585787), (0.0006173166, 0.00092387944, 0.02233706), (0.00042521505, 0.0006363793, 0.022152241), (0.00021677275, 0.0003244233, 0.02203843), (0.00027589937, 0.0002758993, 0.02596157), (0.0005411961, 0.0005411961, 0.02584776), (0.0007856949, 0.00078569487, 0.02566294), (0.0009999998, 0.0009999997, 0.025414214), (0.0011758755, 0.0011758753, 0.02511114), (0.0013065629, 0.0013065627, 0.024765367), (0.0013870398, 0.0013870397, 0.024390182), (0.0014142134, 0.0014142134, 0.024), (0.0013870398, 0.0013870397, 0.023609819), (0.0013065629, 0.0013065627, 0.023234634), (0.0011758755, 0.0011758753, 0.02288886), (0.0009999998, 0.0009999997, 0.022585787), (0.0007856949, 0.00078569487, 0.02233706), (0.0005411961, 0.0005411961, 0.022152241), (0.00027589937, 0.0002758993, 0.02203843), (0.0003244233, 0.00021677266, 0.02596157), (0.00063637923, 0.000425215, 0.02584776), (0.00092387944, 0.00061731646, 0.02566294), (0.0011758754, 0.0007856947, 0.025414214), (0.0013826833, 0.00092387927, 0.02511114), (0.0015363554, 0.0010265596, 0.024765367), (0.0016309861, 0.0010897899, 0.024390182), (0.0016629391, 0.0011111402, 0.024), (0.0016309861, 0.0010897899, 0.023609819), (0.0015363554, 0.0010265596, 0.023234634), (0.0013826833, 0.00092387927, 0.02288886), (0.0011758754, 0.0007856947, 0.022585787), (0.00092387944, 0.00061731646, 0.02233706), (0.00063637923, 0.000425215, 0.022152241), (0.0003244233, 0.00021677266, 0.02203843), (0.00036047984, 0.00014931557, 0.02596157), (0.0007071067, 0.00029289315, 0.02584776), (0.0010265599, 0.00042521497, 0.02566294), (0.0013065627, 0.00054119586, 0.025414214), (0.0015363552, 0.000636379, 0.02511114), (0.0017071065, 0.0007071065, 0.024765367), (0.0018122545, 0.0007506602, 0.024390182), (0.0018477588, 0.0007653666, 0.024), (0.0018122545, 0.0007506602, 0.023609819), (0.0017071065, 0.0007071065, 0.023234634), (0.0015363552, 0.000636379, 0.02288886), (0.0013065627, 0.00054119586, 0.022585787), (0.0010265599, 0.00042521497, 0.02233706), (0.0007071067, 0.00029289315, 0.022152241), (0.00036047984, 0.00014931557, 0.02203843), (0.00038268333, 0.000076120385, 0.02596157), (0.00075066043, 0.0001493156, 0.02584776), (0.0010897901, 0.00021677266, 0.02566294), (0.0013870394, 0.0002758992, 0.025414214), (0.0016309859, 0.0003244231, 0.02511114), (0.0018122544, 0.00036047964, 0.024765367), (0.001923879, 0.00038268312, 0.024390182), (0.0019615702, 0.0003901804, 0.024), (0.001923879, 0.00038268312, 0.023609819), (0.0018122544, 0.00036047964, 0.023234634), (0.0016309859, 0.0003244231, 0.02288886), (0.0013870394, 0.0002758992, 0.022585787), (0.0010897901, 0.00021677266, 0.02233706), (0.00075066043, 0.0001493156, 0.022152241), (0.00038268333, 0.000076120385, 0.02203843), (0.0003901805, -6.548362e-11, 0.02596157), (0.0007653667, -4.3655746e-11, 0.02584776), (0.0011111402, -8.731149e-11, 0.02566294), (0.001414213, -1.1641532e-10, 0.025414214), (0.0016629386, -1.7462298e-10, 0.02511114), (0.0018477584, -2.0372681e-10, 0.024765367), (0.00196157, -2.3283064e-10, 0.024390182), (0.0019999996, -2.0372681e-10, 0.024), (0.00196157, -2.3283064e-10, 0.023609819), (0.0018477584, -2.0372681e-10, 0.023234634), (0.0016629386, -1.7462298e-10, 0.02288886), (0.001414213, -1.1641532e-10, 0.022585787), (0.0011111402, -8.731149e-11, 0.02233706), (0.0007653667, -4.3655746e-11, 0.022152241), (0.0003901805, -6.548362e-11, 0.02203843), (0.00038268327, -0.00007612051, 0.02596157), (0.0007506604, -0.00014931569, 0.02584776), (0.0010897899, -0.0002167728, 0.02566294), (0.0013870392, -0.0002758994, 0.025414214), (0.0016309856, -0.0003244234, 0.02511114), (0.0018122542, -0.00036048, 0.024765367), (0.0019238789, -0.00038268356, 0.024390182), (0.0019615702, -0.00039018076, 0.024), (0.0019238789, -0.00038268356, 0.023609819), (0.0018122542, -0.00036048, 0.023234634), (0.0016309856, -0.0003244234, 0.02288886), (0.0013870392, -0.0002758994, 0.022585787), (0.0010897899, -0.0002167728, 0.02233706), (0.0007506604, -0.00014931569, 0.022152241), (0.00038268327, -0.00007612051, 0.02203843), (0.00036047972, -0.00014931567, 0.02596157), (0.0007071066, -0.0002928932, 0.02584776), (0.0010265595, -0.00042521502, 0.02566294), (0.0013065622, -0.000541196, 0.025414214), (0.0015363548, -0.00063637923, 0.02511114), (0.001707106, -0.00070710666, 0.024765367), (0.0018122542, -0.00075066055, 0.024390182), (0.0018477587, -0.00076536695, 0.024), (0.0018122542, -0.00075066055, 0.023609819), (0.001707106, -0.00070710666, 0.023234634), (0.0015363548, -0.00063637923, 0.02288886), (0.0013065622, -0.000541196, 0.022585787), (0.0010265595, -0.00042521502, 0.02233706), (0.0007071066, -0.0002928932, 0.022152241), (0.00036047972, -0.00014931567, 0.02203843), (0.00032442313, -0.0002167727, 0.02596157), (0.00063637906, -0.000425215, 0.02584776), (0.0009238791, -0.00061731646, 0.02566294), (0.0011758748, -0.00078569463, 0.025414214), (0.0013826826, -0.0009238793, 0.02511114), (0.0015363547, -0.0010265596, 0.024765367), (0.0016309855, -0.00108979, 0.024390182), (0.0016629387, -0.0011111405, 0.024), (0.0016309855, -0.00108979, 0.023609819), (0.0015363547, -0.0010265596, 0.023234634), (0.0013826826, -0.0009238793, 0.02288886), (0.0011758748, -0.00078569463, 0.022585787), (0.0009238791, -0.00061731646, 0.02233706), (0.00063637906, -0.000425215, 0.022152241), (0.00032442313, -0.0002167727, 0.02203843), (0.00027589916, -0.00027589928, 0.02596157), (0.00054119586, -0.000541196, 0.02584776), (0.0007856945, -0.0007856948, 0.02566294), (0.0009999993, -0.0009999995, 0.025414214), (0.0011758747, -0.0011758752, 0.02511114), (0.0013065621, -0.0013065625, 0.024765367), (0.0013870391, -0.0013870394, 0.024390182), (0.001414213, -0.0014142133, 0.024), (0.0013870391, -0.0013870394, 0.023609819), (0.0013065621, -0.0013065625, 0.023234634), (0.0011758747, -0.0011758752, 0.02288886), (0.0009999993, -0.0009999995, 0.022585787), (0.0007856945, -0.0007856948, 0.02233706), (0.00054119586, -0.000541196, 0.022152241), (0.00027589916, -0.00027589928, 0.02203843), (0.00021677256, -0.00032442322, 0.02596157), (0.00042521485, -0.00063637906, 0.02584776), (0.00061731617, -0.00092387927, 0.02566294), (0.00078569446, -0.001175875, 0.025414214), (0.00092387875, -0.0013826828, 0.02511114), (0.0010265592, -0.0015363548, 0.024765367), (0.0010897894, -0.0016309856, 0.024390182), (0.0011111399, -0.0016629389, 0.024), (0.0010897894, -0.0016309856, 0.023609819), (0.0010265592, -0.0015363548, 0.023234634), (0.00092387875, -0.0013826828, 0.02288886), (0.00078569446, -0.001175875, 0.022585787), (0.00061731617, -0.00092387927, 0.02233706), (0.00042521485, -0.00063637906, 0.022152241), (0.00021677256, -0.00032442322, 0.02203843), (0.00014931551, -0.00036047972, 0.02596157), (0.00029289303, -0.0007071065, 0.02584776), (0.0004252147, -0.0010265596, 0.02566294), (0.00054119574, -0.0013065622, 0.025414214), (0.0006363786, -0.0015363547, 0.02511114), (0.00070710614, -0.0017071058, 0.024765367), (0.00075065996, -0.0018122541, 0.024390182), (0.00076536636, -0.0018477585, 0.024), (0.00075065996, -0.0018122541, 0.023609819), (0.00070710614, -0.0017071058, 0.023234634), (0.0006363786, -0.0015363547, 0.02288886), (0.00054119574, -0.0013065622, 0.022585787), (0.0004252147, -0.0010265596, 0.02233706), (0.00029289303, -0.0007071065, 0.022152241), (0.00014931551, -0.00036047972, 0.02203843), (0.000076120356, -0.0003826832, 0.02596157), (0.00014931553, -0.0007506602, 0.02584776), (0.00021677245, -0.0010897898, 0.02566294), (0.0002758992, -0.001387039, 0.025414214), (0.0003244228, -0.0016309853, 0.02511114), (0.00036047943, -0.0018122537, 0.024765367), (0.00038268298, -0.0019238786, 0.024390182), (0.0003901802, -0.0019615698, 0.024), (0.00038268298, -0.0019238786, 0.023609819), (0.00036047943, -0.0018122537, 0.023234634), (0.0003244228, -0.0016309853, 0.02288886), (0.0002758992, -0.001387039, 0.022585787), (0.00021677245, -0.0010897898, 0.02233706), (0.00014931553, -0.0007506602, 0.022152241), (0.000076120356, -0.0003826832, 0.02203843), (-7.2759576e-11, -0.0003901804, 0.02596157), (-7.2759576e-11, -0.0007653665, 0.02584776), (-2.1827873e-10, -0.0011111399, 0.02566294), (0, -0.0014142125, 0.025414214), (-3.2014214e-10, -0.001662938, 0.02511114), (-2.3283064e-10, -0.0018477577, 0.024765367), (-2.910383e-10, -0.0019615695, 0.024390182), (-2.6193447e-10, -0.0019999992, 0.024), (-2.910383e-10, -0.0019615695, 0.023609819), (-2.3283064e-10, -0.0018477577, 0.023234634), (-3.2014214e-10, -0.001662938, 0.02288886), (0, -0.0014142125, 0.022585787), (-2.1827873e-10, -0.0011111399, 0.02233706), (-7.2759576e-11, -0.0007653665, 0.022152241), (-7.2759576e-11, -0.0003901804, 0.02203843), (-0.000076120494, -0.00038268318, 0.02596157), (-0.00014931567, -0.00075066014, 0.02584776), (-0.00021677285, -0.0010897897, 0.02566294), (-0.0002758992, -0.0013870387, 0.025414214), (-0.00032442345, -0.001630985, 0.02511114), (-0.0003604799, -0.0018122535, 0.024765367), (-0.00038268353, -0.0019238784, 0.024390182), (-0.00039018074, -0.0019615698, 0.024), (-0.00038268353, -0.0019238784, 0.023609819), (-0.0003604799, -0.0018122535, 0.023234634), (-0.00032442345, -0.001630985, 0.02288886), (-0.0002758992, -0.0013870387, 0.022585787), (-0.00021677285, -0.0010897897, 0.02233706), (-0.00014931567, -0.00075066014, 0.022152241), (-0.000076120494, -0.00038268318, 0.02203843), (-0.00014931565, -0.00036047964, 0.02596157), (-0.00029289315, -0.0007071064, 0.02584776), (-0.00042521505, -0.0010265593, 0.02566294), (-0.00054119574, -0.0013065619, 0.025414214), (-0.0006363791, -0.0015363541, 0.02511114), (-0.0007071065, -0.0017071053, 0.024765367), (-0.00075066043, -0.0018122537, 0.024390182), (-0.00076536677, -0.0018477582, 0.024), (-0.00075066043, -0.0018122537, 0.023609819), (-0.0007071065, -0.0017071053, 0.023234634), (-0.0006363791, -0.0015363541, 0.02288886), (-0.00054119574, -0.0013065619, 0.022585787), (-0.00042521505, -0.0010265593, 0.02233706), (-0.00029289315, -0.0007071064, 0.022152241), (-0.00014931565, -0.00036047964, 0.02203843), (-0.00021677268, -0.00032442308, 0.02596157), (-0.00042521488, -0.0006363789, 0.02584776), (-0.00061731646, -0.00092387886, 0.02566294), (-0.0007856944, -0.0011758745, 0.025414214), (-0.0009238791, -0.001382682, 0.02511114), (-0.0010265594, -0.0015363541, 0.024765367), (-0.0010897899, -0.0016309851, 0.024390182), (-0.0011111402, -0.0016629383, 0.024), (-0.0010897899, -0.0016309851, 0.023609819), (-0.0010265594, -0.0015363541, 0.023234634), (-0.0009238791, -0.001382682, 0.02288886), (-0.0007856944, -0.0011758745, 0.022585787), (-0.00061731646, -0.00092387886, 0.02233706), (-0.00042521488, -0.0006363789, 0.022152241), (-0.00021677268, -0.00032442308, 0.02203843), (-0.00027589925, -0.0002758991, 0.02596157), (-0.00054119586, -0.00054119574, 0.02584776), (-0.00078569475, -0.0007856943, 0.02566294), (-0.0009999992, -0.000999999, 0.025414214), (-0.0011758748, -0.0011758743, 0.02511114), (-0.0013065621, -0.0013065615, 0.024765367), (-0.0013870392, -0.0013870386, 0.024390182), (-0.0014142131, -0.0014142126, 0.024), (-0.0013870392, -0.0013870386, 0.023609819), (-0.0013065621, -0.0013065615, 0.023234634), (-0.0011758748, -0.0011758743, 0.02288886), (-0.0009999992, -0.000999999, 0.022585787), (-0.00078569475, -0.0007856943, 0.02233706), (-0.00054119586, -0.00054119574, 0.022152241), (-0.00027589925, -0.0002758991, 0.02203843), (-0.00032442316, -0.0002167725, 0.02596157), (-0.000636379, -0.00042521476, 0.02584776), (-0.0009238792, -0.00061731593, 0.02566294), (-0.0011758746, -0.0007856941, 0.025414214), (-0.0013826825, -0.00092387834, 0.02511114), (-0.0015363543, -0.0010265587, 0.024765367), (-0.0016309854, -0.0010897892, 0.024390182), (-0.0016629385, -0.0011111395, 0.024), (-0.0016309854, -0.0010897892, 0.023609819), (-0.0015363543, -0.0010265587, 0.023234634), (-0.0013826825, -0.00092387834, 0.02288886), (-0.0011758746, -0.0007856941, 0.022585787), (-0.0009238792, -0.00061731593, 0.02233706), (-0.000636379, -0.00042521476, 0.022152241), (-0.00032442316, -0.0002167725, 0.02203843), (-0.00036047967, -0.00014931546, 0.02596157), (-0.00070710643, -0.00029289298, 0.02584776), (-0.0010265595, -0.00042521447, 0.02566294), (-0.0013065618, -0.00054119545, 0.025414214), (-0.0015363544, -0.00063637824, 0.02511114), (-0.0017071052, -0.00070710573, 0.024765367), (-0.0018122537, -0.00075065973, 0.024390182), (-0.0018477581, -0.00076536613, 0.024), (-0.0018122537, -0.00075065973, 0.023609819), (-0.0017071052, -0.00070710573, 0.023234634), (-0.0015363544, -0.00063637824, 0.02288886), (-0.0013065618, -0.00054119545, 0.022585787), (-0.0010265595, -0.00042521447, 0.02233706), (-0.00070710643, -0.00029289298, 0.022152241), (-0.00036047967, -0.00014931546, 0.02203843), (-0.00038268312, -0.000076120305, 0.02596157), (-0.00075066014, -0.00014931549, 0.02584776), (-0.0010897897, -0.00021677227, 0.02566294), (-0.0013870384, -0.000275899, 0.025414214), (-0.001630985, -0.0003244225, 0.02511114), (-0.001812253, -0.0003604792, 0.024765367), (-0.0019238781, -0.00038268283, 0.024390182), (-0.0019615693, -0.00039018007, 0.024), (-0.0019238781, -0.00038268283, 0.023609819), (-0.001812253, -0.0003604792, 0.023234634), (-0.001630985, -0.0003244225, 0.02288886), (-0.0013870384, -0.000275899, 0.022585787), (-0.0010897897, -0.00021677227, 0.02233706), (-0.00075066014, -0.00014931549, 0.022152241), (-0.00038268312, -0.000076120305, 0.02203843), (-0.0003901803, 1.0186341e-10, 0.02596157), (-0.0007653664, 1.0186341e-10, 0.02584776), (-0.0011111398, 3.783498e-10, 0.02566294), (-0.001414212, 8.731149e-11, 0.025414214), (-0.0016629377, 5.820766e-10, 0.02511114), (-0.001847757, 3.4924597e-10, 0.024765367), (-0.0019615688, 3.2014214e-10, 0.024390182), (-0.0019999985, 3.2014214e-10, 0.024), (-0.0019615688, 3.2014214e-10, 0.023609819), (-0.001847757, 3.4924597e-10, 0.023234634), (-0.0016629377, 5.820766e-10, 0.02288886), (-0.001414212, 8.731149e-11, 0.022585787), (-0.0011111398, 3.783498e-10, 0.02233706), (-0.0007653664, 1.0186341e-10, 0.022152241), (-0.0003901803, 1.0186341e-10, 0.02203843), (-0.00038268307, 0.0000761205, 0.02596157), (-0.0007506601, 0.00014931569, 0.02584776), (-0.0010897894, 0.000216773, 0.02566294), (-0.0013870383, 0.00027589916, 0.025414214), (-0.0016309846, 0.00032442363, 0.02511114), (-0.0018122527, 0.00036047987, 0.024765367), (-0.0019238776, 0.0003826834, 0.024390182), (-0.001961569, 0.00039018068, 0.024), (-0.0019238776, 0.0003826834, 0.023609819), (-0.0018122527, 0.00036047987, 0.023234634), (-0.0016309846, 0.00032442363, 0.02288886), (-0.0013870383, 0.00027589916, 0.022585787), (-0.0010897894, 0.000216773, 0.02233706), (-0.0007506601, 0.00014931569, 0.022152241), (-0.00038268307, 0.0000761205, 0.02203843), (-0.00036047952, 0.00014931563, 0.02596157), (-0.0007071063, 0.00029289315, 0.02584776), (-0.0010265592, 0.00042521514, 0.02566294), (-0.0013065615, 0.0005411956, 0.025414214), (-0.0015363537, 0.00063637923, 0.02511114), (-0.0017071045, 0.0007071063, 0.024765367), (-0.0018122529, 0.00075066014, 0.024390182), (-0.0018477575, 0.0007653666, 0.024), (-0.0018122529, 0.00075066014, 0.023609819), (-0.0017071045, 0.0007071063, 0.023234634), (-0.0015363537, 0.00063637923, 0.02288886), (-0.0013065615, 0.0005411956, 0.022585787), (-0.0010265592, 0.00042521514, 0.02233706), (-0.0007071063, 0.00029289315, 0.022152241), (-0.00036047952, 0.00014931563, 0.02203843), (-0.00032442296, 0.00021677263, 0.02596157), (-0.0006363788, 0.00042521488, 0.02584776), (-0.00092387875, 0.00061731646, 0.02566294), (-0.0011758743, 0.0007856942, 0.025414214), (-0.0013826817, 0.0009238791, 0.02511114), (-0.0015363534, 0.0010265589, 0.024765367), (-0.0016309844, 0.0010897894, 0.024390182), (-0.0016629377, 0.0011111399, 0.024), (-0.0016309844, 0.0010897894, 0.023609819), (-0.0015363534, 0.0010265589, 0.023234634), (-0.0013826817, 0.0009238791, 0.02288886), (-0.0011758743, 0.0007856942, 0.022585787), (-0.00092387875, 0.00061731646, 0.02233706), (-0.0006363788, 0.00042521488, 0.022152241), (-0.00032442296, 0.00021677263, 0.02203843), (-0.000275899, 0.0002758992, 0.02596157), (-0.0005411957, 0.00054119586, 0.02584776), (-0.00078569417, 0.0007856947, 0.02566294), (-0.0009999988, 0.000999999, 0.025414214), (-0.0011758739, 0.0011758748, 0.02511114), (-0.001306561, 0.0013065615, 0.024765367), (-0.001387038, 0.0013870387, 0.024390182), (-0.001414212, 0.0014142127, 0.024), (-0.001387038, 0.0013870387, 0.023609819), (-0.001306561, 0.0013065615, 0.023234634), (-0.0011758739, 0.0011758748, 0.02288886), (-0.0009999988, 0.000999999, 0.022585787), (-0.00078569417, 0.0007856947, 0.02233706), (-0.0005411957, 0.00054119586, 0.022152241), (-0.000275899, 0.0002758992, 0.02203843), (-0.0002167724, 0.0003244231, 0.02596157), (-0.0004252147, 0.000636379, 0.02584776), (-0.0006173158, 0.0009238791, 0.02566294), (-0.00078569393, 0.0011758744, 0.025414214), (-0.000923878, 0.0013826824, 0.02511114), (-0.0010265583, 0.0015363537, 0.024765367), (-0.0010897886, 0.0016309847, 0.024390182), (-0.0011111391, 0.001662938, 0.024), (-0.0010897886, 0.0016309847, 0.023609819), (-0.0010265583, 0.0015363537, 0.023234634), (-0.000923878, 0.0013826824, 0.02288886), (-0.00078569393, 0.0011758744, 0.022585787), (-0.0006173158, 0.0009238791, 0.02233706), (-0.0004252147, 0.000636379, 0.022152241), (-0.0002167724, 0.0003244231, 0.02203843), (-0.00014931537, 0.00036047958, 0.02596157), (-0.00029289292, 0.00070710643, 0.02584776), (-0.00042521438, 0.0010265593, 0.02566294), (-0.0005411953, 0.0013065615, 0.025414214), (-0.00063637795, 0.0015363542, 0.02511114), (-0.0007071055, 0.0017071047, 0.024765367), (-0.0007506593, 0.0018122529, 0.024390182), (-0.0007653657, 0.0018477575, 0.024), (-0.0007506593, 0.0018122529, 0.023609819), (-0.0007071055, 0.0017071047, 0.023234634), (-0.00063637795, 0.0015363542, 0.02288886), (-0.0005411953, 0.0013065615, 0.022585787), (-0.00042521438, 0.0010265593, 0.02233706), (-0.00029289292, 0.00070710643, 0.022152241), (-0.00014931537, 0.00036047958, 0.02203843), (-0.00007612023, 0.00038268304, 0.02596157), (-0.00014931543, 0.00075066014, 0.02584776), (-0.00021677223, 0.0010897894, 0.02566294), (-0.00027589884, 0.0013870383, 0.025414214), (-0.00032442226, 0.0016309847, 0.02511114), (-0.00036047905, 0.0018122526, 0.024765367), (-0.00038268257, 0.0019238773, 0.024390182), (-0.00039017983, 0.0019615686, 0.024), (-0.00038268257, 0.0019238773, 0.023609819), (-0.00036047905, 0.0018122526, 0.023234634), (-0.00032442226, 0.0016309847, 0.02288886), (-0.00027589884, 0.0013870383, 0.022585787), (-0.00021677223, 0.0010897894, 0.02233706), (-0.00014931543, 0.00075066014, 0.022152241), (-0.00007612023, 0.00038268304, 0.02203843), (1.6007107e-10, 0.00076536636, 0.02584776), (7.566996e-10, 0.0016629373, 0.02511114), (4.0745363e-10, 0.0019615681, 0.024390182), (4.0745363e-10, 0.0018477566, 0.023234634), (2.3283064e-10, 0.0014142119, 0.022585787), (1.6007107e-10, 0.00076536636, 0.022152241)]
            texCoord2f[] primvars:st = [(1, 0.5), (3.7625432e-7, 0.5), (0.75, 0.49), (1, 1), (0.25, 0.49), (3.7625432e-7, 1), (0.9791667, 0.5), (0.7813263, 0.48794675), (0.9791667, 1), (0.2813263, 0.48794675), (0.9583334, 0.5), (0.81211656, 0.4818222), (0.9583334, 1), (0.31211656, 0.4818222), (0.93750006, 0.5), (0.841844, 0.47173107), (0.93750006, 1), (0.34184402, 0.47173107), (0.91666675, 0.5), (0.87, 0.4578461), (0.91666675, 1), (0.37, 0.4578461), (0.89583343, 0.5), (0.8961027, 0.44040477), (0.89583343, 1), (0.39610273, 0.44040477), (0.8750001, 0.5), (0.9197056, 0.41970563), (0.8750001, 1), (0.41970563, 0.41970563), (0.8541668, 0.5), (0.9404048, 0.39610273), (0.8541668, 1), (0.44040477, 0.39610273), (0.8333335, 0.5), (0.9578461, 0.37), (0.8333335, 1), (0.4578461, 0.37), (0.8125002, 0.5), (0.97173107, 0.34184402), (0.8125002, 1), (0.47173107, 0.34184402), (0.79166687, 0.5), (0.9818222, 0.31211656), (0.79166687, 1), (0.4818222, 0.31211656), (0.77083355, 0.5), (0.98794675, 0.2813263), (0.77083355, 1), (0.48794675, 0.2813263), (0.75000024, 0.5), (0.99, 0.25), (0.75000024, 1), (0.49, 0.25), (0.7291669, 0.5), (0.98794675, 0.2186737), (0.7291669, 1), (0.48794675, 0.2186737), (0.7083336, 0.5), (0.9818222, 0.18788344), (0.7083336, 1), (0.4818222, 0.18788344), (0.6875003, 0.5), (0.97173107, 0.15815598), (0.6875003, 1), (0.47173107, 0.15815598), (0.666667, 0.5), (0.9578461, 0.13), (0.666667, 1), (0.4578461, 0.13), (0.6458337, 0.5), (0.9404048, 0.10389726), (0.6458337, 1), (0.44040477, 0.10389726), (0.62500036, 0.5), (0.9197056, 0.08029437), (0.62500036, 1), (0.41970563, 0.08029437), (0.60416704, 0.5), (0.8961027, 0.059595212), (0.60416704, 1), (0.39610273, 0.059595212), (0.58333373, 0.5), (0.87, 0.04215391), (0.58333373, 1), (0.37, 0.04215391), (0.5625004, 0.5), (0.841844, 0.028268918), (0.5625004, 1), (0.34184402, 0.028268918), (0.5416671, 0.5), (0.81211656, 0.018177792), (0.5416671, 1), (0.31211656, 0.018177792), (0.5208338, 0.5), (0.7813263, 0.012053236), (0.5208338, 1), (0.2813263, 0.012053236), (0.5000005, 0.5), (0.75, 0.010000005), (0.5000005, 1), (0.25, 0.010000005), (0.47916713, 0.5), (0.7186737, 0.012053236), (0.47916713, 1), (0.2186737, 0.012053236), (0.4583338, 0.5), (0.68788344, 0.018177792), (0.4583338, 1), (0.18788344, 0.018177792), (0.43750045, 0.5), (0.658156, 0.028268918), (0.43750045, 1), (0.15815598, 0.028268918), (0.4166671, 0.5), (0.63, 0.04215391), (0.4166671, 1), (0.13, 0.04215391), (0.39583376, 0.5), (0.6038973, 0.059595212), (0.39583376, 1), (0.10389726, 0.059595212), (0.37500042, 0.5), (0.5802944, 0.08029437), (0.37500042, 1), (0.08029437, 0.08029437), (0.35416707, 0.5), (0.5595952, 0.10389726), (0.35416707, 1), (0.059595212, 0.10389726), (0.33333373, 0.5), (0.5421539, 0.13), (0.33333373, 1), (0.04215391, 0.13), (0.3125004, 0.5), (0.52826893, 0.15815598), (0.3125004, 1), (0.028268918, 0.15815598), (0.29166704, 0.5), (0.5181778, 0.18788344), (0.29166704, 1), (0.018177792, 0.18788344), (0.2708337, 0.5), (0.51205325, 0.2186737), (0.2708337, 1), (0.012053236, 0.2186737), (0.25000036, 0.5), (0.51, 0.25), (0.25000036, 1), (0.010000005, 0.25), (0.22916703, 0.5), (0.51205325, 0.2813263), (0.22916703, 1), (0.012053236, 0.2813263), (0.2083337, 0.5), (0.5181778, 0.31211656), (0.2083337, 1), (0.018177792, 0.31211656), (0.18750037, 0.5), (0.52826893, 0.34184402), (0.18750037, 1), (0.028268918, 0.34184402), (0.16666704, 0.5), (0.5421539, 0.37), (0.16666704, 1), (0.04215391, 0.37), (0.14583372, 0.5), (0.5595952, 0.39610273), (0.14583372, 1), (0.059595212, 0.39610273), (0.12500039, 0.5), (0.5802944, 0.41970563), (0.12500039, 1), (0.08029437, 0.41970563), (0.10416705, 0.5), (0.6038973, 0.44040477), (0.10416705, 1), (0.10389726, 0.44040477), (0.083333716, 0.5), (0.63, 0.4578461), (0.083333716, 1), (0.13, 0.4578461), (0.06250038, 0.5), (0.658156, 0.47173107), (0.06250038, 1), (0.15815598, 0.47173107), (0.041667044, 0.5), (0.68788344, 0.4818222), (0.18788344, 0.4818222), (0.041667044, 1), (0.02083371, 0.5), (0.7186737, 0.48794675), (0.2186737, 0.48794675), (0.02083371, 1), (1, 0.5), (3.7625432e-7, 0.5), (0.75, 0.49), (1, 1), (0.25, 0.49), (3.7625432e-7, 1), (0.9791667, 0.5), (0.7813263, 0.48794675), (0.9791667, 1), (0.2813263, 0.48794675), (0.9583334, 0.5), (0.81211656, 0.4818222), (0.9583334, 1), (0.31211656, 0.4818222), (0.93750006, 0.5), (0.841844, 0.47173107), (0.93750006, 1), (0.34184402, 0.47173107), (0.91666675, 0.5), (0.87, 0.4578461), (0.91666675, 1), (0.37, 0.4578461), (0.89583343, 0.5), (0.8961027, 0.44040477), (0.89583343, 1), (0.39610273, 0.44040477), (0.8750001, 0.5), (0.9197056, 0.41970563), (0.8750001, 1), (0.41970563, 0.41970563), (0.8541668, 0.5), (0.9404048, 0.39610273), (0.8541668, 1), (0.44040477, 0.39610273), (0.8333335, 0.5), (0.9578461, 0.37), (0.8333335, 1), (0.4578461, 0.37), (0.8125002, 0.5), (0.97173107, 0.34184402), (0.8125002, 1), (0.47173107, 0.34184402), (0.79166687, 0.5), (0.9818222, 0.31211656), (0.79166687, 1), (0.4818222, 0.31211656), (0.77083355, 0.5), (0.98794675, 0.2813263), (0.77083355, 1), (0.48794675, 0.2813263), (0.75000024, 0.5), (0.99, 0.25), (0.75000024, 1), (0.49, 0.25), (0.7291669, 0.5), (0.98794675, 0.2186737), (0.7291669, 1), (0.48794675, 0.2186737), (0.7083336, 0.5), (0.9818222, 0.18788344), (0.7083336, 1), (0.4818222, 0.18788344), (0.6875003, 0.5), (0.97173107, 0.15815598), (0.6875003, 1), (0.47173107, 0.15815598), (0.666667, 0.5), (0.9578461, 0.13), (0.666667, 1), (0.4578461, 0.13), (0.6458337, 0.5), (0.9404048, 0.10389726), (0.6458337, 1), (0.44040477, 0.10389726), (0.62500036, 0.5), (0.9197056, 0.08029437), (0.62500036, 1), (0.41970563, 0.08029437), (0.60416704, 0.5), (0.8961027, 0.059595212), (0.60416704, 1), (0.39610273, 0.059595212), (0.58333373, 0.5), (0.87, 0.04215391), (0.58333373, 1), (0.37, 0.04215391), (0.5625004, 0.5), (0.841844, 0.028268918), (0.5625004, 1), (0.34184402, 0.028268918), (0.5416671, 0.5), (0.81211656, 0.018177792), (0.5416671, 1), (0.31211656, 0.018177792), (0.5208338, 0.5), (0.7813263, 0.012053236), (0.5208338, 1), (0.2813263, 0.012053236), (0.5000005, 0.5), (0.75, 0.010000005), (0.5000005, 1), (0.25, 0.010000005), (0.47916713, 0.5), (0.7186737, 0.012053236), (0.47916713, 1), (0.2186737, 0.012053236), (0.4583338, 0.5), (0.68788344, 0.018177792), (0.4583338, 1), (0.18788344, 0.018177792), (0.43750045, 0.5), (0.658156, 0.028268918), (0.43750045, 1), (0.15815598, 0.028268918), (0.4166671, 0.5), (0.63, 0.04215391), (0.4166671, 1), (0.13, 0.04215391), (0.39583376, 0.5), (0.6038973, 0.059595212), (0.39583376, 1), (0.10389726, 0.059595212), (0.37500042, 0.5), (0.5802944, 0.08029437), (0.37500042, 1), (0.08029437, 0.08029437), (0.35416707, 0.5), (0.5595952, 0.10389726), (0.35416707, 1), (0.059595212, 0.10389726), (0.33333373, 0.5), (0.5421539, 0.13), (0.33333373, 1), (0.04215391, 0.13), (0.3125004, 0.5), (0.52826893, 0.15815598), (0.3125004, 1), (0.028268918, 0.15815598), (0.29166704, 0.5), (0.5181778, 0.18788344), (0.29166704, 1), (0.018177792, 0.18788344), (0.2708337, 0.5), (0.51205325, 0.2186737), (0.2708337, 1), (0.012053236, 0.2186737), (0.25000036, 0.5), (0.51, 0.25), (0.25000036, 1), (0.010000005, 0.25), (0.22916703, 0.5), (0.51205325, 0.2813263), (0.22916703, 1), (0.012053236, 0.2813263), (0.2083337, 0.5), (0.5181778, 0.31211656), (0.2083337, 1), (0.018177792, 0.31211656), (0.18750037, 0.5), (0.52826893, 0.34184402), (0.18750037, 1), (0.028268918, 0.34184402), (0.16666704, 0.5), (0.5421539, 0.37), (0.16666704, 1), (0.04215391, 0.37), (0.14583372, 0.5), (0.5595952, 0.39610273), (0.14583372, 1), (0.059595212, 0.39610273), (0.12500039, 0.5), (0.5802944, 0.41970563), (0.12500039, 1), (0.08029437, 0.41970563), (0.10416705, 0.5), (0.6038973, 0.44040477), (0.10416705, 1), (0.10389726, 0.44040477), (0.083333716, 0.5), (0.63, 0.4578461), (0.083333716, 1), (0.13, 0.4578461), (0.06250038, 0.5), (0.658156, 0.47173107), (0.06250038, 1), (0.15815598, 0.47173107), (0.041667044, 0.5), (0.68788344, 0.4818222), (0.18788344, 0.4818222), (0.041667044, 1), (0.02083371, 0.5), (0.7186737, 0.48794675), (0.2186737, 0.48794675), (0.02083371, 1), (1, 0.5), (0, 0.5), (0.75, 0.49), (1, 1), (0.25, 0.49), (0, 1), (0.96875, 0.5), (0.79682165, 0.48538846), (0.96875, 1), (0.29682168, 0.48538846), (0.9375, 0.5), (0.841844, 0.47173107), (0.9375, 1), (0.34184402, 0.47173107), (0.90625, 0.5), (0.88333684, 0.4495527), (0.90625, 1), (0.38333684, 0.4495527), (0.875, 0.5), (0.9197056, 0.41970563), (0.875, 1), (0.41970563, 0.41970563), (0.84375, 0.5), (0.9495527, 0.38333684), (0.84375, 1), (0.4495527, 0.38333684), (0.8125, 0.5), (0.97173107, 0.34184402), (0.8125, 1), (0.47173107, 0.34184402), (0.78125, 0.5), (0.98538846, 0.29682168), (0.78125, 1), (0.48538846, 0.29682168), (0.75, 0.5), (0.99, 0.25), (0.75, 1), (0.49, 0.25), (0.71875, 0.5), (0.98538846, 0.20317832), (0.71875, 1), (0.48538846, 0.20317832), (0.6875, 0.5), (0.97173107, 0.15815598), (0.6875, 1), (0.47173107, 0.15815598), (0.65625, 0.5), (0.9495527, 0.11666314), (0.65625, 1), (0.4495527, 0.11666314), (0.625, 0.5), (0.9197056, 0.08029437), (0.625, 1), (0.41970563, 0.08029437), (0.59375, 0.5), (0.88333684, 0.0504473), (0.59375, 1), (0.38333684, 0.0504473), (0.5625, 0.5), (0.841844, 0.028268918), (0.5625, 1), (0.34184402, 0.028268918), (0.53125, 0.5), (0.79682165, 0.014611542), (0.53125, 1), (0.29682168, 0.014611542), (0.5, 0.5), (0.75, 0.010000005), (0.5, 1), (0.25, 0.010000005), (0.46875, 0.5), (0.70317835, 0.014611542), (0.46875, 1), (0.20317832, 0.014611542), (0.4375, 0.5), (0.658156, 0.028268918), (0.4375, 1), (0.15815598, 0.028268918), (0.40625, 0.5), (0.61666316, 0.0504473), (0.40625, 1), (0.11666314, 0.0504473), (0.375, 0.5), (0.5802944, 0.08029437), (0.375, 1), (0.08029437, 0.08029437), (0.34375, 0.5), (0.5504473, 0.11666314), (0.34375, 1), (0.0504473, 0.11666314), (0.3125, 0.5), (0.52826893, 0.15815598), (0.3125, 1), (0.028268918, 0.15815598), (0.28125, 0.5), (0.51461154, 0.20317832), (0.28125, 1), (0.014611542, 0.20317832), (0.25, 0.5), (0.51, 0.25), (0.25, 1), (0.010000005, 0.25), (0.21875, 0.5), (0.51461154, 0.29682168), (0.21875, 1), (0.014611542, 0.29682168), (0.1875, 0.5), (0.52826893, 0.34184402), (0.1875, 1), (0.028268918, 0.34184402), (0.15625, 0.5), (0.5504473, 0.38333684), (0.15625, 1), (0.0504473, 0.38333684), (0.125, 0.5), (0.5802944, 0.41970563), (0.125, 1), (0.08029437, 0.41970563), (0.09375, 0.5), (0.61666316, 0.4495527), (0.09375, 1), (0.11666314, 0.4495527), (0.0625, 0.5), (0.658156, 0.47173107), (0.15815598, 0.47173107), (0.0625, 1), (0.03125, 0.5), (0.70317835, 0.48538846), (0.20317832, 0.48538846), (0.03125, 1), (0.734375, 1), (0.703125, 1), (0.671875, 1), (0.640625, 1), (0.609375, 1), (0.578125, 1), (0.546875, 1), (0.515625, 1), (0.48437497, 1), (0.45312497, 1), (0.42187497, 1), (0.39062497, 1), (0.35937497, 1), (0.32812497, 1), (0.296875, 1), (0.265625, 1), (0.23437497, 1), (0.20312497, 1), (0.171875, 1), (0.14062497, 1), (0.10937497, 1), (0.07812494, 1), (0.04687497, 1), (0.01562497, 1), (0.984375, 1), (0.95312494, 1), (0.92187494, 1), (0.8906249, 1), (0.85937494, 1), (0.82812494, 1), (0.7968749, 1), (0.76562494, 1), (0.75, 0.93750006), (0.75, 0.8125), (0.75, 0.75), (0.75, 0.625), (0.75, 0.5), (0.75, 0.4375), (0.75, 0.31250006), (0.75, 0.1875), (0.75, 0.06249994), (0.734375, 5.9604645e-8), (0.703125, 5.9604645e-8), (0.671875, 5.9604645e-8), (0.640625, 5.9604645e-8), (0.609375, 5.9604645e-8), (0.578125, 5.9604645e-8), (0.546875, 5.9604645e-8), (0.515625, 5.9604645e-8), (0.48437497, 5.9604645e-8), (0.45312497, 5.9604645e-8), (0.42187497, 5.9604645e-8), (0.39062497, 5.9604645e-8), (0.35937497, 5.9604645e-8), (0.32812497, 5.9604645e-8), (0.296875, 5.9604645e-8), (0.265625, 5.9604645e-8), (0.23437497, 5.9604645e-8), (0.20312497, 5.9604645e-8), (0.171875, 5.9604645e-8), (0.14062497, 5.9604645e-8), (0.10937497, 5.9604645e-8), (0.07812494, 5.9604645e-8), (0.04687497, 5.9604645e-8), (0.01562497, 5.9604645e-8), (0.984375, 5.9604645e-8), (0.95312494, 5.9604645e-8), (0.92187494, 5.9604645e-8), (0.8906249, 5.9604645e-8), (0.85937494, 5.9604645e-8), (0.82812494, 5.9604645e-8), (0.7968749, 5.9604645e-8), (0.76562494, 5.9604645e-8), (0.71875, 0.93750006), (0.71875, 0.875), (0.71875, 0.8125), (0.71875, 0.75), (0.71875, 0.6875), (0.71875, 0.625), (0.71875, 0.5625), (0.71875, 0.5), (0.71875, 0.4375), (0.71875, 0.375), (0.71875, 0.31250006), (0.71875, 0.25), (0.71875, 0.1875), (0.71875, 0.12500006), (0.71875, 0.06249994), (0.6875, 0.93750006), (0.6875, 0.875), (0.6875, 0.8125), (0.6875, 0.75), (0.6875, 0.6875), (0.6875, 0.625), (0.6875, 0.5625), (0.6875, 0.5), (0.6875, 0.4375), (0.6875, 0.375), (0.6875, 0.31250006), (0.6875, 0.25), (0.6875, 0.1875), (0.6875, 0.12500006), (0.6875, 0.06249994), (0.65625, 0.93750006), (0.65625, 0.875), (0.65625, 0.8125), (0.65625, 0.75), (0.65625, 0.6875), (0.65625, 0.62500006), (0.65625, 0.5625), (0.65625, 0.5), (0.65625, 0.4375), (0.65625, 0.375), (0.65625, 0.31250006), (0.65625, 0.25), (0.65625, 0.1875), (0.65625, 0.12500006), (0.65625, 0.06249994), (0.625, 0.93750006), (0.625, 0.875), (0.625, 0.8125), (0.625, 0.75), (0.625, 0.6875), (0.625, 0.62500006), (0.625, 0.5625), (0.625, 0.5), (0.625, 0.4375), (0.625, 0.375), (0.625, 0.31249994), (0.625, 0.25), (0.625, 0.1875), (0.625, 0.12500006), (0.625, 0.06249994), (0.59375, 0.93750006), (0.59375, 0.875), (0.59375, 0.8125), (0.59375, 0.75), (0.59375, 0.6875), (0.59375, 0.62500006), (0.59375, 0.5625), (0.59375, 0.5), (0.59375, 0.4375), (0.59375, 0.375), (0.59375, 0.31249994), (0.59375, 0.25), (0.59375, 0.1875), (0.59375, 0.12500006), (0.59375, 0.06249994), (0.5625, 0.93750006), (0.5625, 0.875), (0.5625, 0.8125), (0.5625, 0.75), (0.5625, 0.6875), (0.5625, 0.62500006), (0.5625, 0.5625), (0.5625, 0.5), (0.5625, 0.4375), (0.5625, 0.375), (0.5625, 0.31249994), (0.5625, 0.25), (0.5625, 0.1875), (0.5625, 0.12500006), (0.5625, 0.06249994), (0.53125, 0.93750006), (0.53125, 0.875), (0.53125, 0.8125), (0.53125, 0.75000006), (0.53125, 0.6875001), (0.53125, 0.62500006), (0.53125, 0.5625), (0.53125, 0.5), (0.53125, 0.4375), (0.53125, 0.375), (0.53125, 0.31249994), (0.53125, 0.24999994), (0.53125, 0.1875), (0.53125, 0.12500006), (0.53125, 0.06249994), (0.49999997, 0.93750006), (0.5, 0.875), (0.5, 0.8125), (0.5, 0.75000006), (0.49999997, 0.6875001), (0.49999997, 0.62500006), (0.49999997, 0.5625), (0.49999997, 0.5), (0.49999997, 0.4375), (0.49999997, 0.37499994), (0.49999997, 0.31249994), (0.5, 0.24999994), (0.5, 0.1875), (0.5, 0.12500006), (0.49999997, 0.06249994), (0.46874997, 0.93750006), (0.46875, 0.875), (0.46875, 0.81250006), (0.46875, 0.75000006), (0.46875, 0.6875001), (0.46875, 0.62500006), (0.46874997, 0.5625), (0.46875, 0.5), (0.46874997, 0.4375), (0.46875, 0.37499994), (0.46875, 0.31249994), (0.46875, 0.24999994), (0.46875, 0.1875), (0.46875, 0.12500006), (0.46874997, 0.06249994), (0.43749997, 0.93750006), (0.4375, 0.875), (0.43749997, 0.81250006), (0.43749997, 0.7500001), (0.43749997, 0.6875001), (0.4375, 0.62500006), (0.43749997, 0.5625), (0.43749997, 0.5), (0.43749997, 0.4375), (0.4375, 0.37499994), (0.43749997, 0.31249988), (0.43749997, 0.24999994), (0.43749997, 0.1875), (0.4375, 0.12500006), (0.43749997, 0.06249994), (0.40624997, 0.93750006), (0.40625, 0.875), (0.40625, 0.81250006), (0.40625, 0.7500001), (0.40624997, 0.6875001), (0.40625, 0.6250001), (0.40625, 0.5625), (0.40625, 0.5), (0.40625, 0.4375), (0.40625, 0.37499994), (0.40624997, 0.31249988), (0.40625, 0.24999994), (0.40625, 0.1875), (0.40625, 0.12500006), (0.40624997, 0.06249994), (0.37499997, 0.93750006), (0.375, 0.875), (0.37499997, 0.81250006), (0.375, 0.7500001), (0.37499997, 0.6875001), (0.375, 0.6250001), (0.375, 0.5625), (0.375, 0.5), (0.375, 0.4375), (0.375, 0.37499994), (0.37499997, 0.31249988), (0.375, 0.24999994), (0.37499997, 0.1875), (0.375, 0.12500006), (0.37499997, 0.06249994), (0.34374997, 0.93750006), (0.34375, 0.87500006), (0.34375, 0.81250006), (0.34375, 0.7500001), (0.34374997, 0.6875001), (0.34375, 0.6250001), (0.34375, 0.56250006), (0.34375, 0.5), (0.34375, 0.4375), (0.34375, 0.37499994), (0.34374997, 0.31249988), (0.34375, 0.24999994), (0.34375, 0.1875), (0.34375, 0.125), (0.34374997, 0.06249994), (0.3125, 0.93750006), (0.3125, 0.87500006), (0.3125, 0.81250006), (0.3125, 0.7500001), (0.31249997, 0.6875001), (0.3125, 0.6250001), (0.3125, 0.5625), (0.3125, 0.5), (0.3125, 0.4375), (0.3125, 0.37499994), (0.31249997, 0.31249988), (0.3125, 0.24999994), (0.3125, 0.1875), (0.3125, 0.125), (0.3125, 0.06249994), (0.28124997, 0.93750006), (0.28125, 0.87500006), (0.28124997, 0.81250006), (0.28125, 0.7500001), (0.28124997, 0.6875001), (0.28125, 0.6250001), (0.28125, 0.56250006), (0.28125, 0.5), (0.28125, 0.4375), (0.28125, 0.37499994), (0.28124997, 0.31249988), (0.28125, 0.24999994), (0.28124997, 0.1875), (0.28125, 0.125), (0.28124997, 0.06249994), (0.24999997, 0.93750006), (0.25, 0.87500006), (0.24999997, 0.81250006), (0.25, 0.7500001), (0.24999997, 0.6875001), (0.24999997, 0.6250001), (0.24999997, 0.56250006), (0.24999997, 0.5), (0.24999997, 0.4375), (0.24999997, 0.37499994), (0.24999997, 0.31249988), (0.25, 0.24999988), (0.24999997, 0.1875), (0.25, 0.125), (0.24999997, 0.06249994), (0.21874997, 0.93750006), (0.21875, 0.87500006), (0.21874997, 0.81250006), (0.21875, 0.7500001), (0.21874997, 0.6875001), (0.21875, 0.6250001), (0.21875, 0.56250006), (0.21875, 0.5), (0.21875, 0.4375), (0.21875, 0.37499994), (0.21874997, 0.31249988), (0.21875, 0.24999988), (0.21874997, 0.1875), (0.21875, 0.125), (0.21874997, 0.06249994), (0.18749997, 0.93750006), (0.1875, 0.87500006), (0.18749997, 0.81250006), (0.1875, 0.7500001), (0.18749997, 0.6875001), (0.18749997, 0.6250001), (0.18749997, 0.56250006), (0.1875, 0.5), (0.18749997, 0.4375), (0.18749997, 0.37499994), (0.18749997, 0.31249988), (0.1875, 0.24999988), (0.18749997, 0.1875), (0.1875, 0.125), (0.18749997, 0.06249994), (0.15624997, 0.93750006), (0.15624997, 0.87500006), (0.15624997, 0.81250006), (0.15624997, 0.7500001), (0.15624997, 0.6875001), (0.15624997, 0.6250001), (0.15624997, 0.56250006), (0.15624997, 0.5), (0.15624997, 0.4375), (0.15624997, 0.37499994), (0.15624997, 0.31249988), (0.15624997, 0.24999988), (0.15624997, 0.1875), (0.15624997, 0.125), (0.15624997, 0.06249994), (0.12499997, 0.93750006), (0.125, 0.87500006), (0.12499997, 0.81250006), (0.125, 0.7500001), (0.12499997, 0.6875002), (0.12499997, 0.6250001), (0.12499997, 0.56250006), (0.12499997, 0.5), (0.12499997, 0.4375), (0.12499997, 0.37499994), (0.12499997, 0.31249988), (0.125, 0.24999988), (0.12499997, 0.1875), (0.125, 0.125), (0.12499997, 0.06249994), (0.09374997, 0.93750006), (0.09375, 0.87500006), (0.09374997, 0.81250006), (0.09375, 0.7500001), (0.09374997, 0.6875001), (0.09374997, 0.6250001), (0.09375, 0.56250006), (0.09375, 0.5), (0.09375, 0.4375), (0.09374997, 0.37499994), (0.09374997, 0.31249988), (0.09375, 0.24999988), (0.09374997, 0.1875), (0.09375, 0.125), (0.09374997, 0.06249994), (0.0625, 0.93750006), (0.0625, 0.87500006), (0.06249994, 0.81250006), (0.0625, 0.7500002), (0.06249994, 0.6875001), (0.0625, 0.6250001), (0.0625, 0.56250006), (0.0625, 0.5), (0.0625, 0.4375), (0.0625, 0.37499988), (0.06249994, 0.31249988), (0.0625, 0.24999988), (0.06249994, 0.1875), (0.0625, 0.125), (0.0625, 0.06249994), (0.03124997, 0.93750006), (0.03124997, 0.87500006), (0.03124997, 0.81250006), (0.03125, 0.7500002), (0.03124997, 0.6875002), (0.03124997, 0.6250001), (0.03124997, 0.56250006), (0.03124997, 0.5), (0.03124997, 0.4375), (0.03124997, 0.37499988), (0.03124997, 0.31249988), (0.03125, 0.24999988), (0.03124997, 0.1875), (0.03124997, 0.125), (0.03124997, 0.06249994), (0, 0.93750006), (1, 0.93750006), (0, 0.87500006), (1, 0.87500006), (0, 0.8125001), (1, 0.8125001), (0, 0.7500002), (1, 0.7500002), (0, 0.6875002), (1, 0.6875002), (0, 0.6250001), (1, 0.6250001), (0, 0.56250006), (1, 0.56250006), (0, 0.5), (1, 0.5), (0, 0.43749994), (1, 0.43749994), (0, 0.37499988), (1, 0.37499988), (0, 0.31249988), (1, 0.31249988), (0, 0.24999988), (1, 0.24999988), (0, 0.18749994), (1, 0.18749994), (0, 0.125), (1, 0.125), (0, 0.06249994), (1, 0.06249994), (0.96874994, 0.93750006), (0.96874994, 0.87500006), (0.9687499, 0.8125001), (0.96875, 0.7500002), (0.9687499, 0.6875002), (0.96874994, 0.6250001), (0.96874994, 0.56250006), (0.96874994, 0.5), (0.96874994, 0.43749994), (0.96874994, 0.37499988), (0.9687499, 0.31249988), (0.96875, 0.24999988), (0.9687499, 0.18749994), (0.96874994, 0.125), (0.96874994, 0.06249994), (0.93749994, 0.93750006), (0.9375, 0.87500006), (0.93749994, 0.8125001), (0.9375, 0.7500002), (0.93749994, 0.6875002), (0.93749994, 0.6250001), (0.9375, 0.56250006), (0.9375, 0.5), (0.9375, 0.43749994), (0.93749994, 0.37499988), (0.93749994, 0.31249988), (0.9375, 0.24999988), (0.93749994, 0.18749994), (0.9375, 0.125), (0.93749994, 0.06249994), (0.90624994, 0.93750006), (0.90625, 0.87500006), (0.90624994, 0.8125001), (0.90625, 0.7500002), (0.90624994, 0.6875002), (0.90625, 0.6250001), (0.90625, 0.56250006), (0.90625, 0.5), (0.90625, 0.43749994), (0.90625, 0.37499982), (0.90624994, 0.31249988), (0.90625, 0.24999988), (0.90624994, 0.18749994), (0.90625, 0.125), (0.90624994, 0.06249994), (0.8749999, 0.93750006), (0.87499994, 0.87500006), (0.87499994, 0.8125001), (0.875, 0.7500002), (0.8749999, 0.68750024), (0.87499994, 0.6250001), (0.87499994, 0.56250006), (0.87499994, 0.5), (0.87499994, 0.43749994), (0.87499994, 0.37499982), (0.8749999, 0.31249982), (0.875, 0.24999988), (0.87499994, 0.18749994), (0.87499994, 0.125), (0.8749999, 0.06249994), (0.84374994, 0.93750006), (0.84375, 0.87500006), (0.84374994, 0.8125001), (0.84375, 0.7500002), (0.84374994, 0.68750024), (0.84375, 0.6250001), (0.84374994, 0.5625001), (0.84374994, 0.5), (0.84374994, 0.43749994), (0.84375, 0.37499982), (0.84374994, 0.31249982), (0.84375, 0.24999988), (0.84374994, 0.18749994), (0.84375, 0.125), (0.84374994, 0.06249994), (0.81249994, 0.93750006), (0.8125, 0.87500006), (0.81249994, 0.8125001), (0.8125, 0.7500002), (0.81249994, 0.68750024), (0.81249994, 0.6250001), (0.8125, 0.5625001), (0.81249994, 0.5), (0.8125, 0.43749994), (0.81249994, 0.37499982), (0.81249994, 0.31249982), (0.8125, 0.24999988), (0.81249994, 0.18749994), (0.8125, 0.125), (0.81249994, 0.06249994), (0.78124994, 0.93750006), (0.78124994, 0.87500006), (0.78124994, 0.8125001), (0.78125, 0.75000024), (0.7812499, 0.68750024), (0.78124994, 0.6250001), (0.78124994, 0.5625001), (0.78124994, 0.5), (0.78124994, 0.43749994), (0.78124994, 0.37499982), (0.7812499, 0.31249982), (0.78125, 0.24999976), (0.78124994, 0.18749994), (0.78124994, 0.125), (0.78124994, 0.06249994), (0.74999994, 0.87500006), (0.74999994, 0.68750024), (0.74999994, 0.5625001), (0.74999994, 0.37499982), (0.74999994, 0.24999988), (0.74999994, 0.125)] (
                interpolation = "faceVarying"
            )
            int[] primvars:st:indices = [0, 3, 8, 6, 6, 8, 12, 10, 10, 12, 16, 14, 14, 16, 20, 18, 18, 20, 24, 22, 22, 24, 28, 26, 26, 28, 32, 30, 30, 32, 36, 34, 34, 36, 40, 38, 38, 40, 44, 42, 42, 44, 48, 46, 46, 48, 52, 50, 50, 52, 56, 54, 54, 56, 60, 58, 58, 60, 64, 62, 62, 64, 68, 66, 66, 68, 72, 70, 70, 72, 76, 74, 74, 76, 80, 78, 78, 80, 84, 82, 82, 84, 88, 86, 86, 88, 92, 90, 90, 92, 96, 94, 94, 96, 100, 98, 98, 100, 104, 102, 102, 104, 108, 106, 106, 108, 112, 110, 110, 112, 116, 114, 114, 116, 120, 118, 118, 120, 124, 122, 122, 124, 128, 126, 126, 128, 132, 130, 130, 132, 136, 134, 134, 136, 140, 138, 138, 140, 144, 142, 142, 144, 148, 146, 146, 148, 152, 150, 150, 152, 156, 154, 154, 156, 160, 158, 158, 160, 164, 162, 162, 164, 168, 166, 166, 168, 172, 170, 170, 172, 176, 174, 174, 176, 180, 178, 178, 180, 184, 182, 182, 184, 189, 186, 9, 4, 192, 188, 185, 181, 177, 173, 169, 165, 161, 157, 153, 149, 145, 141, 137, 133, 129, 125, 121, 117, 113, 109, 105, 101, 97, 93, 89, 85, 81, 77, 73, 69, 65, 61, 57, 53, 49, 45, 41, 37, 33, 29, 25, 21, 17, 13, 186, 189, 193, 190, 190, 193, 5, 1, 2, 7, 11, 15, 19, 23, 27, 31, 35, 39, 43, 47, 51, 55, 59, 63, 67, 71, 75, 79, 83, 87, 91, 95, 99, 103, 107, 111, 115, 119, 123, 127, 131, 135, 139, 143, 147, 151, 155, 159, 163, 167, 171, 175, 179, 183, 187, 191, 194, 197, 202, 200, 200, 202, 206, 204, 204, 206, 210, 208, 208, 210, 214, 212, 212, 214, 218, 216, 216, 218, 222, 220, 220, 222, 226, 224, 224, 226, 230, 228, 228, 230, 234, 232, 232, 234, 238, 236, 236, 238, 242, 240, 240, 242, 246, 244, 244, 246, 250, 248, 248, 250, 254, 252, 252, 254, 258, 256, 256, 258, 262, 260, 260, 262, 266, 264, 264, 266, 270, 268, 268, 270, 274, 272, 272, 274, 278, 276, 276, 278, 282, 280, 280, 282, 286, 284, 284, 286, 290, 288, 288, 290, 294, 292, 292, 294, 298, 296, 296, 298, 302, 300, 300, 302, 306, 304, 304, 306, 310, 308, 308, 310, 314, 312, 312, 314, 318, 316, 316, 318, 322, 320, 320, 322, 326, 324, 324, 326, 330, 328, 328, 330, 334, 332, 332, 334, 338, 336, 336, 338, 342, 340, 340, 342, 346, 344, 344, 346, 350, 348, 348, 350, 354, 352, 352, 354, 358, 356, 356, 358, 362, 360, 360, 362, 366, 364, 364, 366, 370, 368, 368, 370, 374, 372, 372, 374, 378, 376, 376, 378, 383, 380, 203, 198, 386, 382, 379, 375, 371, 367, 363, 359, 355, 351, 347, 343, 339, 335, 331, 327, 323, 319, 315, 311, 307, 303, 299, 295, 291, 287, 283, 279, 275, 271, 267, 263, 259, 255, 251, 247, 243, 239, 235, 231, 227, 223, 219, 215, 211, 207, 380, 383, 387, 384, 384, 387, 199, 195, 196, 201, 205, 209, 213, 217, 221, 225, 229, 233, 237, 241, 245, 249, 253, 257, 261, 265, 269, 273, 277, 281, 285, 289, 293, 297, 301, 305, 309, 313, 317, 321, 325, 329, 333, 337, 341, 345, 349, 353, 357, 361, 365, 369, 373, 377, 381, 385, 388, 391, 396, 394, 394, 396, 400, 398, 398, 400, 404, 402, 402, 404, 408, 406, 406, 408, 412, 410, 410, 412, 416, 414, 414, 416, 420, 418, 418, 420, 424, 422, 422, 424, 428, 426, 426, 428, 432, 430, 430, 432, 436, 434, 434, 436, 440, 438, 438, 440, 444, 442, 442, 444, 448, 446, 446, 448, 452, 450, 450, 452, 456, 454, 454, 456, 460, 458, 458, 460, 464, 462, 462, 464, 468, 466, 466, 468, 472, 470, 470, 472, 476, 474, 474, 476, 480, 478, 478, 480, 484, 482, 482, 484, 488, 486, 486, 488, 492, 490, 490, 492, 496, 494, 494, 496, 500, 498, 498, 500, 504, 502, 502, 504, 508, 506, 506, 508, 513, 510, 397, 392, 516, 512, 509, 505, 501, 497, 493, 489, 485, 481, 477, 473, 469, 465, 461, 457, 453, 449, 445, 441, 437, 433, 429, 425, 421, 417, 413, 409, 405, 401, 510, 513, 517, 514, 514, 517, 393, 389, 390, 395, 399, 403, 407, 411, 415, 419, 423, 427, 431, 435, 439, 443, 447, 451, 455, 459, 463, 467, 471, 475, 479, 483, 487, 491, 495, 499, 503, 507, 511, 515, 1076, 557, 603, 604, 1073, 553, 596, 597, 558, 1076, 604, 605, 554, 1073, 597, 598, 550, 518, 591, 559, 558, 605, 555, 554, 598, 599, 1071, 550, 591, 592, 1074, 555, 599, 600, 551, 1071, 592, 593, 556, 1074, 600, 601, 552, 551, 593, 594, 1075, 556, 601, 602, 1072, 552, 594, 595, 557, 1075, 602, 603, 553, 1072, 595, 596, 603, 602, 617, 618, 596, 595, 610, 611, 604, 603, 618, 619, 597, 596, 611, 612, 605, 604, 619, 620, 598, 597, 612, 613, 591, 519, 606, 560, 605, 620, 599, 598, 613, 614, 592, 591, 606, 607, 600, 599, 614, 615, 593, 592, 607, 608, 601, 600, 615, 616, 594, 593, 608, 609, 602, 601, 616, 617, 595, 594, 609, 610, 607, 606, 621, 622, 615, 614, 629, 630, 608, 607, 622, 623, 616, 615, 630, 631, 609, 608, 623, 624, 617, 616, 631, 632, 610, 609, 624, 625, 618, 617, 632, 633, 611, 610, 625, 626, 619, 618, 633, 634, 612, 611, 626, 627, 620, 619, 634, 635, 613, 612, 627, 628, 606, 520, 621, 561, 620, 635, 614, 613, 628, 629, 626, 625, 640, 641, 634, 633, 648, 649, 627, 626, 641, 642, 635, 634, 649, 650, 628, 627, 642, 643, 621, 521, 636, 562, 635, 650, 629, 628, 643, 644, 622, 621, 636, 637, 630, 629, 644, 645, 623, 622, 637, 638, 631, 630, 645, 646, 624, 623, 638, 639, 632, 631, 646, 647, 625, 624, 639, 640, 633, 632, 647, 648, 645, 644, 659, 660, 638, 637, 652, 653, 646, 645, 660, 661, 639, 638, 653, 654, 647, 646, 661, 662, 640, 639, 654, 655, 648, 647, 662, 663, 641, 640, 655, 656, 649, 648, 663, 664, 642, 641, 656, 657, 650, 649, 664, 665, 643, 642, 657, 658, 636, 522, 651, 563, 650, 665, 644, 643, 658, 659, 637, 636, 651, 652, 664, 663, 678, 679, 657, 656, 671, 672, 665, 664, 679, 680, 658, 657, 672, 673, 651, 523, 666, 564, 665, 680, 659, 658, 673, 674, 652, 651, 666, 667, 660, 659, 674, 675, 653, 652, 667, 668, 661, 660, 675, 676, 654, 653, 668, 669, 662, 661, 676, 677, 655, 654, 669, 670, 663, 662, 677, 678, 656, 655, 670, 671, 668, 667, 682, 683, 676, 675, 690, 691, 669, 668, 683, 684, 677, 676, 691, 692, 670, 669, 684, 685, 678, 677, 692, 693, 671, 670, 685, 686, 679, 678, 693, 694, 672, 671, 686, 687, 680, 679, 694, 695, 673, 672, 687, 688, 666, 524, 681, 565, 680, 695, 674, 673, 688, 689, 667, 666, 681, 682, 675, 674, 689, 690, 687, 686, 701, 702, 695, 694, 709, 710, 688, 687, 702, 703, 681, 525, 696, 566, 695, 710, 689, 688, 703, 704, 682, 681, 696, 697, 690, 689, 704, 705, 683, 682, 697, 698, 691, 690, 705, 706, 684, 683, 698, 699, 692, 691, 706, 707, 685, 684, 699, 700, 693, 692, 707, 708, 686, 685, 700, 701, 694, 693, 708, 709, 706, 705, 720, 721, 699, 698, 713, 714, 707, 706, 721, 722, 700, 699, 714, 715, 708, 707, 722, 723, 701, 700, 715, 716, 709, 708, 723, 724, 702, 701, 716, 717, 710, 709, 724, 725, 703, 702, 717, 718, 696, 526, 711, 567, 710, 725, 704, 703, 718, 719, 697, 696, 711, 712, 705, 704, 719, 720, 698, 697, 712, 713, 725, 724, 739, 740, 718, 717, 732, 733, 711, 527, 726, 568, 725, 740, 719, 718, 733, 734, 712, 711, 726, 727, 720, 719, 734, 735, 713, 712, 727, 728, 721, 720, 735, 736, 714, 713, 728, 729, 722, 721, 736, 737, 715, 714, 729, 730, 723, 722, 737, 738, 716, 715, 730, 731, 724, 723, 738, 739, 717, 716, 731, 732, 737, 736, 751, 752, 730, 729, 744, 745, 738, 737, 752, 753, 731, 730, 745, 746, 739, 738, 753, 754, 732, 731, 746, 747, 740, 739, 754, 755, 733, 732, 747, 748, 726, 528, 741, 569, 740, 755, 734, 733, 748, 749, 727, 726, 741, 742, 735, 734, 749, 750, 728, 727, 742, 743, 736, 735, 750, 751, 729, 728, 743, 744, 741, 529, 756, 570, 755, 770, 749, 748, 763, 764, 742, 741, 756, 757, 750, 749, 764, 765, 743, 742, 757, 758, 751, 750, 765, 766, 744, 743, 758, 759, 752, 751, 766, 767, 745, 744, 759, 760, 753, 752, 767, 768, 746, 745, 760, 761, 754, 753, 768, 769, 747, 746, 761, 762, 755, 754, 769, 770, 748, 747, 762, 763, 760, 759, 774, 775, 768, 767, 782, 783, 761, 760, 775, 776, 769, 768, 783, 784, 762, 761, 776, 777, 770, 769, 784, 785, 763, 762, 777, 778, 756, 530, 771, 571, 770, 785, 764, 763, 778, 779, 757, 756, 771, 772, 765, 764, 779, 780, 758, 757, 772, 773, 766, 765, 780, 781, 759, 758, 773, 774, 767, 766, 781, 782, 779, 778, 793, 794, 772, 771, 786, 787, 780, 779, 794, 795, 773, 772, 787, 788, 781, 780, 795, 796, 774, 773, 788, 789, 782, 781, 796, 797, 775, 774, 789, 790, 783, 782, 797, 798, 776, 775, 790, 791, 784, 783, 798, 799, 777, 776, 791, 792, 785, 784, 799, 800, 778, 777, 792, 793, 771, 531, 786, 572, 785, 800, 798, 797, 812, 813, 791, 790, 805, 806, 799, 798, 813, 814, 792, 791, 806, 807, 800, 799, 814, 815, 793, 792, 807, 808, 786, 532, 801, 573, 800, 815, 794, 793, 808, 809, 787, 786, 801, 802, 795, 794, 809, 810, 788, 787, 802, 803, 796, 795, 810, 811, 789, 788, 803, 804, 797, 796, 811, 812, 790, 789, 804, 805, 802, 801, 816, 817, 810, 809, 824, 825, 803, 802, 817, 818, 811, 810, 825, 826, 804, 803, 818, 819, 812, 811, 826, 827, 805, 804, 819, 820, 813, 812, 827, 828, 806, 805, 820, 821, 814, 813, 828, 829, 807, 806, 821, 822, 815, 814, 829, 830, 808, 807, 822, 823, 801, 533, 816, 574, 815, 830, 809, 808, 823, 824, 821, 820, 835, 836, 829, 828, 843, 844, 822, 821, 836, 837, 830, 829, 844, 845, 823, 822, 837, 838, 816, 534, 831, 575, 830, 845, 824, 823, 838, 839, 817, 816, 831, 832, 825, 824, 839, 840, 818, 817, 832, 833, 826, 825, 840, 841, 819, 818, 833, 834, 827, 826, 841, 842, 820, 819, 834, 835, 828, 827, 842, 843, 840, 839, 854, 855, 833, 832, 847, 848, 841, 840, 855, 856, 834, 833, 848, 849, 842, 841, 856, 857, 835, 834, 849, 850, 843, 842, 857, 858, 836, 835, 850, 851, 844, 843, 858, 859, 837, 836, 851, 852, 845, 844, 859, 860, 838, 837, 852, 853, 831, 535, 846, 576, 845, 860, 839, 838, 853, 854, 832, 831, 846, 847, 859, 858, 873, 874, 852, 851, 866, 867, 860, 859, 874, 875, 853, 852, 867, 868, 846, 536, 861, 577, 860, 875, 854, 853, 868, 869, 847, 846, 861, 862, 855, 854, 869, 870, 848, 847, 862, 863, 856, 855, 870, 871, 849, 848, 863, 864, 857, 856, 871, 872, 850, 849, 864, 865, 858, 857, 872, 873, 851, 850, 865, 866, 871, 870, 885, 886, 864, 863, 878, 879, 872, 871, 886, 887, 865, 864, 879, 880, 873, 872, 887, 888, 866, 865, 880, 881, 874, 873, 888, 889, 867, 866, 881, 882, 875, 874, 889, 890, 868, 867, 882, 883, 861, 537, 876, 578, 875, 890, 869, 868, 883, 884, 862, 861, 876, 877, 870, 869, 884, 885, 863, 862, 877, 878, 890, 889, 904, 905, 883, 882, 897, 898, 876, 538, 891, 579, 890, 905, 884, 883, 898, 899, 877, 876, 891, 892, 885, 884, 899, 900, 878, 877, 892, 893, 886, 885, 900, 901, 879, 878, 893, 894, 887, 886, 901, 902, 880, 879, 894, 895, 888, 887, 902, 903, 881, 880, 895, 896, 889, 888, 903, 904, 882, 881, 896, 897, 894, 893, 908, 909, 902, 901, 916, 917, 895, 894, 909, 910, 903, 902, 917, 918, 896, 895, 910, 911, 904, 903, 918, 919, 897, 896, 911, 912, 905, 904, 919, 920, 898, 897, 912, 913, 891, 539, 906, 580, 905, 920, 899, 898, 913, 914, 892, 891, 906, 907, 900, 899, 914, 915, 893, 892, 907, 908, 901, 900, 915, 916, 913, 912, 927, 928, 906, 540, 921, 581, 920, 935, 914, 913, 928, 929, 907, 906, 921, 922, 915, 914, 929, 930, 908, 907, 922, 923, 916, 915, 930, 931, 909, 908, 923, 924, 917, 916, 931, 932, 910, 909, 924, 925, 918, 917, 932, 933, 911, 910, 925, 926, 919, 918, 933, 934, 912, 911, 926, 927, 920, 919, 934, 935, 932, 931, 956, 958, 925, 924, 942, 944, 933, 932, 958, 960, 926, 925, 944, 946, 934, 933, 960, 962, 927, 926, 946, 948, 935, 934, 962, 964, 928, 927, 948, 950, 921, 541, 936, 582, 935, 964, 929, 928, 950, 952, 922, 921, 936, 938, 930, 929, 952, 954, 923, 922, 938, 940, 931, 930, 954, 956, 924, 923, 940, 942, 937, 542, 966, 583, 965, 980, 953, 951, 973, 974, 939, 937, 966, 967, 955, 953, 974, 975, 941, 939, 967, 968, 957, 955, 975, 976, 943, 941, 968, 969, 959, 957, 976, 977, 945, 943, 969, 970, 961, 959, 977, 978, 947, 945, 970, 971, 963, 961, 978, 979, 949, 947, 971, 972, 965, 963, 979, 980, 951, 949, 972, 973, 970, 969, 984, 985, 978, 977, 992, 993, 971, 970, 985, 986, 979, 978, 993, 994, 972, 971, 986, 987, 980, 979, 994, 995, 973, 972, 987, 988, 966, 543, 981, 584, 980, 995, 974, 973, 988, 989, 967, 966, 981, 982, 975, 974, 989, 990, 968, 967, 982, 983, 976, 975, 990, 991, 969, 968, 983, 984, 977, 976, 991, 992, 989, 988, 1003, 1004, 982, 981, 996, 997, 990, 989, 1004, 1005, 983, 982, 997, 998, 991, 990, 1005, 1006, 984, 983, 998, 999, 992, 991, 1006, 1007, 985, 984, 999, 1000, 993, 992, 1007, 1008, 986, 985, 1000, 1001, 994, 993, 1008, 1009, 987, 986, 1001, 1002, 995, 994, 1009, 1010, 988, 987, 1002, 1003, 981, 544, 996, 585, 995, 1010, 1008, 1007, 1022, 1023, 1001, 1000, 1015, 1016, 1009, 1008, 1023, 1024, 1002, 1001, 1016, 1017, 1010, 1009, 1024, 1025, 1003, 1002, 1017, 1018, 996, 545, 1011, 586, 1010, 1025, 1004, 1003, 1018, 1019, 997, 996, 1011, 1012, 1005, 1004, 1019, 1020, 998, 997, 1012, 1013, 1006, 1005, 1020, 1021, 999, 998, 1013, 1014, 1007, 1006, 1021, 1022, 1000, 999, 1014, 1015, 1020, 1019, 1034, 1035, 1013, 1012, 1027, 1028, 1021, 1020, 1035, 1036, 1014, 1013, 1028, 1029, 1022, 1021, 1036, 1037, 1015, 1014, 1029, 1030, 1023, 1022, 1037, 1038, 1016, 1015, 1030, 1031, 1024, 1023, 1038, 1039, 1017, 1016, 1031, 1032, 1025, 1024, 1039, 1040, 1018, 1017, 1032, 1033, 1011, 546, 1026, 587, 1025, 1040, 1019, 1018, 1033, 1034, 1012, 1011, 1026, 1027, 1039, 1038, 1053, 1054, 1032, 1031, 1046, 1047, 1040, 1039, 1054, 1055, 1033, 1032, 1047, 1048, 1026, 547, 1041, 588, 1040, 1055, 1034, 1033, 1048, 1049, 1027, 1026, 1041, 1042, 1035, 1034, 1049, 1050, 1028, 1027, 1042, 1043, 1036, 1035, 1050, 1051, 1029, 1028, 1043, 1044, 1037, 1036, 1051, 1052, 1030, 1029, 1044, 1045, 1038, 1037, 1052, 1053, 1031, 1030, 1045, 1046, 1043, 1042, 1057, 1058, 1051, 1050, 1065, 1066, 1044, 1043, 1058, 1059, 1052, 1051, 1066, 1067, 1045, 1044, 1059, 1060, 1053, 1052, 1067, 1068, 1046, 1045, 1060, 1061, 1054, 1053, 1068, 1069, 1047, 1046, 1061, 1062, 1055, 1054, 1069, 1070, 1048, 1047, 1062, 1063, 1041, 548, 1056, 589, 1055, 1070, 1049, 1048, 1063, 1064, 1042, 1041, 1056, 1057, 1050, 1049, 1064, 1065, 1062, 1061, 553, 1073, 1070, 1069, 1076, 558, 1063, 1062, 1073, 554, 1056, 549, 550, 590, 1070, 558, 1064, 1063, 554, 555, 1057, 1056, 550, 1071, 1065, 1064, 555, 1074, 1058, 1057, 1071, 551, 1066, 1065, 1074, 556, 1059, 1058, 551, 552, 1067, 1066, 556, 1075, 1060, 1059, 552, 1072, 1068, 1067, 1075, 557, 1061, 1060, 1072, 553, 1069, 1068, 557, 1076]
            uniform token subdivisionScheme = "none"
            custom string userProperties:blender:data_name = "Cylinder"
        }
    }

    def Scope "_materials"
    {
        def Material "piece_white" (
            prepend apiSchemas = ["ColorSpaceAPI"]
        )
        {
            uniform token colorSpace:name = "lin_rec709_scene"
            token outputs:surface.connect = </root/_materials/piece_white/Principled_BSDF.outputs:surface>
            custom string userProperties:blender:data_name = "piece_white"

            def Shader "Principled_BSDF"
            {
                uniform token info:id = "UsdPreviewSurface"
                float inputs:clearcoat = 0
                float inputs:clearcoatRoughness = 0.03
                color3f inputs:diffuseColor = (0.88, 0.89, 0.84)
                float inputs:ior = 1.5
                float inputs:metallic = 0
                float inputs:opacity = 1
                float inputs:roughness = 0.35
                float inputs:specular = 0.5
                token outputs:surface
            }
        }
    }

    def DomeLight "env_light" (
        prepend apiSchemas = ["ColorSpaceAPI"]
    )
    {
        uniform token colorSpace:name = "lin_rec709_scene"
        float inputs:intensity = 1
        asset inputs:texture:file = @./textures/color_0C0C0C.exr@
    }
}

