#usda 1.0
(
    defaultPrim = "root"
    doc = "Blender v5.2.0 LTS"
    metersPerUnit = 1
    upAxis = "Z"
)

def Xform "root" (
    prepend apiSchemas = ["ColorSpaceAPI"]
    customData = {
        dictionary Blender = {
            bool generated = 1
        }
    }
)
{
    uniform token colorSpace:name = "lin_rec709_scene"

    def Xform "white_pawn"
    {
        custom string userProperties:blender:object_name = "white_pawn"
        float3 xformOp:rotateXYZ = (0, -0, 0)
        float3 xformOp:scale = (1, 1, 1)
        double3 xformOp:translate = (0, 0, 0.0024999999441206455)
        uniform token[] xformOpOrder = ["xformOp:translate", "xformOp:rotateXYZ", "xformOp:scale"]

        def Mesh "Cylinder" (
            active = true
            prepend apiSchemas = ["MaterialBindingAPI"]
        )
        {
            uniform bool doubleSided = 1
            float3[] extent = [(-0.007, -0.007, -0.0025), (0.007, 0.007, 0.0295)]
            int[] faceVertexCounts = [4, 4, 4, 4, 4, 4, 4, 4, 4, 4, 4, 4, 4, 4, 4, 4, 4, 4, 4, 4, 4, 4, 4, 4, 4, 4, 4, 4, 4, 4, 4, 4, 4, 4, 4, 4, 4, 4, 4, 4, 4, 4, 4, 4, 4, 4, 48, 4, 4, 48, 4, 4, 4, 4, 4, 4, 4, 4, 4, 4, 4, 4, 4, 4, 4, 4, 4, 4, 4, 4, 4, 4, 4, 4, 4, 4, 4, 4, 4, 4, 4, 4, 4, 4, 4, 4, 4, 4, 40, 4, 4, 40, 4, 4, 4, 4, 4, 4, 4, 4, 4, 4, 4, 4, 4, 4, 4, 4, 4, 4, 4, 4, 4, 4, 4, 4, 4, 4, 4, 4, 4, 4, 4, 4, 4, 4, 4, 4, 4, 4, 4, 4, 4, 4, 4, 4, 4, 4, 48, 4, 4, 48, 4, 4, 4, 4, 4, 4, 4, 4, 4, 4, 4, 4, 4, 4, 4, 4, 4, 4, 4, 4, 4, 4, 4, 4, 4, 4, 4, 4, 4, 4, 32, 4, 4, 32, 4, 4, 4, 4, 4, 4, 4, 4, 4, 4, 4, 4, 4, 3, 3, 4, 4, 3, 3, 4, 4, 4, 4, 4, 4, 4, 4, 4, 4, 4, 4, 4, 4, 4, 4, 4, 4, 4, 4, 4, 3, 3, 4, 4, 4, 4, 4, 4, 3, 4, 4, 4, 4, 4, 4, 4, 4, 4, 4, 4, 4, 4, 4, 3, 4, 4, 4, 4, 4, 4, 3, 3, 4, 4, 4, 4, 4, 4, 4, 4, 4, 4, 4, 4, 4, 4, 4, 4, 4, 4, 4, 4, 4, 3, 3, 4, 4, 4, 4, 4, 4, 3, 3, 4, 4, 4, 4, 4, 4, 4, 4, 4, 4, 4, 4, 4, 4, 4, 4, 4, 4, 4, 4, 4, 3, 3, 4, 4, 4, 4, 4, 4, 3, 3, 4, 4, 4, 4, 4, 4, 4, 4, 4, 4, 4, 4, 4, 4, 4, 4, 4, 4, 4, 4, 4, 3, 3, 4, 4, 4, 4, 4, 4, 3, 3, 4, 4, 4, 4, 4, 4, 4, 4, 4, 4, 4, 4, 4, 4, 4, 4, 4, 4, 4, 4, 4, 3, 3, 4, 4, 4, 4, 4, 4, 3, 3, 4, 4, 4, 4, 4, 4, 4, 4, 4, 4, 4, 4, 4, 4, 4, 4, 4, 4, 4, 4, 3, 3, 4, 4, 4, 4, 4, 4, 3, 3, 4, 4, 4, 4, 4, 4, 4, 4, 4, 4, 4, 4, 4, 4, 4, 4, 4, 4, 4, 4, 4, 3, 3, 4, 4, 4, 4, 4, 4, 4, 4, 4, 4, 4, 4, 4, 4, 4, 4, 4, 4, 4, 4, 4, 3, 3, 4, 4, 4, 4, 4, 4, 3, 3, 4, 4, 4, 4, 4, 4, 4, 4, 4, 4, 4, 4, 4, 4, 4, 4, 4, 4, 4, 4, 4, 3, 3, 4, 4, 4, 4, 4, 4, 3, 3, 4, 4, 4, 4, 4, 4, 4, 4, 4, 4, 4, 4, 4, 4, 4, 4, 4, 4, 4, 4, 4, 3, 3, 4, 4, 4, 4, 4, 4, 3, 3, 4, 4, 4, 4, 4, 4, 4, 4, 4, 4, 4, 4, 4, 4, 4, 4, 4, 4, 4, 4, 3, 3, 4, 4, 4, 4, 4, 4, 3, 3, 4, 4, 4, 4, 4, 4, 4, 4, 4, 4, 4, 4, 4, 4, 4, 4, 4, 4, 4, 4, 4, 3, 3, 4, 4, 4, 4, 4, 4, 3, 3, 4, 4, 4, 4, 4, 4, 4, 4, 4, 4, 4, 4, 4, 4, 4, 4, 4, 4, 4, 4, 4, 3, 3, 4, 4, 4, 4, 4, 4, 3, 3, 4, 4, 4, 4, 4, 4, 4, 4, 4, 4, 4, 4, 4, 4, 4, 4, 4, 4, 4, 4, 4, 3, 3, 4, 4, 4, 4, 4, 4, 4, 4, 4, 4, 4, 4, 4, 4, 4, 4, 4, 4, 4, 4, 4, 3, 3, 4, 4, 4, 4, 4, 4, 3, 3, 4, 4, 4, 4, 4, 4, 4, 4, 4, 4, 4, 4, 4, 4, 4, 4, 4, 4, 4, 4, 3, 3, 4, 4]
            int[] faceVertexIndices = [0, 1, 3, 2, 2, 3, 5, 4, 4, 5, 7, 6, 6, 7, 9, 8, 8, 9, 11, 10, 10, 11, 13, 12, 12, 13, 15, 14, 14, 15, 17, 16, 16, 17, 19, 18, 18, 19, 21, 20, 20, 21, 23, 22, 22, 23, 25, 24, 24, 25, 27, 26, 26, 27, 29, 28, 28, 29, 31, 30, 30, 31, 33, 32, 32, 33, 35, 34, 34, 35, 37, 36, 36, 37, 39, 38, 38, 39, 41, 40, 40, 41, 43, 42, 42, 43, 45, 44, 44, 45, 47, 46, 46, 47, 49, 48, 48, 49, 51, 50, 50, 51, 53, 52, 52, 53, 55, 54, 54, 55, 57, 56, 56, 57, 59, 58, 58, 59, 61, 60, 60, 61, 63, 62, 62, 63, 65, 64, 64, 65, 67, 66, 66, 67, 69, 68, 68, 69, 71, 70, 70, 71, 73, 72, 72, 73, 75, 74, 74, 75, 77, 76, 76, 77, 79, 78, 78, 79, 81, 80, 80, 81, 83, 82, 82, 83, 85, 84, 84, 85, 87, 86, 86, 87, 89, 88, 88, 89, 91, 90, 90, 91, 93, 92, 3, 1, 95, 93, 91, 89, 87, 85, 83, 81, 79, 77, 75, 73, 71, 69, 67, 65, 63, 61, 59, 57, 55, 53, 51, 49, 47, 45, 43, 41, 39, 37, 35, 33, 31, 29, 27, 25, 23, 21, 19, 17, 15, 13, 11, 9, 7, 5, 92, 93, 95, 94, 94, 95, 1, 0, 0, 2, 4, 6, 8, 10, 12, 14, 16, 18, 20, 22, 24, 26, 28, 30, 32, 34, 36, 38, 40, 42, 44, 46, 48, 50, 52, 54, 56, 58, 60, 62, 64, 66, 68, 70, 72, 74, 76, 78, 80, 82, 84, 86, 88, 90, 92, 94, 96, 97, 99, 98, 98, 99, 101, 100, 100, 101, 103, 102, 102, 103, 105, 104, 104, 105, 107, 106, 106, 107, 109, 108, 108, 109, 111, 110, 110, 111, 113, 112, 112, 113, 115, 114, 114, 115, 117, 116, 116, 117, 119, 118, 118, 119, 121, 120, 120, 121, 123, 122, 122, 123, 125, 124, 124, 125, 127, 126, 126, 127, 129, 128, 128, 129, 131, 130, 130, 131, 133, 132, 132, 133, 135, 134, 134, 135, 137, 136, 136, 137, 139, 138, 138, 139, 141, 140, 140, 141, 143, 142, 142, 143, 145, 144, 144, 145, 147, 146, 146, 147, 149, 148, 148, 149, 151, 150, 150, 151, 153, 152, 152, 153, 155, 154, 154, 155, 157, 156, 156, 157, 159, 158, 158, 159, 161, 160, 160, 161, 163, 162, 162, 163, 165, 164, 164, 165, 167, 166, 166, 167, 169, 168, 168, 169, 171, 170, 170, 171, 173, 172, 99, 97, 175, 173, 171, 169, 167, 165, 163, 161, 159, 157, 155, 153, 151, 149, 147, 145, 143, 141, 139, 137, 135, 133, 131, 129, 127, 125, 123, 121, 119, 117, 115, 113, 111, 109, 107, 105, 103, 101, 172, 173, 175, 174, 174, 175, 97, 96, 96, 98, 100, 102, 104, 106, 108, 110, 112, 114, 116, 118, 120, 122, 124, 126, 128, 130, 132, 134, 136, 138, 140, 142, 144, 146, 148, 150, 152, 154, 156, 158, 160, 162, 164, 166, 168, 170, 172, 174, 176, 177, 179, 178, 178, 179, 181, 180, 180, 181, 183, 182, 182, 183, 185, 184, 184, 185, 187, 186, 186, 187, 189, 188, 188, 189, 191, 190, 190, 191, 193, 192, 192, 193, 195, 194, 194, 195, 197, 196, 196, 197, 199, 198, 198, 199, 201, 200, 200, 201, 203, 202, 202, 203, 205, 204, 204, 205, 207, 206, 206, 207, 209, 208, 208, 209, 211, 210, 210, 211, 213, 212, 212, 213, 215, 214, 214, 215, 217, 216, 216, 217, 219, 218, 218, 219, 221, 220, 220, 221, 223, 222, 222, 223, 225, 224, 224, 225, 227, 226, 226, 227, 229, 228, 228, 229, 231, 230, 230, 231, 233, 232, 232, 233, 235, 234, 234, 235, 237, 236, 236, 237, 239, 238, 238, 239, 241, 240, 240, 241, 243, 242, 242, 243, 245, 244, 244, 245, 247, 246, 246, 247, 249, 248, 248, 249, 251, 250, 250, 251, 253, 252, 252, 253, 255, 254, 254, 255, 257, 256, 256, 257, 259, 258, 258, 259, 261, 260, 260, 261, 263, 262, 262, 263, 265, 264, 264, 265, 267, 266, 266, 267, 269, 268, 179, 177, 271, 269, 267, 265, 263, 261, 259, 257, 255, 253, 251, 249, 247, 245, 243, 241, 239, 237, 235, 233, 231, 229, 227, 225, 223, 221, 219, 217, 215, 213, 211, 209, 207, 205, 203, 201, 199, 197, 195, 193, 191, 189, 187, 185, 183, 181, 268, 269, 271, 270, 270, 271, 177, 176, 176, 178, 180, 182, 184, 186, 188, 190, 192, 194, 196, 198, 200, 202, 204, 206, 208, 210, 212, 214, 216, 218, 220, 222, 224, 226, 228, 230, 232, 234, 236, 238, 240, 242, 244, 246, 248, 250, 252, 254, 256, 258, 260, 262, 264, 266, 268, 270, 272, 273, 275, 274, 274, 275, 277, 276, 276, 277, 279, 278, 278, 279, 281, 280, 280, 281, 283, 282, 282, 283, 285, 284, 284, 285, 287, 286, 286, 287, 289, 288, 288, 289, 291, 290, 290, 291, 293, 292, 292, 293, 295, 294, 294, 295, 297, 296, 296, 297, 299, 298, 298, 299, 301, 300, 300, 301, 303, 302, 302, 303, 305, 304, 304, 305, 307, 306, 306, 307, 309, 308, 308, 309, 311, 310, 310, 311, 313, 312, 312, 313, 315, 314, 314, 315, 317, 316, 316, 317, 319, 318, 318, 319, 321, 320, 320, 321, 323, 322, 322, 323, 325, 324, 324, 325, 327, 326, 326, 327, 329, 328, 328, 329, 331, 330, 330, 331, 333, 332, 275, 273, 335, 333, 331, 329, 327, 325, 323, 321, 319, 317, 315, 313, 311, 309, 307, 305, 303, 301, 299, 297, 295, 293, 291, 289, 287, 285, 283, 281, 279, 277, 332, 333, 335, 334, 334, 335, 273, 272, 272, 274, 276, 278, 280, 282, 284, 286, 288, 290, 292, 294, 296, 298, 300, 302, 304, 306, 308, 310, 312, 314, 316, 318, 320, 322, 324, 326, 328, 330, 332, 334, 812, 337, 347, 348, 815, 342, 355, 356, 338, 812, 348, 349, 343, 815, 356, 357, 339, 338, 349, 350, 816, 343, 357, 358, 813, 339, 350, 351, 344, 816, 358, 359, 340, 813, 351, 352, 817, 344, 359, 360, 814, 340, 352, 353, 345, 817, 360, 361, 341, 814, 353, 354, 337, 336, 347, 346, 345, 361, 342, 341, 354, 355, 354, 353, 368, 369, 347, 336, 362, 346, 361, 376, 355, 354, 369, 370, 348, 347, 362, 363, 356, 355, 370, 371, 349, 348, 363, 364, 357, 356, 371, 372, 350, 349, 364, 365, 358, 357, 372, 373, 351, 350, 365, 366, 359, 358, 373, 374, 352, 351, 366, 367, 360, 359, 374, 375, 353, 352, 367, 368, 361, 360, 375, 376, 373, 372, 387, 388, 366, 365, 380, 381, 374, 373, 388, 389, 367, 366, 381, 382, 375, 374, 389, 390, 368, 367, 382, 383, 376, 375, 390, 391, 369, 368, 383, 384, 362, 336, 377, 346, 376, 391, 370, 369, 384, 385, 363, 362, 377, 378, 371, 370, 385, 386, 364, 363, 378, 379, 372, 371, 386, 387, 365, 364, 379, 380, 346, 391, 406, 385, 384, 399, 400, 378, 377, 392, 393, 386, 385, 400, 401, 379, 378, 393, 394, 387, 386, 401, 402, 380, 379, 394, 395, 388, 387, 402, 403, 381, 380, 395, 396, 389, 388, 403, 404, 382, 381, 396, 397, 390, 389, 404, 405, 383, 382, 397, 398, 391, 390, 405, 406, 384, 383, 398, 399, 377, 336, 392, 404, 403, 418, 419, 397, 396, 411, 412, 405, 404, 419, 420, 398, 397, 412, 413, 406, 405, 420, 421, 399, 398, 413, 414, 392, 336, 407, 346, 406, 421, 400, 399, 414, 415, 393, 392, 407, 408, 401, 400, 415, 416, 394, 393, 408, 409, 402, 401, 416, 417, 395, 394, 409, 410, 403, 402, 417, 418, 396, 395, 410, 411, 408, 407, 422, 423, 416, 415, 430, 431, 409, 408, 423, 424, 417, 416, 431, 432, 410, 409, 424, 425, 418, 417, 432, 433, 411, 410, 425, 426, 419, 418, 433, 434, 412, 411, 426, 427, 420, 419, 434, 435, 413, 412, 427, 428, 421, 420, 435, 436, 414, 413, 428, 429, 407, 336, 422, 346, 421, 436, 415, 414, 429, 430, 427, 426, 441, 442, 435, 434, 449, 450, 428, 427, 442, 443, 436, 435, 450, 451, 429, 428, 443, 444, 422, 336, 437, 346, 436, 451, 430, 429, 444, 445, 423, 422, 437, 438, 431, 430, 445, 446, 424, 423, 438, 439, 432, 431, 446, 447, 425, 424, 439, 440, 433, 432, 447, 448, 426, 425, 440, 441, 434, 433, 448, 449, 446, 445, 460, 461, 439, 438, 453, 454, 447, 446, 461, 462, 440, 439, 454, 455, 448, 447, 462, 463, 441, 440, 455, 456, 449, 448, 463, 464, 442, 441, 456, 457, 450, 449, 464, 465, 443, 442, 457, 458, 451, 450, 465, 466, 444, 443, 458, 459, 437, 336, 452, 346, 451, 466, 445, 444, 459, 460, 438, 437, 452, 453, 465, 464, 479, 480, 458, 457, 472, 473, 466, 465, 480, 481, 459, 458, 473, 474, 452, 336, 467, 346, 466, 481, 460, 459, 474, 475, 453, 452, 467, 468, 461, 460, 475, 476, 454, 453, 468, 469, 462, 461, 476, 477, 455, 454, 469, 470, 463, 462, 477, 478, 456, 455, 470, 471, 464, 463, 478, 479, 457, 456, 471, 472, 469, 468, 483, 484, 477, 476, 491, 492, 470, 469, 484, 485, 478, 477, 492, 493, 471, 470, 485, 486, 479, 478, 493, 494, 472, 471, 486, 487, 480, 479, 494, 495, 473, 472, 487, 488, 481, 480, 495, 496, 474, 473, 488, 489, 467, 336, 482, 346, 481, 496, 475, 474, 489, 490, 468, 467, 482, 483, 476, 475, 490, 491, 488, 487, 502, 503, 496, 495, 510, 511, 489, 488, 503, 504, 482, 336, 497, 346, 496, 511, 490, 489, 504, 505, 483, 482, 497, 498, 491, 490, 505, 506, 484, 483, 498, 499, 492, 491, 506, 507, 485, 484, 499, 500, 493, 492, 507, 508, 486, 485, 500, 501, 494, 493, 508, 509, 487, 486, 501, 502, 495, 494, 509, 510, 507, 506, 521, 522, 500, 499, 514, 515, 508, 507, 522, 523, 501, 500, 515, 516, 509, 508, 523, 524, 502, 501, 516, 517, 510, 509, 524, 525, 503, 502, 517, 518, 511, 510, 525, 526, 504, 503, 518, 519, 497, 336, 512, 346, 511, 526, 505, 504, 519, 520, 498, 497, 512, 513, 506, 505, 520, 521, 499, 498, 513, 514, 526, 525, 540, 541, 519, 518, 533, 534, 512, 336, 527, 346, 526, 541, 520, 519, 534, 535, 513, 512, 527, 528, 521, 520, 535, 536, 514, 513, 528, 529, 522, 521, 536, 537, 515, 514, 529, 530, 523, 522, 537, 538, 516, 515, 530, 531, 524, 523, 538, 539, 517, 516, 531, 532, 525, 524, 539, 540, 518, 517, 532, 533, 538, 537, 552, 553, 531, 530, 545, 546, 539, 538, 553, 554, 532, 531, 546, 547, 540, 539, 554, 555, 533, 532, 547, 548, 541, 540, 555, 556, 534, 533, 548, 549, 527, 336, 542, 346, 541, 556, 535, 534, 549, 550, 528, 527, 542, 543, 536, 535, 550, 551, 529, 528, 543, 544, 537, 536, 551, 552, 530, 529, 544, 545, 542, 336, 557, 346, 556, 571, 550, 549, 564, 565, 543, 542, 557, 558, 551, 550, 565, 566, 544, 543, 558, 559, 552, 551, 566, 567, 545, 544, 559, 560, 553, 552, 567, 568, 546, 545, 560, 561, 554, 553, 568, 569, 547, 546, 561, 562, 555, 554, 569, 570, 548, 547, 562, 563, 556, 555, 570, 571, 549, 548, 563, 564, 561, 560, 575, 576, 569, 568, 583, 584, 562, 561, 576, 577, 570, 569, 584, 585, 563, 562, 577, 578, 571, 570, 585, 586, 564, 563, 578, 579, 557, 336, 572, 346, 571, 586, 565, 564, 579, 580, 558, 557, 572, 573, 566, 565, 580, 581, 559, 558, 573, 574, 567, 566, 581, 582, 560, 559, 574, 575, 568, 567, 582, 583, 580, 579, 594, 595, 573, 572, 587, 588, 581, 580, 595, 596, 574, 573, 588, 589, 582, 581, 596, 597, 575, 574, 589, 590, 583, 582, 597, 598, 576, 575, 590, 591, 584, 583, 598, 599, 577, 576, 591, 592, 585, 584, 599, 600, 578, 577, 592, 593, 586, 585, 600, 601, 579, 578, 593, 594, 572, 336, 587, 346, 586, 601, 599, 598, 613, 614, 592, 591, 606, 607, 600, 599, 614, 615, 593, 592, 607, 608, 601, 600, 615, 616, 594, 593, 608, 609, 587, 336, 602, 346, 601, 616, 595, 594, 609, 610, 588, 587, 602, 603, 596, 595, 610, 611, 589, 588, 603, 604, 597, 596, 611, 612, 590, 589, 604, 605, 598, 597, 612, 613, 591, 590, 605, 606, 603, 602, 617, 618, 611, 610, 625, 626, 604, 603, 618, 619, 612, 611, 626, 627, 605, 604, 619, 620, 613, 612, 627, 628, 606, 605, 620, 621, 614, 613, 628, 629, 607, 606, 621, 622, 615, 614, 629, 630, 608, 607, 622, 623, 616, 615, 630, 631, 609, 608, 623, 624, 602, 336, 617, 346, 616, 631, 610, 609, 624, 625, 622, 621, 636, 637, 630, 629, 644, 645, 623, 622, 637, 638, 631, 630, 645, 646, 624, 623, 638, 639, 617, 336, 632, 346, 631, 646, 625, 624, 639, 640, 618, 617, 632, 633, 626, 625, 640, 641, 619, 618, 633, 634, 627, 626, 641, 642, 620, 619, 634, 635, 628, 627, 642, 643, 621, 620, 635, 636, 629, 628, 643, 644, 641, 640, 655, 656, 634, 633, 648, 649, 642, 641, 656, 657, 635, 634, 649, 650, 643, 642, 657, 658, 636, 635, 650, 651, 644, 643, 658, 659, 637, 636, 651, 652, 645, 644, 659, 660, 638, 637, 652, 653, 646, 645, 660, 661, 639, 638, 653, 654, 632, 336, 647, 346, 646, 661, 640, 639, 654, 655, 633, 632, 647, 648, 660, 659, 674, 675, 653, 652, 667, 668, 661, 660, 675, 676, 654, 653, 668, 669, 647, 336, 662, 346, 661, 676, 655, 654, 669, 670, 648, 647, 662, 663, 656, 655, 670, 671, 649, 648, 663, 664, 657, 656, 671, 672, 650, 649, 664, 665, 658, 657, 672, 673, 651, 650, 665, 666, 659, 658, 673, 674, 652, 651, 666, 667, 672, 671, 686, 687, 665, 664, 679, 680, 673, 672, 687, 688, 666, 665, 680, 681, 674, 673, 688, 689, 667, 666, 681, 682, 675, 674, 689, 690, 668, 667, 682, 683, 676, 675, 690, 691, 669, 668, 683, 684, 662, 336, 677, 346, 676, 691, 670, 669, 684, 685, 663, 662, 677, 678, 671, 670, 685, 686, 664, 663, 678, 679, 691, 690, 705, 706, 684, 683, 698, 699, 677, 336, 692, 346, 691, 706, 685, 684, 699, 700, 678, 677, 692, 693, 686, 685, 700, 701, 679, 678, 693, 694, 687, 686, 701, 702, 680, 679, 694, 695, 688, 687, 702, 703, 681, 680, 695, 696, 689, 688, 703, 704, 682, 681, 696, 697, 690, 689, 704, 705, 683, 682, 697, 698, 695, 694, 709, 710, 703, 702, 717, 718, 696, 695, 710, 711, 704, 703, 718, 719, 697, 696, 711, 712, 705, 704, 719, 720, 698, 697, 712, 713, 706, 705, 720, 721, 699, 698, 713, 714, 692, 336, 707, 346, 706, 721, 700, 699, 714, 715, 693, 692, 707, 708, 701, 700, 715, 716, 694, 693, 708, 709, 702, 701, 716, 717, 714, 713, 728, 729, 707, 336, 722, 346, 721, 736, 715, 714, 729, 730, 708, 707, 722, 723, 716, 715, 730, 731, 709, 708, 723, 724, 717, 716, 731, 732, 710, 709, 724, 725, 718, 717, 732, 733, 711, 710, 725, 726, 719, 718, 733, 734, 712, 711, 726, 727, 720, 719, 734, 735, 713, 712, 727, 728, 721, 720, 735, 736, 733, 732, 747, 748, 726, 725, 740, 741, 734, 733, 748, 749, 727, 726, 741, 742, 735, 734, 749, 750, 728, 727, 742, 743, 736, 735, 750, 751, 729, 728, 743, 744, 722, 336, 737, 346, 736, 751, 730, 729, 744, 745, 723, 722, 737, 738, 731, 730, 745, 746, 724, 723, 738, 739, 732, 731, 746, 747, 725, 724, 739, 740, 737, 336, 752, 346, 751, 766, 745, 744, 759, 760, 738, 737, 752, 753, 746, 745, 760, 761, 739, 738, 753, 754, 747, 746, 761, 762, 740, 739, 754, 755, 748, 747, 762, 763, 741, 740, 755, 756, 749, 748, 763, 764, 742, 741, 756, 757, 750, 749, 764, 765, 743, 742, 757, 758, 751, 750, 765, 766, 744, 743, 758, 759, 756, 755, 770, 771, 764, 763, 778, 779, 757, 756, 771, 772, 765, 764, 779, 780, 758, 757, 772, 773, 766, 765, 780, 781, 759, 758, 773, 774, 752, 336, 767, 346, 766, 781, 760, 759, 774, 775, 753, 752, 767, 768, 761, 760, 775, 776, 754, 753, 768, 769, 762, 761, 776, 777, 755, 754, 769, 770, 763, 762, 777, 778, 775, 774, 789, 790, 768, 767, 782, 783, 776, 775, 790, 791, 769, 768, 783, 784, 777, 776, 791, 792, 770, 769, 784, 785, 778, 777, 792, 793, 771, 770, 785, 786, 779, 778, 793, 794, 772, 771, 786, 787, 780, 779, 794, 795, 773, 772, 787, 788, 781, 780, 795, 796, 774, 773, 788, 789, 767, 336, 782, 346, 781, 796, 794, 793, 808, 809, 787, 786, 801, 802, 795, 794, 809, 810, 788, 787, 802, 803, 796, 795, 810, 811, 789, 788, 803, 804, 782, 336, 797, 346, 796, 811, 790, 789, 804, 805, 783, 782, 797, 798, 791, 790, 805, 806, 784, 783, 798, 799, 792, 791, 806, 807, 785, 784, 799, 800, 793, 792, 807, 808, 786, 785, 800, 801, 806, 805, 342, 815, 799, 798, 812, 338, 807, 806, 815, 343, 800, 799, 338, 339, 808, 807, 343, 816, 801, 800, 339, 813, 809, 808, 816, 344, 802, 801, 813, 340, 810, 809, 344, 817, 803, 802, 340, 814, 811, 810, 817, 345, 804, 803, 814, 341, 797, 336, 337, 346, 811, 345, 805, 804, 341, 342, 798, 797, 337, 812]
            rel material:binding = </root/_materials/piece_white>
            normal3f[] normals = [(0.06540305, 0.99785894, 0), (0.06540305, 0.99785894, 0), (0.06540305, 0.99785894, 0), (0.06540305, 0.99785894, 0), (0.19509035, 0.9807853, 0), (0.19509035, 0.9807853, 0), (0.19509035, 0.9807853, 0), (0.19509035, 0.9807853, 0), (0.3214398, 0.94693005, 0), (0.3214398, 0.94693005, 0), (0.3214398, 0.94693005, 0), (0.3214398, 0.94693005, 0), (0.4422885, 0.8968728, 0), (0.4422885, 0.8968728, 0), (0.4422885, 0.8968728, 0), (0.4422885, 0.8968728, 0), (0.55557036, 0.8314694, 0), (0.55557036, 0.8314694, 0), (0.55557036, 0.8314694, 0), (0.55557036, 0.8314694, 0), (0.65934575, 0.7518398, 0), (0.65934575, 0.7518398, 0), (0.65934575, 0.7518398, 0), (0.65934575, 0.7518398, 0), (0.7518398, 0.65934587, 0), (0.7518398, 0.65934587, 0), (0.7518398, 0.65934587, 0), (0.7518398, 0.65934587, 0), (0.83146966, 0.5555701, 0), (0.83146966, 0.5555701, 0), (0.83146966, 0.5555701, 0), (0.83146966, 0.5555701, 0), (0.89687276, 0.4422886, 0), (0.89687276, 0.4422886, 0), (0.89687276, 0.4422886, 0), (0.89687276, 0.4422886, 0), (0.94692993, 0.3214402, 0), (0.94692993, 0.3214402, 0), (0.94692993, 0.3214402, 0), (0.94692993, 0.3214402, 0), (0.9807854, 0.19508983, 0), (0.9807854, 0.19508983, 0), (0.9807854, 0.19508983, 0), (0.9807854, 0.19508983, 0), (0.9978589, 0.0654034, 0), (0.9978589, 0.0654034, 0), (0.9978589, 0.0654034, 0), (0.9978589, 0.0654034, 0), (0.9978589, -0.0654034, 0), (0.9978589, -0.0654034, 0), (0.9978589, -0.0654034, 0), (0.9978589, -0.0654034, 0), (0.9807854, -0.19508983, 0), (0.9807854, -0.19508983, 0), (0.9807854, -0.19508983, 0), (0.9807854, -0.19508983, 0), (0.94692993, -0.3214402, 0), (0.94692993, -0.3214402, 0), (0.94692993, -0.3214402, 0), (0.94692993, -0.3214402, 0), (0.89687276, -0.4422886, 0), (0.89687276, -0.4422886, 0), (0.89687276, -0.4422886, 0), (0.89687276, -0.4422886, 0), (0.83146966, -0.5555701, 0), (0.83146966, -0.5555701, 0), (0.83146966, -0.5555701, 0), (0.83146966, -0.5555701, 0), (0.7518398, -0.65934587, 0), (0.7518398, -0.65934587, 0), (0.7518398, -0.65934587, 0), (0.7518398, -0.65934587, 0), (0.65934575, -0.7518398, 0), (0.65934575, -0.7518398, 0), (0.65934575, -0.7518398, 0), (0.65934575, -0.7518398, 0), (0.55557036, -0.8314694, 0), (0.55557036, -0.8314694, 0), (0.55557036, -0.8314694, 0), (0.55557036, -0.8314694, 0), (0.4422885, -0.8968728, 0), (0.4422885, -0.8968728, 0), (0.4422885, -0.8968728, 0), (0.4422885, -0.8968728, 0), (0.3214398, -0.94693005, 0), (0.3214398, -0.94693005, 0), (0.3214398, -0.94693005, 0), (0.3214398, -0.94693005, 0), (0.19509035, -0.9807853, 0), (0.19509035, -0.9807853, 0), (0.19509035, -0.9807853, 0), (0.19509035, -0.9807853, 0), (0.06540305, -0.99785894, 0), (0.06540305, -0.99785894, 0), (0.06540305, -0.99785894, 0), (0.06540305, -0.99785894, 0), (-0.06540305, -0.99785894, 0), (-0.06540305, -0.99785894, 0), (-0.06540305, -0.99785894, 0), (-0.06540305, -0.99785894, 0), (-0.19509035, -0.9807853, 0), (-0.19509035, -0.9807853, 0), (-0.19509035, -0.9807853, 0), (-0.19509035, -0.9807853, 0), (-0.3214398, -0.94693005, 0), (-0.3214398, -0.94693005, 0), (-0.3214398, -0.94693005, 0), (-0.3214398, -0.94693005, 0), (-0.4422885, -0.8968728, 0), (-0.4422885, -0.8968728, 0), (-0.4422885, -0.8968728, 0), (-0.4422885, -0.8968728, 0), (-0.55557036, -0.8314694, 0), (-0.55557036, -0.8314694, 0), (-0.55557036, -0.8314694, 0), (-0.55557036, -0.8314694, 0), (-0.65934575, -0.7518398, 0), (-0.65934575, -0.7518398, 0), (-0.65934575, -0.7518398, 0), (-0.65934575, -0.7518398, 0), (-0.7518398, -0.65934587, 0), (-0.7518398, -0.65934587, 0), (-0.7518398, -0.65934587, 0), (-0.7518398, -0.65934587, 0), (-0.83146966, -0.5555701, 0), (-0.83146966, -0.5555701, 0), (-0.83146966, -0.5555701, 0), (-0.83146966, -0.5555701, 0), (-0.89687276, -0.4422886, 0), (-0.89687276, -0.4422886, 0), (-0.89687276, -0.4422886, 0), (-0.89687276, -0.4422886, 0), (-0.94692993, -0.3214402, 0), (-0.94692993, -0.3214402, 0), (-0.94692993, -0.3214402, 0), (-0.94692993, -0.3214402, 0), (-0.9807854, -0.19508983, 0), (-0.9807854, -0.19508983, 0), (-0.9807854, -0.19508983, 0), (-0.9807854, -0.19508983, 0), (-0.9978589, -0.0654034, 0), (-0.9978589, -0.0654034, 0), (-0.9978589, -0.0654034, 0), (-0.9978589, -0.0654034, 0), (-0.9978589, 0.0654034, 0), (-0.9978589, 0.0654034, 0), (-0.9978589, 0.0654034, 0), (-0.9978589, 0.0654034, 0), (-0.9807854, 0.19508983, 0), (-0.9807854, 0.19508983, 0), (-0.9807854, 0.19508983, 0), (-0.9807854, 0.19508983, 0), (-0.94692993, 0.3214402, 0), (-0.94692993, 0.3214402, 0), (-0.94692993, 0.3214402, 0), (-0.94692993, 0.3214402, 0), (-0.89687276, 0.4422886, 0), (-0.89687276, 0.4422886, 0), (-0.89687276, 0.4422886, 0), (-0.89687276, 0.4422886, 0), (-0.83146966, 0.5555701, 0), (-0.83146966, 0.5555701, 0), (-0.83146966, 0.5555701, 0), (-0.83146966, 0.5555701, 0), (-0.7518398, 0.65934587, 0), (-0.7518398, 0.65934587, 0), (-0.7518398, 0.65934587, 0), (-0.7518398, 0.65934587, 0), (-0.65934575, 0.7518398, 0), (-0.65934575, 0.7518398, 0), (-0.65934575, 0.7518398, 0), (-0.65934575, 0.7518398, 0), (-0.55557036, 0.8314694, 0), (-0.55557036, 0.8314694, 0), (-0.55557036, 0.8314694, 0), (-0.55557036, 0.8314694, 0), (-0.4422885, 0.8968728, 0), (-0.4422885, 0.8968728, 0), (-0.4422885, 0.8968728, 0), (-0.4422885, 0.8968728, 0), (-0.3214398, 0.94693005, 0), (-0.3214398, 0.94693005, 0), (-0.3214398, 0.94693005, 0), (-0.3214398, 0.94693005, 0), (6.295411e-9, 0, 1), (6.295411e-9, 0, 1), (6.295411e-9, 0, 1), (6.295411e-9, 0, 1), (6.295411e-9, 0, 1), (6.295411e-9, 0, 1), (6.295411e-9, 0, 1), (6.295411e-9, 0, 1), (6.295411e-9, 0, 1), (6.295411e-9, 0, 1), (6.295411e-9, 0, 1), (6.295411e-9, 0, 1), (6.295411e-9, 0, 1), (6.295411e-9, 0, 1), (6.295411e-9, 0, 1), (6.295411e-9, 0, 1), (6.295411e-9, 0, 1), (6.295411e-9, 0, 1), (6.295411e-9, 0, 1), (6.295411e-9, 0, 1), (6.295411e-9, 0, 1), (6.295411e-9, 0, 1), (6.295411e-9, 0, 1), (6.295411e-9, 0, 1), (6.295411e-9, 0, 1), (6.295411e-9, 0, 1), (6.295411e-9, 0, 1), (6.295411e-9, 0, 1), (6.295411e-9, 0, 1), (6.295411e-9, 0, 1), (6.295411e-9, 0, 1), (6.295411e-9, 0, 1), (6.295411e-9, 0, 1), (6.295411e-9, 0, 1), (6.295411e-9, 0, 1), (6.295411e-9, 0, 1), (6.295411e-9, 0, 1), (6.295411e-9, 0, 1), (6.295411e-9, 0, 1), (6.295411e-9, 0, 1), (6.295411e-9, 0, 1), (6.295411e-9, 0, 1), (6.295411e-9, 0, 1), (6.295411e-9, 0, 1), (6.295411e-9, 0, 1), (6.295411e-9, 0, 1), (6.295411e-9, 0, 1), (6.295411e-9, 0, 1), (-0.19509035, 0.9807853, 0), (-0.19509035, 0.9807853, 0), (-0.19509035, 0.9807853, 0), (-0.19509035, 0.9807853, 0), (-0.06540305, 0.99785894, 0), (-0.06540305, 0.99785894, 0), (-0.06540305, 0.99785894, 0), (-0.06540305, 0.99785894, 0), (-1.01837525e-8, 0, -1), (-1.01837525e-8, 0, -1), (-1.01837525e-8, 0, -1), (-1.01837525e-8, 0, -1), (-1.01837525e-8, 0, -1), (-1.01837525e-8, 0, -1), (-1.01837525e-8, 0, -1), (-1.01837525e-8, 0, -1), (-1.01837525e-8, 0, -1), (-1.01837525e-8, 0, -1), (-1.01837525e-8, 0, -1), (-1.01837525e-8, 0, -1), (-1.01837525e-8, 0, -1), (-1.01837525e-8, 0, -1), (-1.01837525e-8, 0, -1), (-1.01837525e-8, 0, -1), (-1.01837525e-8, 0, -1), (-1.01837525e-8, 0, -1), (-1.01837525e-8, 0, -1), (-1.01837525e-8, 0, -1), (-1.01837525e-8, 0, -1), (-1.01837525e-8, 0, -1), (-1.01837525e-8, 0, -1), (-1.01837525e-8, 0, -1), (-1.01837525e-8, 0, -1), (-1.01837525e-8, 0, -1), (-1.01837525e-8, 0, -1), (-1.01837525e-8, 0, -1), (-1.01837525e-8, 0, -1), (-1.01837525e-8, 0, -1), (-1.01837525e-8, 0, -1), (-1.01837525e-8, 0, -1), (-1.01837525e-8, 0, -1), (-1.01837525e-8, 0, -1), (-1.01837525e-8, 0, -1), (-1.01837525e-8, 0, -1), (-1.01837525e-8, 0, -1), (-1.01837525e-8, 0, -1), (-1.01837525e-8, 0, -1), (-1.01837525e-8, 0, -1), (-1.01837525e-8, 0, -1), (-1.01837525e-8, 0, -1), (-1.01837525e-8, 0, -1), (-1.01837525e-8, 0, -1), (-1.01837525e-8, 0, -1), (-1.01837525e-8, 0, -1), (-1.01837525e-8, 0, -1), (-1.01837525e-8, 0, -1), (0.0773558, 0.98290175, 0.16709326), (0.0773558, 0.98290175, 0.16709326), (0.0773558, 0.98290175, 0.16709326), (0.0773558, 0.98290175, 0.16709326), (0.23016323, 0.95869946, 0.1670934), (0.23016323, 0.95869946, 0.1670934), (0.23016323, 0.95869946, 0.1670934), (0.23016323, 0.95869946, 0.1670934), (0.37730312, 0.9108909, 0.16709334), (0.37730312, 0.9108909, 0.16709334), (0.37730312, 0.9108909, 0.16709334), (0.37730312, 0.9108909, 0.16709334), (0.51515305, 0.84065276, 0.1670933), (0.51515305, 0.84065276, 0.1670933), (0.51515305, 0.84065276, 0.1670933), (0.51515305, 0.84065276, 0.1670933), (0.64031756, 0.74971545, 0.16709335), (0.64031756, 0.74971545, 0.16709335), (0.64031756, 0.74971545, 0.16709335), (0.64031756, 0.74971545, 0.16709335), (0.7497154, 0.6403176, 0.1670934), (0.7497154, 0.6403176, 0.1670934), (0.7497154, 0.6403176, 0.1670934), (0.7497154, 0.6403176, 0.1670934), (0.8406528, 0.51515293, 0.16709326), (0.8406528, 0.51515293, 0.16709326), (0.8406528, 0.51515293, 0.16709326), (0.8406528, 0.51515293, 0.16709326), (0.9108909, 0.37730312, 0.16709335), (0.9108909, 0.37730312, 0.16709335), (0.9108909, 0.37730312, 0.16709335), (0.9108909, 0.37730312, 0.16709335), (0.9586993, 0.23016387, 0.1670933), (0.9586993, 0.23016387, 0.1670933), (0.9586993, 0.23016387, 0.1670933), (0.9586993, 0.23016387, 0.1670933), (0.98290175, 0.0773558, 0.1670933), (0.98290175, 0.0773558, 0.1670933), (0.98290175, 0.0773558, 0.1670933), (0.98290175, 0.0773558, 0.1670933), (0.98290175, -0.0773558, 0.1670933), (0.98290175, -0.0773558, 0.1670933), (0.98290175, -0.0773558, 0.1670933), (0.98290175, -0.0773558, 0.1670933), (0.9586993, -0.23016387, 0.16709326), (0.9586993, -0.23016387, 0.16709326), (0.9586993, -0.23016387, 0.16709326), (0.9586993, -0.23016387, 0.16709326), (0.9108909, -0.37730312, 0.16709335), (0.9108909, -0.37730312, 0.16709335), (0.9108909, -0.37730312, 0.16709335), (0.9108909, -0.37730312, 0.16709335), (0.8406528, -0.51515293, 0.1670933), (0.8406528, -0.51515293, 0.1670933), (0.8406528, -0.51515293, 0.1670933), (0.8406528, -0.51515293, 0.1670933), (0.74971545, -0.6403176, 0.16709334), (0.74971545, -0.6403176, 0.16709334), (0.74971545, -0.6403176, 0.16709334), (0.74971545, -0.6403176, 0.16709334), (0.6403177, -0.74971545, 0.16709332), (0.6403177, -0.74971545, 0.16709332), (0.6403177, -0.74971545, 0.16709332), (0.6403177, -0.74971545, 0.16709332), (0.51515305, -0.84065276, 0.1670933), (0.51515305, -0.84065276, 0.1670933), (0.51515305, -0.84065276, 0.1670933), (0.51515305, -0.84065276, 0.1670933), (0.37730312, -0.9108909, 0.16709332), (0.37730312, -0.9108909, 0.16709332), (0.37730312, -0.9108909, 0.16709332), (0.37730312, -0.9108909, 0.16709332), (0.23016323, -0.95869946, 0.16709335), (0.23016323, -0.95869946, 0.16709335), (0.23016323, -0.95869946, 0.16709335), (0.23016323, -0.95869946, 0.16709335), (0.0773558, -0.98290175, 0.16709326), (0.0773558, -0.98290175, 0.16709326), (0.0773558, -0.98290175, 0.16709326), (0.0773558, -0.98290175, 0.16709326), (-0.0773558, -0.98290175, 0.16709326), (-0.0773558, -0.98290175, 0.16709326), (-0.0773558, -0.98290175, 0.16709326), (-0.0773558, -0.98290175, 0.16709326), (-0.23016323, -0.95869946, 0.1670934), (-0.23016323, -0.95869946, 0.1670934), (-0.23016323, -0.95869946, 0.1670934), (-0.23016323, -0.95869946, 0.1670934), (-0.37730312, -0.9108909, 0.16709334), (-0.37730312, -0.9108909, 0.16709334), (-0.37730312, -0.9108909, 0.16709334), (-0.37730312, -0.9108909, 0.16709334), (-0.51515305, -0.84065276, 0.1670933), (-0.51515305, -0.84065276, 0.1670933), (-0.51515305, -0.84065276, 0.1670933), (-0.51515305, -0.84065276, 0.1670933), (-0.64031756, -0.74971545, 0.16709335), (-0.64031756, -0.74971545, 0.16709335), (-0.64031756, -0.74971545, 0.16709335), (-0.64031756, -0.74971545, 0.16709335), (-0.7497154, -0.6403176, 0.1670934), (-0.7497154, -0.6403176, 0.1670934), (-0.7497154, -0.6403176, 0.1670934), (-0.7497154, -0.6403176, 0.1670934), (-0.8406528, -0.51515293, 0.16709326), (-0.8406528, -0.51515293, 0.16709326), (-0.8406528, -0.51515293, 0.16709326), (-0.8406528, -0.51515293, 0.16709326), (-0.9108909, -0.37730312, 0.16709335), (-0.9108909, -0.37730312, 0.16709335), (-0.9108909, -0.37730312, 0.16709335), (-0.9108909, -0.37730312, 0.16709335), (-0.9586993, -0.23016387, 0.1670933), (-0.9586993, -0.23016387, 0.1670933), (-0.9586993, -0.23016387, 0.1670933), (-0.9586993, -0.23016387, 0.1670933), (-0.98290175, -0.0773558, 0.1670933), (-0.98290175, -0.0773558, 0.1670933), (-0.98290175, -0.0773558, 0.1670933), (-0.98290175, -0.0773558, 0.1670933), (-0.98290175, 0.0773558, 0.1670933), (-0.98290175, 0.0773558, 0.1670933), (-0.98290175, 0.0773558, 0.1670933), (-0.98290175, 0.0773558, 0.1670933), (-0.9586993, 0.23016387, 0.16709326), (-0.9586993, 0.23016387, 0.16709326), (-0.9586993, 0.23016387, 0.16709326), (-0.9586993, 0.23016387, 0.16709326), (-0.9108909, 0.37730312, 0.16709335), (-0.9108909, 0.37730312, 0.16709335), (-0.9108909, 0.37730312, 0.16709335), (-0.9108909, 0.37730312, 0.16709335), (-0.8406528, 0.51515293, 0.1670933), (-0.8406528, 0.51515293, 0.1670933), (-0.8406528, 0.51515293, 0.1670933), (-0.8406528, 0.51515293, 0.1670933), (-0.74971545, 0.6403176, 0.16709334), (-0.74971545, 0.6403176, 0.16709334), (-0.74971545, 0.6403176, 0.16709334), (-0.74971545, 0.6403176, 0.16709334), (-0.6403177, 0.74971545, 0.16709332), (-0.6403177, 0.74971545, 0.16709332), (-0.6403177, 0.74971545, 0.16709332), (-0.6403177, 0.74971545, 0.16709332), (-0.51515305, 0.84065276, 0.1670933), (-0.51515305, 0.84065276, 0.1670933), (-0.51515305, 0.84065276, 0.1670933), (-0.51515305, 0.84065276, 0.1670933), (-0.37730312, 0.9108909, 0.16709332), (-0.37730312, 0.9108909, 0.16709332), (-0.37730312, 0.9108909, 0.16709332), (-0.37730312, 0.9108909, 0.16709332), (-1.3346885e-8, 0, 1), (-1.3346885e-8, 0, 1), (-1.3346885e-8, 0, 1), (-1.3346885e-8, 0, 1), (-1.3346885e-8, 0, 1), (-1.3346885e-8, 0, 1), (-1.3346885e-8, 0, 1), (-1.3346885e-8, 0, 1), (-1.3346885e-8, 0, 1), (-1.3346885e-8, 0, 1), (-1.3346885e-8, 0, 1), (-1.3346885e-8, 0, 1), (-1.3346885e-8, 0, 1), (-1.3346885e-8, 0, 1), (-1.3346885e-8, 0, 1), (-1.3346885e-8, 0, 1), (-1.3346885e-8, 0, 1), (-1.3346885e-8, 0, 1), (-1.3346885e-8, 0, 1), (-1.3346885e-8, 0, 1), (-1.3346885e-8, 0, 1), (-1.3346885e-8, 0, 1), (-1.3346885e-8, 0, 1), (-1.3346885e-8, 0, 1), (-1.3346885e-8, 0, 1), (-1.3346885e-8, 0, 1), (-1.3346885e-8, 0, 1), (-1.3346885e-8, 0, 1), (-1.3346885e-8, 0, 1), (-1.3346885e-8, 0, 1), (-1.3346885e-8, 0, 1), (-1.3346885e-8, 0, 1), (-1.3346885e-8, 0, 1), (-1.3346885e-8, 0, 1), (-1.3346885e-8, 0, 1), (-1.3346885e-8, 0, 1), (-1.3346885e-8, 0, 1), (-1.3346885e-8, 0, 1), (-1.3346885e-8, 0, 1), (-1.3346885e-8, 0, 1), (-0.23016323, 0.95869946, 0.16709335), (-0.23016323, 0.95869946, 0.16709335), (-0.23016323, 0.95869946, 0.16709335), (-0.23016323, 0.95869946, 0.16709335), (-0.0773558, 0.98290175, 0.16709326), (-0.0773558, 0.98290175, 0.16709326), (-0.0773558, 0.98290175, 0.16709326), (-0.0773558, 0.98290175, 0.16709326), (3.6336892e-10, 0, -1), (3.6336892e-10, 0, -1), (3.6336892e-10, 0, -1), (3.6336892e-10, 0, -1), (3.6336892e-10, 0, -1), (3.6336892e-10, 0, -1), (3.6336892e-10, 0, -1), (3.6336892e-10, 0, -1), (3.6336892e-10, 0, -1), (3.6336892e-10, 0, -1), (3.6336892e-10, 0, -1), (3.6336892e-10, 0, -1), (3.6336892e-10, 0, -1), (3.6336892e-10, 0, -1), (3.6336892e-10, 0, -1), (3.6336892e-10, 0, -1), (3.6336892e-10, 0, -1), (3.6336892e-10, 0, -1), (3.6336892e-10, 0, -1), (3.6336892e-10, 0, -1), (3.6336892e-10, 0, -1), (3.6336892e-10, 0, -1), (3.6336892e-10, 0, -1), (3.6336892e-10, 0, -1), (3.6336892e-10, 0, -1), (3.6336892e-10, 0, -1), (3.6336892e-10, 0, -1), (3.6336892e-10, 0, -1), (3.6336892e-10, 0, -1), (3.6336892e-10, 0, -1), (3.6336892e-10, 0, -1), (3.6336892e-10, 0, -1), (3.6336892e-10, 0, -1), (3.6336892e-10, 0, -1), (3.6336892e-10, 0, -1), (3.6336892e-10, 0, -1), (3.6336892e-10, 0, -1), (3.6336892e-10, 0, -1), (3.6336892e-10, 0, -1), (3.6336892e-10, 0, -1), (0.065403044, 0.9978589, 0), (0.065403044, 0.9978589, 0), (0.065403044, 0.9978589, 0), (0.065403044, 0.9978589, 0), (0.19509035, 0.98078525, 0), (0.19509035, 0.98078525, 0), (0.19509035, 0.98078525, 0), (0.19509035, 0.98078525, 0), (0.32143986, 0.94693, 0), (0.32143986, 0.94693, 0), (0.32143986, 0.94693, 0), (0.32143986, 0.94693, 0), (0.44228855, 0.8968728, 0), (0.44228855, 0.8968728, 0), (0.44228855, 0.8968728, 0), (0.44228855, 0.8968728, 0), (0.5555703, 0.83146954, 0), (0.5555703, 0.83146954, 0), (0.5555703, 0.83146954, 0), (0.5555703, 0.83146954, 0), (0.6593459, 0.75183964, 0), (0.6593459, 0.75183964, 0), (0.6593459, 0.75183964, 0), (0.6593459, 0.75183964, 0), (0.7518398, 0.65934575, 0), (0.7518398, 0.65934575, 0), (0.7518398, 0.65934575, 0), (0.7518398, 0.65934575, 0), (0.8314696, 0.5555702, 0), (0.8314696, 0.5555702, 0), (0.8314696, 0.5555702, 0), (0.8314696, 0.5555702, 0), (0.8968727, 0.4422888, 0), (0.8968727, 0.4422888, 0), (0.8968727, 0.4422888, 0), (0.8968727, 0.4422888, 0), (0.94693005, 0.32143962, 0), (0.94693005, 0.32143962, 0), (0.94693005, 0.32143962, 0), (0.94693005, 0.32143962, 0), (0.98078525, 0.19509052, 0), (0.98078525, 0.19509052, 0), (0.98078525, 0.19509052, 0), (0.98078525, 0.19509052, 0), (0.997859, 0.06540281, 0), (0.997859, 0.06540281, 0), (0.997859, 0.06540281, 0), (0.997859, 0.06540281, 0), (0.997859, -0.06540281, 0), (0.997859, -0.06540281, 0), (0.997859, -0.06540281, 0), (0.997859, -0.06540281, 0), (0.98078525, -0.19509052, 0), (0.98078525, -0.19509052, 0), (0.98078525, -0.19509052, 0), (0.98078525, -0.19509052, 0), (0.94693005, -0.32143962, 0), (0.94693005, -0.32143962, 0), (0.94693005, -0.32143962, 0), (0.94693005, -0.32143962, 0), (0.8968727, -0.4422888, 0), (0.8968727, -0.4422888, 0), (0.8968727, -0.4422888, 0), (0.8968727, -0.4422888, 0), (0.8314696, -0.5555702, 0), (0.8314696, -0.5555702, 0), (0.8314696, -0.5555702, 0), (0.8314696, -0.5555702, 0), (0.7518398, -0.65934575, 0), (0.7518398, -0.65934575, 0), (0.7518398, -0.65934575, 0), (0.7518398, -0.65934575, 0), (0.6593459, -0.75183964, 0), (0.6593459, -0.75183964, 0), (0.6593459, -0.75183964, 0), (0.6593459, -0.75183964, 0), (0.5555703, -0.83146954, 0), (0.5555703, -0.83146954, 0), (0.5555703, -0.83146954, 0), (0.5555703, -0.83146954, 0), (0.44228855, -0.8968728, 0), (0.44228855, -0.8968728, 0), (0.44228855, -0.8968728, 0), (0.44228855, -0.8968728, 0), (0.32143986, -0.94693, 0), (0.32143986, -0.94693, 0), (0.32143986, -0.94693, 0), (0.32143986, -0.94693, 0), (0.19509035, -0.98078525, 0), (0.19509035, -0.98078525, 0), (0.19509035, -0.98078525, 0), (0.19509035, -0.98078525, 0), (0.065403044, -0.9978589, 0), (0.065403044, -0.9978589, 0), (0.065403044, -0.9978589, 0), (0.065403044, -0.9978589, 0), (-0.065403044, -0.9978589, 0), (-0.065403044, -0.9978589, 0), (-0.065403044, -0.9978589, 0), (-0.065403044, -0.9978589, 0), (-0.19509035, -0.98078525, 0), (-0.19509035, -0.98078525, 0), (-0.19509035, -0.98078525, 0), (-0.19509035, -0.98078525, 0), (-0.32143986, -0.94693, 0), (-0.32143986, -0.94693, 0), (-0.32143986, -0.94693, 0), (-0.32143986, -0.94693, 0), (-0.44228855, -0.8968728, 0), (-0.44228855, -0.8968728, 0), (-0.44228855, -0.8968728, 0), (-0.44228855, -0.8968728, 0), (-0.5555703, -0.83146954, 0), (-0.5555703, -0.83146954, 0), (-0.5555703, -0.83146954, 0), (-0.5555703, -0.83146954, 0), (-0.6593459, -0.75183964, 0), (-0.6593459, -0.75183964, 0), (-0.6593459, -0.75183964, 0), (-0.6593459, -0.75183964, 0), (-0.7518398, -0.65934575, 0), (-0.7518398, -0.65934575, 0), (-0.7518398, -0.65934575, 0), (-0.7518398, -0.65934575, 0), (-0.8314696, -0.5555702, 0), (-0.8314696, -0.5555702, 0), (-0.8314696, -0.5555702, 0), (-0.8314696, -0.5555702, 0), (-0.8968727, -0.4422888, 0), (-0.8968727, -0.4422888, 0), (-0.8968727, -0.4422888, 0), (-0.8968727, -0.4422888, 0), (-0.94693005, -0.32143962, 0), (-0.94693005, -0.32143962, 0), (-0.94693005, -0.32143962, 0), (-0.94693005, -0.32143962, 0), (-0.98078525, -0.19509052, 0), (-0.98078525, -0.19509052, 0), (-0.98078525, -0.19509052, 0), (-0.98078525, -0.19509052, 0), (-0.997859, -0.06540281, 0), (-0.997859, -0.06540281, 0), (-0.997859, -0.06540281, 0), (-0.997859, -0.06540281, 0), (-0.997859, 0.06540281, 0), (-0.997859, 0.06540281, 0), (-0.997859, 0.06540281, 0), (-0.997859, 0.06540281, 0), (-0.98078525, 0.19509052, 0), (-0.98078525, 0.19509052, 0), (-0.98078525, 0.19509052, 0), (-0.98078525, 0.19509052, 0), (-0.94693005, 0.32143962, 0), (-0.94693005, 0.32143962, 0), (-0.94693005, 0.32143962, 0), (-0.94693005, 0.32143962, 0), (-0.8968727, 0.4422888, 0), (-0.8968727, 0.4422888, 0), (-0.8968727, 0.4422888, 0), (-0.8968727, 0.4422888, 0), (-0.8314696, 0.5555702, 0), (-0.8314696, 0.5555702, 0), (-0.8314696, 0.5555702, 0), (-0.8314696, 0.5555702, 0), (-0.7518398, 0.65934575, 0), (-0.7518398, 0.65934575, 0), (-0.7518398, 0.65934575, 0), (-0.7518398, 0.65934575, 0), (-0.6593459, 0.75183964, 0), (-0.6593459, 0.75183964, 0), (-0.6593459, 0.75183964, 0), (-0.6593459, 0.75183964, 0), (-0.5555703, 0.83146954, 0), (-0.5555703, 0.83146954, 0), (-0.5555703, 0.83146954, 0), (-0.5555703, 0.83146954, 0), (-0.44228855, 0.8968728, 0), (-0.44228855, 0.8968728, 0), (-0.44228855, 0.8968728, 0), (-0.44228855, 0.8968728, 0), (-0.32143986, 0.94693, 0), (-0.32143986, 0.94693, 0), (-0.32143986, 0.94693, 0), (-0.32143986, 0.94693, 0), (-4.740074e-8, 0, 1), (-4.740074e-8, 0, 1), (-4.740074e-8, 0, 1), (-4.740074e-8, 0, 1), (-4.740074e-8, 0, 1), (-4.740074e-8, 0, 1), (-4.740074e-8, 0, 1), (-4.740074e-8, 0, 1), (-4.740074e-8, 0, 1), (-4.740074e-8, 0, 1), (-4.740074e-8, 0, 1), (-4.740074e-8, 0, 1), (-4.740074e-8, 0, 1), (-4.740074e-8, 0, 1), (-4.740074e-8, 0, 1), (-4.740074e-8, 0, 1), (-4.740074e-8, 0, 1), (-4.740074e-8, 0, 1), (-4.740074e-8, 0, 1), (-4.740074e-8, 0, 1), (-4.740074e-8, 0, 1), (-4.740074e-8, 0, 1), (-4.740074e-8, 0, 1), (-4.740074e-8, 0, 1), (-4.740074e-8, 0, 1), (-4.740074e-8, 0, 1), (-4.740074e-8, 0, 1), (-4.740074e-8, 0, 1), (-4.740074e-8, 0, 1), (-4.740074e-8, 0, 1), (-4.740074e-8, 0, 1), (-4.740074e-8, 0, 1), (-4.740074e-8, 0, 1), (-4.740074e-8, 0, 1), (-4.740074e-8, 0, 1), (-4.740074e-8, 0, 1), (-4.740074e-8, 0, 1), (-4.740074e-8, 0, 1), (-4.740074e-8, 0, 1), (-4.740074e-8, 0, 1), (-4.740074e-8, 0, 1), (-4.740074e-8, 0, 1), (-4.740074e-8, 0, 1), (-4.740074e-8, 0, 1), (-4.740074e-8, 0, 1), (-4.740074e-8, 0, 1), (-4.740074e-8, 0, 1), (-4.740074e-8, 0, 1), (-0.19509035, 0.98078525, 0), (-0.19509035, 0.98078525, 0), (-0.19509035, 0.98078525, 0), (-0.19509035, 0.98078525, 0), (-0.065403044, 0.9978589, 0), (-0.065403044, 0.9978589, 0), (-0.065403044, 0.9978589, 0), (-0.065403044, 0.9978589, 0), (-2.6662917e-7, 0, -1), (-2.6662917e-7, 0, -1), (-2.6662917e-7, 0, -1), (-2.6662917e-7, 0, -1), (-2.6662917e-7, 0, -1), (-2.6662917e-7, 0, -1), (-2.6662917e-7, 0, -1), (-2.6662917e-7, 0, -1), (-2.6662917e-7, 0, -1), (-2.6662917e-7, 0, -1), (-2.6662917e-7, 0, -1), (-2.6662917e-7, 0, -1), (-2.6662917e-7, 0, -1), (-2.6662917e-7, 0, -1), (-2.6662917e-7, 0, -1), (-2.6662917e-7, 0, -1), (-2.6662917e-7, 0, -1), (-2.6662917e-7, 0, -1), (-2.6662917e-7, 0, -1), (-2.6662917e-7, 0, -1), (-2.6662917e-7, 0, -1), (-2.6662917e-7, 0, -1), (-2.6662917e-7, 0, -1), (-2.6662917e-7, 0, -1), (-2.6662917e-7, 0, -1), (-2.6662917e-7, 0, -1), (-2.6662917e-7, 0, -1), (-2.6662917e-7, 0, -1), (-2.6662917e-7, 0, -1), (-2.6662917e-7, 0, -1), (-2.6662917e-7, 0, -1), (-2.6662917e-7, 0, -1), (-2.6662917e-7, 0, -1), (-2.6662917e-7, 0, -1), (-2.6662917e-7, 0, -1), (-2.6662917e-7, 0, -1), (-2.6662917e-7, 0, -1), (-2.6662917e-7, 0, -1), (-2.6662917e-7, 0, -1), (-2.6662917e-7, 0, -1), (-2.6662917e-7, 0, -1), (-2.6662917e-7, 0, -1), (-2.6662917e-7, 0, -1), (-2.6662917e-7, 0, -1), (-2.6662917e-7, 0, -1), (-2.6662917e-7, 0, -1), (-2.6662917e-7, 0, -1), (-2.6662917e-7, 0, -1), (0.09801737, 0.9951847, 0), (0.09801737, 0.9951847, 0), (0.09801737, 0.9951847, 0), (0.09801737, 0.9951847, 0), (0.2902847, 0.95694035, 0), (0.2902847, 0.95694035, 0), (0.2902847, 0.95694035, 0), (0.2902847, 0.95694035, 0), (0.47139633, 0.88192147, 0), (0.47139633, 0.88192147, 0), (0.47139633, 0.88192147, 0), (0.47139633, 0.88192147, 0), (0.6343936, 0.7730102, 0), (0.6343936, 0.7730102, 0), (0.6343936, 0.7730102, 0), (0.6343936, 0.7730102, 0), (0.77301025, 0.6343935, 0), (0.77301025, 0.6343935, 0), (0.77301025, 0.6343935, 0), (0.77301025, 0.6343935, 0), (0.88192147, 0.47139627, 0), (0.88192147, 0.47139627, 0), (0.88192147, 0.47139627, 0), (0.88192147, 0.47139627, 0), (0.9569403, 0.2902849, 0), (0.9569403, 0.2902849, 0), (0.9569403, 0.2902849, 0), (0.9569403, 0.2902849, 0), (0.99518466, 0.09801739, 0), (0.99518466, 0.09801739, 0), (0.99518466, 0.09801739, 0), (0.99518466, 0.09801739, 0), (0.99518466, -0.09801739, 0), (0.99518466, -0.09801739, 0), (0.99518466, -0.09801739, 0), (0.99518466, -0.09801739, 0), (0.9569403, -0.2902849, 0), (0.9569403, -0.2902849, 0), (0.9569403, -0.2902849, 0), (0.9569403, -0.2902849, 0), (0.88192147, -0.47139627, 0), (0.88192147, -0.47139627, 0), (0.88192147, -0.47139627, 0), (0.88192147, -0.47139627, 0), (0.77301025, -0.6343935, 0), (0.77301025, -0.6343935, 0), (0.77301025, -0.6343935, 0), (0.77301025, -0.6343935, 0), (0.6343936, -0.7730102, 0), (0.6343936, -0.7730102, 0), (0.6343936, -0.7730102, 0), (0.6343936, -0.7730102, 0), (0.47139633, -0.88192147, 0), (0.47139633, -0.88192147, 0), (0.47139633, -0.88192147, 0), (0.47139633, -0.88192147, 0), (0.2902847, -0.95694035, 0), (0.2902847, -0.95694035, 0), (0.2902847, -0.95694035, 0), (0.2902847, -0.95694035, 0), (0.09801737, -0.9951847, 0), (0.09801737, -0.9951847, 0), (0.09801737, -0.9951847, 0), (0.09801737, -0.9951847, 0), (-0.09801737, -0.9951847, 0), (-0.09801737, -0.9951847, 0), (-0.09801737, -0.9951847, 0), (-0.09801737, -0.9951847, 0), (-0.2902847, -0.95694035, 0), (-0.2902847, -0.95694035, 0), (-0.2902847, -0.95694035, 0), (-0.2902847, -0.95694035, 0), (-0.47139633, -0.88192147, 0), (-0.47139633, -0.88192147, 0), (-0.47139633, -0.88192147, 0), (-0.47139633, -0.88192147, 0), (-0.6343936, -0.7730102, 0), (-0.6343936, -0.7730102, 0), (-0.6343936, -0.7730102, 0), (-0.6343936, -0.7730102, 0), (-0.77301025, -0.6343935, 0), (-0.77301025, -0.6343935, 0), (-0.77301025, -0.6343935, 0), (-0.77301025, -0.6343935, 0), (-0.88192147, -0.47139627, 0), (-0.88192147, -0.47139627, 0), (-0.88192147, -0.47139627, 0), (-0.88192147, -0.47139627, 0), (-0.9569403, -0.2902849, 0), (-0.9569403, -0.2902849, 0), (-0.9569403, -0.2902849, 0), (-0.9569403, -0.2902849, 0), (-0.99518466, -0.09801739, 0), (-0.99518466, -0.09801739, 0), (-0.99518466, -0.09801739, 0), (-0.99518466, -0.09801739, 0), (-0.99518466, 0.09801739, 0), (-0.99518466, 0.09801739, 0), (-0.99518466, 0.09801739, 0), (-0.99518466, 0.09801739, 0), (-0.9569403, 0.2902849, 0), (-0.9569403, 0.2902849, 0), (-0.9569403, 0.2902849, 0), (-0.9569403, 0.2902849, 0), (-0.88192147, 0.47139627, 0), (-0.88192147, 0.47139627, 0), (-0.88192147, 0.47139627, 0), (-0.88192147, 0.47139627, 0), (-0.77301025, 0.6343935, 0), (-0.77301025, 0.6343935, 0), (-0.77301025, 0.6343935, 0), (-0.77301025, 0.6343935, 0), (-0.6343936, 0.7730102, 0), (-0.6343936, 0.7730102, 0), (-0.6343936, 0.7730102, 0), (-0.6343936, 0.7730102, 0), (-0.47139633, 0.88192147, 0), (-0.47139633, 0.88192147, 0), (-0.47139633, 0.88192147, 0), (-0.47139633, 0.88192147, 0), (-6.410135e-8, 0, 1), (-6.410135e-8, 0, 1), (-6.410135e-8, 0, 1), (-6.410135e-8, 0, 1), (-6.410135e-8, 0, 1), (-6.410135e-8, 0, 1), (-6.410135e-8, 0, 1), (-6.410135e-8, 0, 1), (-6.410135e-8, 0, 1), (-6.410135e-8, 0, 1), (-6.410135e-8, 0, 1), (-6.410135e-8, 0, 1), (-6.410135e-8, 0, 1), (-6.410135e-8, 0, 1), (-6.410135e-8, 0, 1), (-6.410135e-8, 0, 1), (-6.410135e-8, 0, 1), (-6.410135e-8, 0, 1), (-6.410135e-8, 0, 1), (-6.410135e-8, 0, 1), (-6.410135e-8, 0, 1), (-6.410135e-8, 0, 1), (-6.410135e-8, 0, 1), (-6.410135e-8, 0, 1), (-6.410135e-8, 0, 1), (-6.410135e-8, 0, 1), (-6.410135e-8, 0, 1), (-6.410135e-8, 0, 1), (-6.410135e-8, 0, 1), (-6.410135e-8, 0, 1), (-6.410135e-8, 0, 1), (-6.410135e-8, 0, 1), (-0.2902847, 0.95694035, 0), (-0.2902847, 0.95694035, 0), (-0.2902847, 0.95694035, 0), (-0.2902847, 0.95694035, 0), (-0.09801737, 0.9951847, 0), (-0.09801737, 0.9951847, 0), (-0.09801737, 0.9951847, 0), (-0.09801737, 0.9951847, 0), (-1.7482188e-8, 0, -1), (-1.7482188e-8, 0, -1), (-1.7482188e-8, 0, -1), (-1.7482188e-8, 0, -1), (-1.7482188e-8, 0, -1), (-1.7482188e-8, 0, -1), (-1.7482188e-8, 0, -1), (-1.7482188e-8, 0, -1), (-1.7482188e-8, 0, -1), (-1.7482188e-8, 0, -1), (-1.7482188e-8, 0, -1), (-1.7482188e-8, 0, -1), (-1.7482188e-8, 0, -1), (-1.7482188e-8, 0, -1), (-1.7482188e-8, 0, -1), (-1.7482188e-8, 0, -1), (-1.7482188e-8, 0, -1), (-1.7482188e-8, 0, -1), (-1.7482188e-8, 0, -1), (-1.7482188e-8, 0, -1), (-1.7482188e-8, 0, -1), (-1.7482188e-8, 0, -1), (-1.7482188e-8, 0, -1), (-1.7482188e-8, 0, -1), (-1.7482188e-8, 0, -1), (-1.7482188e-8, 0, -1), (-1.7482188e-8, 0, -1), (-1.7482188e-8, 0, -1), (-1.7482188e-8, 0, -1), (-1.7482188e-8, 0, -1), (-1.7482188e-8, 0, -1), (-1.7482188e-8, 0, -1), (0.028573945, 0.29016608, 0.9565497), (0.028573945, 0.29016608, 0.9565497), (0.028573945, 0.29016608, 0.9565497), (0.028573945, 0.29016608, 0.9565497), (0.09383135, 0.95271736, -0.28900772), (0.09383135, 0.95271736, -0.28900772), (0.09383135, 0.95271736, -0.28900772), (0.09383135, 0.95271736, -0.28900772), (0.046371575, 0.47088784, 0.8809735), (0.046371575, 0.47088784, 0.8809735), (0.046371575, 0.47088784, 0.8809735), (0.046371575, 0.47088784, 0.8809735), (0.08653601, 0.87861454, -0.46962535), (0.08653601, 0.87861454, -0.46962535), (0.08653601, 0.87861454, -0.46962535), (0.08653601, 0.87861454, -0.46962535), (0.062350392, 0.6331602, 0.7715055), (0.062350392, 0.6331602, 0.7715055), (0.062350392, 0.6331602, 0.7715055), (0.062350392, 0.6331602, 0.7715055), (0.07591165, 0.77077854, -0.6325644), (0.07591165, 0.77077854, -0.6325644), (0.07591165, 0.77077854, -0.6325644), (0.07591165, 0.77077854, -0.6325644), (0.075915806, 0.770781, 0.6325612), (0.075915806, 0.770781, 0.6325612), (0.075915806, 0.770781, 0.6325612), (0.075915806, 0.770781, 0.6325612), (0.06235056, 0.6331616, -0.77150434), (0.06235056, 0.6331616, -0.77150434), (0.06235056, 0.6331616, -0.77150434), (0.06235056, 0.6331616, -0.77150434), (0.086532466, 0.8786124, 0.4696299), (0.086532466, 0.8786124, 0.4696299), (0.086532466, 0.8786124, 0.4696299), (0.086532466, 0.8786124, 0.4696299), (0.04638421, 0.47088757, -0.88097304), (0.04638421, 0.47088757, -0.88097304), (0.04638421, 0.47088757, -0.88097304), (0.04638421, 0.47088757, -0.88097304), (0.09383152, 0.95271903, 0.28900203), (0.09383152, 0.95271903, 0.28900203), (0.09383152, 0.95271903, 0.28900203), (0.09383152, 0.95271903, 0.28900203), (0.028573945, 0.29016608, -0.9565497), (0.028573945, 0.29016608, -0.9565497), (0.028573945, 0.29016608, -0.9565497), (0.028573945, 0.29016608, -0.9565497), (0.097546406, 0.9904384, 0.09755263), (0.097546406, 0.9904384, 0.09755263), (0.097546406, 0.9904384, 0.09755263), (0.097546406, 0.9904384, 0.09755263), (0.009690437, 0.09801419, 0.9951378), (0.009690437, 0.09801419, 0.9951378), (0.009690437, 0.09801419, 0.9951378), (0.009679963, 0.098014206, -0.99513793), (0.009679963, 0.098014206, -0.99513793), (0.009679963, 0.098014206, -0.99513793), (0.0975486, 0.99043846, -0.097549215), (0.0975486, 0.99043846, -0.097549215), (0.0975486, 0.99043846, -0.097549215), (0.0975486, 0.99043846, -0.097549215), (0.28890058, 0.9523763, 0.09754959), (0.28890058, 0.9523763, 0.09754959), (0.28890058, 0.9523763, 0.09754959), (0.28890058, 0.9523763, 0.09754959), (0.028583758, 0.094247624, 0.99513835), (0.028583758, 0.094247624, 0.99513835), (0.028583758, 0.094247624, 0.99513835), (0.028591368, 0.0942476, -0.99513817), (0.028591368, 0.0942476, -0.99513817), (0.028591368, 0.0942476, -0.99513817), (0.28889987, 0.9523764, -0.097549595), (0.28889987, 0.9523764, -0.097549595), (0.28889987, 0.9523764, -0.097549595), (0.28889987, 0.9523764, -0.097549595), (0.08463146, 0.27901503, 0.9565501), (0.08463146, 0.27901503, 0.9565501), (0.08463146, 0.27901503, 0.9565501), (0.08463146, 0.27901503, 0.9565501), (0.277897, 0.9161055, -0.28900507), (0.277897, 0.9161055, -0.28900507), (0.277897, 0.9161055, -0.28900507), (0.277897, 0.9161055, -0.28900507), (0.13736752, 0.45279124, 0.88097113), (0.13736752, 0.45279124, 0.88097113), (0.13736752, 0.45279124, 0.88097113), (0.13736752, 0.45279124, 0.88097113), (0.25628373, 0.8448482, -0.46962762), (0.25628373, 0.8448482, -0.46962762), (0.25628373, 0.8448482, -0.46962762), (0.25628373, 0.8448482, -0.46962762), (0.18468273, 0.60882807, 0.7715055), (0.18468273, 0.60882807, 0.7715055), (0.18468273, 0.60882807, 0.7715055), (0.18468273, 0.60882807, 0.7715055), (0.22482617, 0.741159, -0.63256335), (0.22482617, 0.741159, -0.63256335), (0.22482617, 0.741159, -0.63256335), (0.22482617, 0.741159, -0.63256335), (0.22482617, 0.741159, 0.63256335), (0.22482617, 0.741159, 0.63256335), (0.22482617, 0.741159, 0.63256335), (0.22482617, 0.741159, 0.63256335), (0.18469638, 0.6088266, -0.77150345), (0.18469638, 0.6088266, -0.77150345), (0.18469638, 0.6088266, -0.77150345), (0.18469638, 0.6088266, -0.77150345), (0.25628054, 0.8448489, 0.46962816), (0.25628054, 0.8448489, 0.46962816), (0.25628054, 0.8448489, 0.46962816), (0.25628054, 0.8448489, 0.46962816), (0.1373551, 0.45279205, -0.88097274), (0.1373551, 0.45279205, -0.88097274), (0.1373551, 0.45279205, -0.88097274), (0.1373551, 0.45279205, -0.88097274), (0.277897, 0.9161055, 0.28900507), (0.277897, 0.9161055, 0.28900507), (0.277897, 0.9161055, 0.28900507), (0.277897, 0.9161055, 0.28900507), (0.08463145, 0.279015, -0.9565502), (0.08463145, 0.279015, -0.9565502), (0.08463145, 0.279015, -0.9565502), (0.08463145, 0.279015, -0.9565502), (0.36510193, 0.6830554, -0.6325629), (0.36510193, 0.6830554, -0.6325629), (0.36510193, 0.6830554, -0.6325629), (0.36510193, 0.6830554, -0.6325629), (0.3651019, 0.68305534, 0.63256305), (0.3651019, 0.68305534, 0.63256305), (0.3651019, 0.68305534, 0.63256305), (0.3651019, 0.68305534, 0.63256305), (0.29991433, 0.56109875, -0.7715048), (0.29991433, 0.56109875, -0.7715048), (0.29991433, 0.56109875, -0.7715048), (0.29991433, 0.56109875, -0.7715048), (0.41618192, 0.7786157, 0.46962765), (0.41618192, 0.7786157, 0.46962765), (0.41618192, 0.7786157, 0.46962765), (0.41618192, 0.7786157, 0.46962765), (0.22305305, 0.41729522, -0.8809722), (0.22305305, 0.41729522, -0.8809722), (0.22305305, 0.41729522, -0.8809722), (0.22305305, 0.41729522, -0.8809722), (0.4512815, 0.8442874, 0.2890047), (0.4512815, 0.8442874, 0.2890047), (0.4512815, 0.8442874, 0.2890047), (0.4512815, 0.8442874, 0.2890047), (0.1374387, 0.2571417, -0.9565504), (0.1374387, 0.2571417, -0.9565504), (0.1374387, 0.2571417, -0.9565504), (0.1374387, 0.2571417, -0.9565504), (0.469148, 0.87771535, 0.09754959), (0.469148, 0.87771535, 0.09754959), (0.469148, 0.87771535, 0.09754959), (0.469148, 0.87771535, 0.09754959), (0.046440944, 0.08685901, 0.9951375), (0.046440944, 0.08685901, 0.9951375), (0.046440944, 0.08685901, 0.9951375), (0.046433337, 0.08685903, -0.9951379), (0.046433337, 0.08685903, -0.9951379), (0.046433337, 0.08685903, -0.9951379), (0.46915007, 0.87771434, -0.09754948), (0.46915007, 0.87771434, -0.09754948), (0.46915007, 0.87771434, -0.09754948), (0.46915007, 0.87771434, -0.09754948), (0.1374387, 0.2571417, 0.9565504), (0.1374387, 0.2571417, 0.9565504), (0.1374387, 0.2571417, 0.9565504), (0.1374387, 0.2571417, 0.9565504), (0.4512815, 0.8442874, -0.2890047), (0.4512815, 0.8442874, -0.2890047), (0.4512815, 0.8442874, -0.2890047), (0.4512815, 0.8442874, -0.2890047), (0.22304705, 0.4172958, 0.8809735), (0.22304705, 0.4172958, 0.8809735), (0.22304705, 0.4172958, 0.8809735), (0.22304705, 0.4172958, 0.8809735), (0.41617918, 0.77861685, -0.46962833), (0.41617918, 0.77861685, -0.46962833), (0.41617918, 0.77861685, -0.46962833), (0.41617918, 0.77861685, -0.46962833), (0.2999186, 0.5610979, 0.7715037), (0.2999186, 0.5610979, 0.7715037), (0.2999186, 0.5610979, 0.7715037), (0.2999186, 0.5610979, 0.7715037), (0.062454686, 0.076132715, -0.9951398), (0.062454686, 0.076132715, -0.9951398), (0.062454686, 0.076132715, -0.9951398), (0.63136685, 0.76932424, -0.09754976), (0.63136685, 0.76932424, -0.09754976), (0.63136685, 0.76932424, -0.09754976), (0.63136685, 0.76932424, -0.09754976), (0.18495925, 0.22538686, 0.95655155), (0.18495925, 0.22538686, 0.95655155), (0.18495925, 0.22538686, 0.95655155), (0.18495925, 0.22538686, 0.95655155), (0.6073211, 0.74002516, -0.2890051), (0.6073211, 0.74002516, -0.2890051), (0.6073211, 0.74002516, -0.2890051), (0.6073211, 0.74002516, -0.2890051), (0.30016312, 0.36576405, 0.8809761), (0.30016312, 0.36576405, 0.8809761), (0.30016312, 0.36576405, 0.8809761), (0.30016312, 0.36576405, 0.8809761), (0.5600837, 0.6824632, -0.46962777), (0.5600837, 0.6824632, -0.46962777), (0.5600837, 0.6824632, -0.46962777), (0.5600837, 0.6824632, -0.46962777), (0.4036144, 0.491808, 0.77150524), (0.4036144, 0.491808, 0.77150524), (0.4036144, 0.491808, 0.77150524), (0.4036144, 0.491808, 0.77150524), (0.49134487, 0.59870267, -0.6325625), (0.49134487, 0.59870267, -0.6325625), (0.49134487, 0.59870267, -0.6325625), (0.49134487, 0.59870267, -0.6325625), (0.49134487, 0.59870267, 0.6325625), (0.49134487, 0.59870267, 0.6325625), (0.49134487, 0.59870267, 0.6325625), (0.49134487, 0.59870267, 0.6325625), (0.4036105, 0.49180895, -0.7715067), (0.4036105, 0.49180895, -0.7715067), (0.4036105, 0.49180895, -0.7715067), (0.4036105, 0.49180895, -0.7715067), (0.5600825, 0.6824638, 0.46962824), (0.5600825, 0.6824638, 0.46962824), (0.5600825, 0.6824638, 0.46962824), (0.5600825, 0.6824638, 0.46962824), (0.30016884, 0.36576334, -0.88097435), (0.30016884, 0.36576334, -0.88097435), (0.30016884, 0.36576334, -0.88097435), (0.30016884, 0.36576334, -0.88097435), (0.607323, 0.7400238, 0.28900456), (0.607323, 0.7400238, 0.28900456), (0.607323, 0.7400238, 0.28900456), (0.607323, 0.7400238, 0.28900456), (0.18497911, 0.225386, -0.9565479), (0.18497911, 0.225386, -0.9565479), (0.18497911, 0.225386, -0.9565479), (0.18497911, 0.225386, -0.9565479), (0.6313692, 0.7693225, 0.09754935), (0.6313692, 0.7693225, 0.09754935), (0.6313692, 0.7693225, 0.09754935), (0.6313692, 0.7693225, 0.09754935), (0.06246987, 0.076132655, 0.9951388), (0.06246987, 0.076132655, 0.9951388), (0.06246987, 0.076132655, 0.9951388), (0.4918063, 0.4036161, -0.7715054), (0.4918063, 0.4036161, -0.7715054), (0.4918063, 0.4036161, -0.7715054), (0.4918063, 0.4036161, -0.7715054), (0.68246484, 0.56008214, 0.46962735), (0.68246484, 0.56008214, 0.46962735), (0.68246484, 0.56008214, 0.46962735), (0.68246484, 0.56008214, 0.46962735), (0.3657633, 0.3001735, -0.88097286), (0.3657633, 0.3001735, -0.88097286), (0.3657633, 0.3001735, -0.88097286), (0.3657633, 0.3001735, -0.88097286), (0.74002343, 0.60732305, 0.28900513), (0.74002343, 0.60732305, 0.28900513), (0.74002343, 0.60732305, 0.28900513), (0.74002343, 0.60732305, 0.28900513), (0.22539197, 0.18496954, -0.95654833), (0.22539197, 0.18496954, -0.95654833), (0.22539197, 0.18496954, -0.95654833), (0.22539197, 0.18496954, -0.95654833), (0.7693246, 0.63136643, 0.097549535), (0.7693246, 0.63136643, 0.097549535), (0.7693246, 0.63136643, 0.097549535), (0.7693246, 0.63136643, 0.097549535), (0.07615213, 0.0624803, 0.9951367), (0.07615213, 0.0624803, 0.9951367), (0.07615213, 0.0624803, 0.9951367), (0.07614456, 0.062480338, -0.9951372), (0.07614456, 0.062480338, -0.9951372), (0.07614456, 0.062480338, -0.9951372), (0.7693245, 0.6313666, -0.097549565), (0.7693245, 0.6313666, -0.097549565), (0.7693245, 0.6313666, -0.097549565), (0.7693245, 0.6313666, -0.097549565), (0.22539197, 0.18496954, 0.95654833), (0.22539197, 0.18496954, 0.95654833), (0.22539197, 0.18496954, 0.95654833), (0.22539197, 0.18496954, 0.95654833), (0.7400227, 0.60732377, -0.2890055), (0.7400227, 0.60732377, -0.2890055), (0.7400227, 0.60732377, -0.2890055), (0.7400227, 0.60732377, -0.2890055), (0.3657633, 0.3001735, 0.88097286), (0.3657633, 0.3001735, 0.88097286), (0.3657633, 0.3001735, 0.88097286), (0.3657633, 0.3001735, 0.88097286), (0.68246573, 0.5600814, -0.46962678), (0.68246573, 0.5600814, -0.46962678), (0.68246573, 0.5600814, -0.46962678), (0.68246573, 0.5600814, -0.46962678), (0.49180984, 0.40361518, 0.7715036), (0.49180984, 0.40361518, 0.7715036), (0.49180984, 0.40361518, 0.7715036), (0.49180984, 0.40361518, 0.7715036), (0.5987036, 0.49134302, -0.63256305), (0.5987036, 0.49134302, -0.63256305), (0.5987036, 0.49134302, -0.63256305), (0.5987036, 0.49134302, -0.63256305), (0.5987025, 0.49134368, 0.63256365), (0.5987025, 0.49134368, 0.63256365), (0.5987025, 0.49134368, 0.63256365), (0.5987025, 0.49134368, 0.63256365), (0.2571443, 0.13744484, 0.9565488), (0.2571443, 0.13744484, 0.9565488), (0.2571443, 0.13744484, 0.9565488), (0.2571443, 0.13744484, 0.9565488), (0.84428596, 0.45128334, -0.28900617), (0.84428596, 0.45128334, -0.28900617), (0.84428596, 0.45128334, -0.28900617), (0.84428596, 0.45128334, -0.28900617), (0.41729924, 0.22304873, 0.88097143), (0.41729924, 0.22304873, 0.88097143), (0.41729924, 0.22304873, 0.88097143), (0.41729924, 0.22304873, 0.88097143), (0.7786176, 0.41617873, -0.46962735), (0.7786176, 0.41617873, -0.46962735), (0.7786176, 0.41617873, -0.46962735), (0.7786176, 0.41617873, -0.46962735), (0.56109786, 0.29991418, 0.7715054), (0.56109786, 0.29991418, 0.7715054), (0.56109786, 0.29991418, 0.7715054), (0.56109786, 0.29991418, 0.7715054), (0.6830576, 0.36510018, -0.63256156), (0.6830576, 0.36510018, -0.63256156), (0.6830576, 0.36510018, -0.63256156), (0.6830576, 0.36510018, -0.63256156), (0.6830566, 0.36510065, 0.6325624), (0.6830566, 0.36510065, 0.6325624), (0.6830566, 0.36510065, 0.6325624), (0.6830566, 0.36510065, 0.6325624), (0.5610994, 0.2999138, -0.7715045), (0.5610994, 0.2999138, -0.7715045), (0.5610994, 0.2999138, -0.7715045), (0.5610994, 0.2999138, -0.7715045), (0.77861696, 0.41617927, 0.4696279), (0.77861696, 0.41617927, 0.4696279), (0.77861696, 0.41617927, 0.4696279), (0.77861696, 0.41617927, 0.4696279), (0.41730186, 0.22304843, -0.8809703), (0.41730186, 0.22304843, -0.8809703), (0.41730186, 0.22304843, -0.8809703), (0.41730186, 0.22304843, -0.8809703), (0.8442871, 0.4512819, 0.28900525), (0.8442871, 0.4512819, 0.28900525), (0.8442871, 0.4512819, 0.28900525), (0.8442871, 0.4512819, 0.28900525), (0.2571443, 0.13744484, -0.9565488), (0.2571443, 0.13744484, -0.9565488), (0.2571443, 0.13744484, -0.9565488), (0.2571443, 0.13744484, -0.9565488), (0.8777159, 0.46914688, 0.09754947), (0.8777159, 0.46914688, 0.09754947), (0.8777159, 0.46914688, 0.09754947), (0.8777159, 0.46914688, 0.09754947), (0.0868484, 0.04642717, 0.99513906), (0.0868484, 0.04642717, 0.99513906), (0.0868484, 0.04642717, 0.99513906), (0.08684084, 0.046427205, -0.9951398), (0.08684084, 0.046427205, -0.9951398), (0.08684084, 0.046427205, -0.9951398), (0.8777161, 0.4691467, -0.09754943), (0.8777161, 0.4691467, -0.09754943), (0.8777161, 0.4691467, -0.09754943), (0.8777161, 0.4691467, -0.09754943), (0.8448461, 0.25628334, 0.46963146), (0.8448461, 0.25628334, 0.46963146), (0.8448461, 0.25628334, 0.46963146), (0.8448461, 0.25628334, 0.46963146), (0.45279348, 0.13735278, -0.8809723), (0.45279348, 0.13735278, -0.8809723), (0.45279348, 0.13735278, -0.8809723), (0.45279348, 0.13735278, -0.8809723), (0.91610575, 0.2778971, 0.28900406), (0.91610575, 0.2778971, 0.28900406), (0.91610575, 0.2778971, 0.28900406), (0.91610575, 0.2778971, 0.28900406), (0.27901235, 0.08463823, -0.95655036), (0.27901235, 0.08463823, -0.95655036), (0.27901235, 0.08463823, -0.95655036), (0.27901235, 0.08463823, -0.95655036), (0.9523766, 0.28889915, 0.09754953), (0.9523766, 0.28889915, 0.09754953), (0.9523766, 0.28889915, 0.09754953), (0.9523766, 0.28889915, 0.09754953), (0.09425324, 0.028589673, 0.9951376), (0.09425324, 0.028589673, 0.9951376), (0.09425324, 0.028589673, 0.9951376), (0.09425324, 0.028589673, -0.9951376), (0.09425324, 0.028589673, -0.9951376), (0.09425324, 0.028589673, -0.9951376), (0.95237666, 0.2888991, -0.09754951), (0.95237666, 0.2888991, -0.09754951), (0.95237666, 0.2888991, -0.09754951), (0.95237666, 0.2888991, -0.09754951), (0.27900758, 0.08463835, 0.95655173), (0.27900758, 0.08463835, 0.95655173), (0.27900758, 0.08463835, 0.95655173), (0.27900758, 0.08463835, 0.95655173), (0.91610616, 0.27789629, -0.2890033), (0.91610616, 0.27789629, -0.2890033), (0.91610616, 0.27789629, -0.2890033), (0.91610616, 0.27789629, -0.2890033), (0.45279598, 0.13735259, 0.8809711), (0.45279598, 0.13735259, 0.8809711), (0.45279598, 0.13735259, 0.8809711), (0.45279598, 0.13735259, 0.8809711), (0.84484744, 0.25628245, -0.46962982), (0.84484744, 0.25628245, -0.46962982), (0.84484744, 0.25628245, -0.46962982), (0.84484744, 0.25628245, -0.46962982), (0.6088244, 0.18468665, 0.77150744), (0.6088244, 0.18468665, 0.77150744), (0.6088244, 0.18468665, 0.77150744), (0.6088244, 0.18468665, 0.77150744), (0.7411594, 0.22482759, -0.63256264), (0.7411594, 0.22482759, -0.63256264), (0.7411594, 0.22482759, -0.63256264), (0.7411594, 0.22482759, -0.63256264), (0.7411615, 0.2248268, 0.6325604), (0.7411615, 0.2248268, 0.6325604), (0.7411615, 0.2248268, 0.6325604), (0.7411615, 0.2248268, 0.6325604), (0.6088281, 0.184686, -0.77150476), (0.6088281, 0.184686, -0.77150476), (0.6088281, 0.184686, -0.77150476), (0.6088281, 0.184686, -0.77150476), (0.9527179, 0.09383402, -0.28900445), (0.9527179, 0.09383402, -0.28900445), (0.9527179, 0.09383402, -0.28900445), (0.9527179, 0.09383402, -0.28900445), (0.4708866, 0.04637815, 0.8809738), (0.4708866, 0.04637815, 0.8809738), (0.4708866, 0.04637815, 0.8809738), (0.4708866, 0.04637815, 0.8809738), (0.87861335, 0.08653541, -0.4696278), (0.87861335, 0.08653541, -0.4696278), (0.87861335, 0.08653541, -0.4696278), (0.87861335, 0.08653541, -0.4696278), (0.6331577, 0.062360577, 0.77150667), (0.6331577, 0.062360577, 0.77150667), (0.6331577, 0.062360577, 0.77150667), (0.6331577, 0.062360577, 0.77150667), (0.7707794, 0.075914904, -0.6325631), (0.7707794, 0.075914904, -0.6325631), (0.7707794, 0.075914904, -0.6325631), (0.7707794, 0.075914904, -0.6325631), (0.77078104, 0.07591467, 0.6325611), (0.77078104, 0.07591467, 0.6325611), (0.77078104, 0.07591467, 0.6325611), (0.77078104, 0.07591467, 0.6325611), (0.6331589, 0.06236048, -0.77150553), (0.6331589, 0.06236048, -0.77150553), (0.6331589, 0.06236048, -0.77150553), (0.6331589, 0.06236048, -0.77150553), (0.8786129, 0.08653553, 0.46962845), (0.8786129, 0.08653553, 0.46962845), (0.8786129, 0.08653553, 0.46962845), (0.8786129, 0.08653553, 0.46962845), (0.47088528, 0.04637819, -0.8809746), (0.47088528, 0.04637819, -0.8809746), (0.47088528, 0.04637819, -0.8809746), (0.47088528, 0.04637819, -0.8809746), (0.9527173, 0.09383471, 0.28900656), (0.9527173, 0.09383471, 0.28900656), (0.9527173, 0.09383471, 0.28900656), (0.9527173, 0.09383471, 0.28900656), (0.2901644, 0.02857874, -0.95655006), (0.2901644, 0.02857874, -0.95655006), (0.2901644, 0.02857874, -0.95655006), (0.2901644, 0.02857874, -0.95655006), (0.99043846, 0.097549155, 0.09754977), (0.99043846, 0.097549155, 0.09754977), (0.99043846, 0.097549155, 0.09754977), (0.99043846, 0.097549155, 0.09754977), (0.09800902, 0.009653521, 0.99513865), (0.09800902, 0.009653521, 0.99513865), (0.09800902, 0.009653521, 0.99513865), (0.09801672, 0.009653514, -0.99513793), (0.09801672, 0.009653514, -0.99513793), (0.09801672, 0.009653514, -0.99513793), (0.99043846, 0.09754871, -0.09754933), (0.99043846, 0.09754871, -0.09754933), (0.99043846, 0.09754871, -0.09754933), (0.99043846, 0.09754871, -0.09754933), (0.29016307, 0.028578749, 0.95655036), (0.29016307, 0.028578749, 0.95655036), (0.29016307, 0.028578749, 0.95655036), (0.29016307, 0.028578749, 0.95655036), (0.47088397, -0.046378635, -0.8809752), (0.47088397, -0.046378635, -0.8809752), (0.47088397, -0.046378635, -0.8809752), (0.47088397, -0.046378635, -0.8809752), (0.95271736, -0.09383494, 0.28900617), (0.95271736, -0.09383494, 0.28900617), (0.95271736, -0.09383494, 0.28900617), (0.95271736, -0.09383494, 0.28900617), (0.29017165, -0.02857883, -0.95654774), (0.29017165, -0.02857883, -0.95654774), (0.29017165, -0.02857883, -0.95654774), (0.29017165, -0.02857883, -0.95654774), (0.99043834, -0.09754962, 0.09754999), (0.99043834, -0.09754962, 0.09754999), (0.99043834, -0.09754962, 0.09754999), (0.99043834, -0.09754962, 0.09754999), (0.0980318, -0.009653588, 0.9951364), (0.0980318, -0.009653588, 0.9951364), (0.0980318, -0.009653588, 0.9951364), (0.09800162, -0.009653617, -0.99513936), (0.09800162, -0.009653617, -0.99513936), (0.09800162, -0.009653617, -0.99513936), (0.9904382, -0.097549915, -0.09755028), (0.9904382, -0.097549915, -0.09755028), (0.9904382, -0.097549915, -0.09755028), (0.9904382, -0.097549915, -0.09755028), (0.29015753, -0.028578958, 0.95655197), (0.29015753, -0.028578958, 0.95655197), (0.29015753, -0.028578958, 0.95655197), (0.29015753, -0.028578958, 0.95655197), (0.9527181, -0.09383432, -0.28900427), (0.9527181, -0.09383432, -0.28900427), (0.9527181, -0.09383432, -0.28900427), (0.9527181, -0.09383432, -0.28900427), (0.4708877, -0.046378534, 0.8809733), (0.4708877, -0.046378534, 0.8809733), (0.4708877, -0.046378534, 0.8809733), (0.4708877, -0.046378534, 0.8809733), (0.8786133, -0.08653584, -0.46962783), (0.8786133, -0.08653584, -0.46962783), (0.8786133, -0.08653584, -0.46962783), (0.8786133, -0.08653584, -0.46962783), (0.633158, -0.062361132, 0.77150637), (0.633158, -0.062361132, 0.77150637), (0.633158, -0.062361132, 0.77150637), (0.633158, -0.062361132, 0.77150637), (0.77077955, -0.0759156, -0.6325629), (0.77077955, -0.0759156, -0.6325629), (0.77077955, -0.0759156, -0.6325629), (0.77077955, -0.0759156, -0.6325629), (0.77077997, -0.075915545, 0.63256246), (0.77077997, -0.075915545, 0.63256246), (0.77077997, -0.075915545, 0.63256246), (0.77077997, -0.075915545, 0.63256246), (0.6331629, -0.06236081, -0.7715024), (0.6331629, -0.06236081, -0.7715024), (0.6331629, -0.06236081, -0.7715024), (0.6331629, -0.06236081, -0.7715024), (0.8786137, -0.086535715, 0.4696271), (0.8786137, -0.086535715, 0.4696271), (0.8786137, -0.086535715, 0.4696271), (0.8786137, -0.086535715, 0.4696271), (0.45279112, -0.13735323, 0.8809734), (0.45279112, -0.13735323, 0.8809734), (0.45279112, -0.13735323, 0.8809734), (0.45279112, -0.13735323, 0.8809734), (0.844849, -0.25628197, -0.46962738), (0.844849, -0.25628197, -0.46962738), (0.844849, -0.25628197, -0.46962738), (0.844849, -0.25628197, -0.46962738), (0.6088281, -0.1846863, 0.77150446), (0.6088281, -0.1846863, 0.77150446), (0.6088281, -0.1846863, 0.77150446), (0.6088281, -0.1846863, 0.77150446), (0.7411579, -0.2248285, -0.6325639), (0.7411579, -0.2248285, -0.6325639), (0.7411579, -0.2248285, -0.6325639), (0.7411579, -0.2248285, -0.6325639), (0.7411561, -0.22482914, 0.63256574), (0.7411561, -0.22482914, 0.63256574), (0.7411561, -0.22482914, 0.63256574), (0.7411561, -0.22482914, 0.63256574), (0.6088282, -0.18468632, -0.77150446), (0.6088282, -0.18468632, -0.77150446), (0.6088282, -0.18468632, -0.77150446), (0.6088282, -0.18468632, -0.77150446), (0.84485036, -0.25628084, 0.46962535), (0.84485036, -0.25628084, 0.46962535), (0.84485036, -0.25628084, 0.46962535), (0.84485036, -0.25628084, 0.46962535), (0.45278865, -0.13735344, -0.88097477), (0.45278865, -0.13735344, -0.88097477), (0.45278865, -0.13735344, -0.88097477), (0.45278865, -0.13735344, -0.88097477), (0.91610533, -0.2778981, 0.28900474), (0.91610533, -0.2778981, 0.28900474), (0.91610533, -0.2778981, 0.28900474), (0.91610533, -0.2778981, 0.28900474), (0.27901235, -0.084638394, -0.9565503), (0.27901235, -0.084638394, -0.9565503), (0.27901235, -0.084638394, -0.9565503), (0.27901235, -0.084638394, -0.9565503), (0.9523762, -0.28890058, 0.09755033), (0.9523762, -0.28890058, 0.09755033), (0.9523762, -0.28890058, 0.09755033), (0.9523762, -0.28890058, 0.09755033), (0.094253264, -0.028589739, 0.9951376), (0.094253264, -0.028589739, 0.9951376), (0.094253264, -0.028589739, 0.9951376), (0.09424572, -0.028589759, -0.9951383), (0.09424572, -0.028589759, -0.9951383), (0.09424572, -0.028589759, -0.9951383), (0.9523767, -0.28889912, -0.09754983), (0.9523767, -0.28889912, -0.09754983), (0.9523767, -0.28889912, -0.09754983), (0.9523767, -0.28889912, -0.09754983), (0.27902183, -0.084638156, 0.95654756), (0.27902183, -0.084638156, 0.95654756), (0.27902183, -0.084638156, 0.95654756), (0.27902183, -0.084638156, 0.95654756), (0.9161054, -0.27789786, -0.2890045), (0.9161054, -0.27789786, -0.2890045), (0.9161054, -0.27789786, -0.2890045), (0.9161054, -0.27789786, -0.2890045), (0.844288, -0.45128065, 0.28900424), (0.844288, -0.45128065, 0.28900424), (0.844288, -0.45128065, 0.28900424), (0.844288, -0.45128065, 0.28900424), (0.25714436, -0.13744502, -0.95654887), (0.25714436, -0.13744502, -0.95654887), (0.25714436, -0.13744502, -0.95654887), (0.25714436, -0.13744502, -0.95654887), (0.8777155, -0.46914747, 0.09755003), (0.8777155, -0.46914747, 0.09755003), (0.8777155, -0.46914747, 0.09755003), (0.8777155, -0.46914747, 0.09755003), (0.08684844, -0.046427254, 0.99513906), (0.08684844, -0.046427254, 0.99513906), (0.08684844, -0.046427254, 0.99513906), (0.08686356, -0.04642719, -0.99513775), (0.08686356, -0.04642719, -0.99513775), (0.08686356, -0.04642719, -0.99513775), (0.8777142, -0.46914995, -0.09755054), (0.8777142, -0.46914995, -0.09755054), (0.8777142, -0.46914995, -0.09755054), (0.8777142, -0.46914995, -0.09755054), (0.257154, -0.13744466, 0.9565463), (0.257154, -0.13744466, 0.9565463), (0.257154, -0.13744466, 0.9565463), (0.257154, -0.13744466, 0.9565463), (0.84428555, -0.45128393, -0.28900632), (0.84428555, -0.45128393, -0.28900632), (0.84428555, -0.45128393, -0.28900632), (0.84428555, -0.45128393, -0.28900632), (0.41728905, -0.22305006, 0.8809759), (0.41728905, -0.22305006, 0.8809759), (0.41728905, -0.22305006, 0.8809759), (0.41728905, -0.22305006, 0.8809759), (0.7786175, -0.4161791, -0.46962714), (0.7786175, -0.4161791, -0.46962714), (0.7786175, -0.4161791, -0.46962714), (0.7786175, -0.4161791, -0.46962714), (0.5610979, -0.29991454, 0.77150536), (0.5610979, -0.29991454, 0.77150536), (0.5610979, -0.29991454, 0.77150536), (0.5610979, -0.29991454, 0.77150536), (0.6830566, -0.36510113, -0.63256204), (0.6830566, -0.36510113, -0.63256204), (0.6830566, -0.36510113, -0.63256204), (0.6830566, -0.36510113, -0.63256204), (0.68305355, -0.3651026, 0.6325646), (0.68305355, -0.3651026, 0.6325646), (0.68305355, -0.3651026, 0.6325646), (0.68305355, -0.3651026, 0.6325646), (0.5610979, -0.29991454, -0.77150536), (0.5610979, -0.29991454, -0.77150536), (0.5610979, -0.29991454, -0.77150536), (0.5610979, -0.29991454, -0.77150536), (0.7786156, -0.41618076, 0.46962908), (0.7786156, -0.41618076, 0.46962908), (0.7786156, -0.41618076, 0.46962908), (0.7786156, -0.41618076, 0.46962908), (0.4172995, -0.22304888, -0.8809713), (0.4172995, -0.22304888, -0.8809713), (0.4172995, -0.22304888, -0.8809713), (0.4172995, -0.22304888, -0.8809713), (0.68246484, -0.56008255, -0.4696268), (0.68246484, -0.56008255, -0.4696268), (0.68246484, -0.56008255, -0.4696268), (0.68246484, -0.56008255, -0.4696268), (0.49180666, -0.40361628, 0.77150506), (0.49180666, -0.40361628, 0.77150506), (0.49180666, -0.40361628, 0.77150506), (0.49180666, -0.40361628, 0.77150506), (0.598705, -0.4913428, -0.63256186), (0.598705, -0.4913428, -0.63256186), (0.598705, -0.4913428, -0.63256186), (0.598705, -0.4913428, -0.63256186), (0.5987, -0.49134502, 0.63256484), (0.5987, -0.49134502, 0.63256484), (0.5987, -0.49134502, 0.63256484), (0.5987, -0.49134502, 0.63256484), (0.49181023, -0.40361533, -0.7715033), (0.49181023, -0.40361533, -0.7715033), (0.49181023, -0.40361533, -0.7715033), (0.49181023, -0.40361533, -0.7715033), (0.68246216, -0.56008446, 0.46962833), (0.68246216, -0.56008446, 0.46962833), (0.68246216, -0.56008446, 0.46962833), (0.68246216, -0.56008446, 0.46962833), (0.36576337, -0.30017373, -0.8809727), (0.36576337, -0.30017373, -0.8809727), (0.36576337, -0.30017373, -0.8809727), (0.36576337, -0.30017373, -0.8809727), (0.7400244, -0.6073219, 0.2890052), (0.7400244, -0.6073219, 0.2890052), (0.7400244, -0.6073219, 0.2890052), (0.7400244, -0.6073219, 0.2890052), (0.22539206, -0.18496971, -0.9565483), (0.22539206, -0.18496971, -0.9565483), (0.22539206, -0.18496971, -0.9565483), (0.22539206, -0.18496971, -0.9565483), (0.7693244, -0.63136667, 0.09754986), (0.7693244, -0.63136667, 0.09754986), (0.7693244, -0.63136667, 0.09754986), (0.7693244, -0.63136667, 0.09754986), (0.0761825, -0.06248027, 0.99513435), (0.0761825, -0.06248027, 0.99513435), (0.0761825, -0.06248027, 0.99513435), (0.07613706, -0.062480494, -0.9951378), (0.07613706, -0.062480494, -0.9951378), (0.07613706, -0.062480494, -0.9951378), (0.7693223, -0.6313692, -0.09755025), (0.7693223, -0.6313692, -0.09755025), (0.7693223, -0.6313692, -0.09755025), (0.7693223, -0.6313692, -0.09755025), (0.2253823, -0.18497014, 0.9565505), (0.2253823, -0.18497014, 0.9565505), (0.2253823, -0.18497014, 0.9565505), (0.2253823, -0.18497014, 0.9565505), (0.7400244, -0.6073219, -0.2890052), (0.7400244, -0.6073219, -0.2890052), (0.7400244, -0.6073219, -0.2890052), (0.7400244, -0.6073219, -0.2890052), (0.36575788, -0.30017442, 0.8809747), (0.36575788, -0.30017442, 0.8809747), (0.36575788, -0.30017442, 0.8809747), (0.36575788, -0.30017442, 0.8809747), (0.18497932, -0.22538617, -0.95654786), (0.18497932, -0.22538617, -0.95654786), (0.18497932, -0.22538617, -0.95654786), (0.18497932, -0.22538617, -0.95654786), (0.6313667, -0.7693245, 0.097550385), (0.6313667, -0.7693245, 0.097550385), (0.6313667, -0.7693245, 0.097550385), (0.6313667, -0.7693245, 0.097550385), (0.06246993, -0.0761327, 0.9951388), (0.06246993, -0.0761327, 0.9951388), (0.06246993, -0.0761327, 0.9951388), (0.062477518, -0.07613266, -0.99513835), (0.062477518, -0.07613266, -0.99513835), (0.062477518, -0.07613266, -0.99513835), (0.6313667, -0.7693245, -0.09755057), (0.6313667, -0.7693245, -0.09755057), (0.6313667, -0.7693245, -0.09755057), (0.6313667, -0.7693245, -0.09755057), (0.18495943, -0.22538699, 0.95655143), (0.18495943, -0.22538699, 0.95655143), (0.18495943, -0.22538699, 0.95655143), (0.18495943, -0.22538699, 0.95655143), (0.6073231, -0.7400237, -0.28900474), (0.6073231, -0.7400237, -0.28900474), (0.6073231, -0.7400237, -0.28900474), (0.6073231, -0.7400237, -0.28900474), (0.300169, -0.3657635, 0.8809743), (0.300169, -0.3657635, 0.8809743), (0.300169, -0.3657635, 0.8809743), (0.300169, -0.3657635, 0.8809743), (0.5600816, -0.68246454, -0.4696284), (0.5600816, -0.68246454, -0.4696284), (0.5600816, -0.68246454, -0.4696284), (0.5600816, -0.68246454, -0.4696284), (0.40361848, -0.4918071, 0.7715036), (0.40361848, -0.4918071, 0.7715036), (0.40361848, -0.4918071, 0.7715036), (0.40361848, -0.4918071, 0.7715036), (0.49134228, -0.598704, -0.6325632), (0.49134228, -0.598704, -0.6325632), (0.49134228, -0.598704, -0.6325632), (0.49134228, -0.598704, -0.6325632), (0.49134234, -0.59870404, 0.6325631), (0.49134234, -0.59870404, 0.6325631), (0.49134234, -0.59870404, 0.6325631), (0.49134234, -0.59870404, 0.6325631), (0.4036106, -0.4918089, -0.7715066), (0.4036106, -0.4918089, -0.7715066), (0.4036106, -0.4918089, -0.7715066), (0.4036106, -0.4918089, -0.7715066), (0.5600862, -0.6824619, 0.46962658), (0.5600862, -0.6824619, 0.46962658), (0.5600862, -0.6824619, 0.46962658), (0.5600862, -0.6824619, 0.46962658), (0.30016896, -0.3657635, -0.8809743), (0.30016896, -0.3657635, -0.8809743), (0.30016896, -0.3657635, -0.8809743), (0.30016896, -0.3657635, -0.8809743), (0.6073221, -0.7400243, 0.2890048), (0.6073221, -0.7400243, 0.2890048), (0.6073221, -0.7400243, 0.2890048), (0.6073221, -0.7400243, 0.2890048), (0.3651022, -0.68305564, -0.6325625), (0.3651022, -0.68305564, -0.6325625), (0.3651022, -0.68305564, -0.6325625), (0.3651022, -0.68305564, -0.6325625), (0.3651023, -0.6830558, 0.6325624), (0.3651023, -0.6830558, 0.6325624), (0.3651023, -0.6830558, 0.6325624), (0.3651023, -0.6830558, 0.6325624), (0.29991457, -0.56109935, -0.77150416), (0.29991457, -0.56109935, -0.77150416), (0.29991457, -0.56109935, -0.77150416), (0.29991457, -0.56109935, -0.77150416), (0.4161766, -0.7786182, 0.4696284), (0.4161766, -0.7786182, 0.4696284), (0.4161766, -0.7786182, 0.4696284), (0.4161766, -0.7786182, 0.4696284), (0.22303513, -0.41729698, -0.88097584), (0.22303513, -0.41729698, -0.88097584), (0.22303513, -0.41729698, -0.88097584), (0.22303513, -0.41729698, -0.88097584), (0.45128408, -0.8442861, 0.28900465), (0.45128408, -0.8442861, 0.28900465), (0.45128408, -0.8442861, 0.28900465), (0.45128408, -0.8442861, 0.28900465), (0.13743877, -0.25714183, -0.95655036), (0.13743877, -0.25714183, -0.95655036), (0.13743877, -0.25714183, -0.95655036), (0.13743877, -0.25714183, -0.95655036), (0.46915045, -0.877714, 0.09754999), (0.46915045, -0.877714, 0.09754999), (0.46915045, -0.877714, 0.09754999), (0.46915045, -0.877714, 0.09754999), (0.04644101, -0.08685911, 0.9951375), (0.04644101, -0.08685911, 0.9951375), (0.04644101, -0.08685911, 0.9951375), (0.046403002, -0.086859256, -0.9951393), (0.046403002, -0.086859256, -0.9951393), (0.046403002, -0.086859256, -0.9951393), (0.46914697, -0.8777158, -0.0975502), (0.46914697, -0.8777158, -0.0975502), (0.46914697, -0.8777158, -0.0975502), (0.46914697, -0.8777158, -0.0975502), (0.13741861, -0.2571426, 0.9565531), (0.13741861, -0.2571426, 0.9565531), (0.13741861, -0.2571426, 0.9565531), (0.13741861, -0.2571426, 0.9565531), (0.45128036, -0.8442878, -0.28900525), (0.45128036, -0.8442878, -0.28900525), (0.45128036, -0.8442878, -0.28900525), (0.45128036, -0.8442878, -0.28900525), (0.22304718, -0.41729584, 0.8809734), (0.22304718, -0.41729584, 0.8809734), (0.22304718, -0.41729584, 0.8809734), (0.22304718, -0.41729584, 0.8809734), (0.41617936, -0.77861714, -0.4696275), (0.41617936, -0.77861714, -0.4696275), (0.41617936, -0.77861714, -0.4696275), (0.41617936, -0.77861714, -0.4696275), (0.2999103, -0.5611002, 0.7715053), (0.2999103, -0.5611002, 0.7715053), (0.2999103, -0.5611002, 0.7715053), (0.2999103, -0.5611002, 0.7715053), (0.028583791, -0.09424768, 0.99513835), (0.028583791, -0.09424768, 0.99513835), (0.028583791, -0.09424768, 0.99513835), (0.028614242, -0.0942476, -0.9951375), (0.028614242, -0.0942476, -0.9951375), (0.028614242, -0.0942476, -0.9951375), (0.28889924, -0.9523766, -0.097549826), (0.28889924, -0.9523766, -0.097549826), (0.28889924, -0.9523766, -0.097549826), (0.28889924, -0.9523766, -0.097549826), (0.084631525, -0.27901515, 0.95655006), (0.084631525, -0.27901515, 0.95655006), (0.084631525, -0.27901515, 0.95655006), (0.084631525, -0.27901515, 0.95655006), (0.27789563, -0.9161059, -0.28900525), (0.27789563, -0.9161059, -0.28900525), (0.27789563, -0.9161059, -0.28900525), (0.27789563, -0.9161059, -0.28900525), (0.13735507, -0.45279196, 0.88097274), (0.13735507, -0.45279196, 0.88097274), (0.13735507, -0.45279196, 0.88097274), (0.13735507, -0.45279196, 0.88097274), (0.2562839, -0.84484833, -0.46962744), (0.2562839, -0.84484833, -0.46962744), (0.2562839, -0.84484833, -0.46962744), (0.2562839, -0.84484833, -0.46962744), (0.18468301, -0.6088287, 0.771505), (0.18468301, -0.6088287, 0.771505), (0.18468301, -0.6088287, 0.771505), (0.18468301, -0.6088287, 0.771505), (0.2248265, -0.7411595, -0.6325627), (0.2248265, -0.7411595, -0.6325627), (0.2248265, -0.7411595, -0.6325627), (0.2248265, -0.7411595, -0.6325627), (0.22483014, -0.74115884, 0.63256234), (0.22483014, -0.74115884, 0.63256234), (0.22483014, -0.74115884, 0.63256234), (0.22483014, -0.74115884, 0.63256234), (0.18468301, -0.6088287, -0.771505), (0.18468301, -0.6088287, -0.771505), (0.18468301, -0.6088287, -0.771505), (0.18468301, -0.6088287, -0.771505), (0.25628072, -0.844849, 0.46962783), (0.25628072, -0.844849, 0.46962783), (0.25628072, -0.844849, 0.46962783), (0.25628072, -0.844849, 0.46962783), (0.13735507, -0.45279196, -0.88097274), (0.13735507, -0.45279196, -0.88097274), (0.13735507, -0.45279196, -0.88097274), (0.13735507, -0.45279196, -0.88097274), (0.27789703, -0.91610545, 0.2890051), (0.27789703, -0.91610545, 0.2890051), (0.27789703, -0.91610545, 0.2890051), (0.27789703, -0.91610545, 0.2890051), (0.084631525, -0.27901515, -0.95655006), (0.084631525, -0.27901515, -0.95655006), (0.084631525, -0.27901515, -0.95655006), (0.084631525, -0.27901515, -0.95655006), (0.28889924, -0.9523766, 0.097549826), (0.28889924, -0.9523766, 0.097549826), (0.28889924, -0.9523766, 0.097549826), (0.28889924, -0.9523766, 0.097549826), (0.07591183, -0.77078015, 0.6325625), (0.07591183, -0.77078015, 0.6325625), (0.07591183, -0.77078015, 0.6325625), (0.07591183, -0.77078015, 0.6325625), (0.06235047, -0.63316053, -0.77150506), (0.06235047, -0.63316053, -0.77150506), (0.06235047, -0.63316053, -0.77150506), (0.06235047, -0.63316053, -0.77150506), (0.08653255, -0.87861353, 0.46962795), (0.08653255, -0.87861353, 0.46962795), (0.08653255, -0.87861353, 0.46962795), (0.08653255, -0.87861353, 0.46962795), (0.04637164, -0.47088847, -0.88097316), (0.04637164, -0.47088847, -0.88097316), (0.04637164, -0.47088847, -0.88097316), (0.04637164, -0.47088847, -0.88097316), (0.09383605, -0.9527176, 0.289005), (0.09383605, -0.9527176, 0.289005), (0.09383605, -0.9527176, 0.289005), (0.09383605, -0.9527176, 0.289005), (0.028594477, -0.2901657, -0.95654905), (0.028594477, -0.2901657, -0.95654905), (0.028594477, -0.2901657, -0.95654905), (0.028594477, -0.2901657, -0.95654905), (0.097550124, -0.9904383, 0.09754976), (0.097550124, -0.9904383, 0.09754976), (0.097550124, -0.9904383, 0.09754976), (0.097550124, -0.9904383, 0.09754976), (0.009629507, -0.0980143, 0.99513835), (0.009629507, -0.0980143, 0.99513835), (0.009629507, -0.0980143, 0.99513835), (0.009641885, -0.098014295, -0.9951382), (0.009641885, -0.098014295, -0.9951382), (0.009641885, -0.098014295, -0.9951382), (0.097549394, -0.9904384, -0.097549774), (0.097549394, -0.9904384, -0.097549774), (0.097549394, -0.9904384, -0.097549774), (0.097549394, -0.9904384, -0.097549774), (0.028594477, -0.2901657, 0.95654905), (0.028594477, -0.2901657, 0.95654905), (0.028594477, -0.2901657, 0.95654905), (0.028594477, -0.2901657, 0.95654905), (0.09383605, -0.9527176, -0.289005), (0.09383605, -0.9527176, -0.289005), (0.09383605, -0.9527176, -0.289005), (0.09383605, -0.9527176, -0.289005), (0.04637164, -0.47088847, 0.88097316), (0.04637164, -0.47088847, 0.88097316), (0.04637164, -0.47088847, 0.88097316), (0.04637164, -0.47088847, 0.88097316), (0.08653589, -0.87861323, -0.4696278), (0.08653589, -0.87861323, -0.4696278), (0.08653589, -0.87861323, -0.4696278), (0.08653589, -0.87861323, -0.4696278), (0.062359832, -0.6331602, 0.7715046), (0.062359832, -0.6331602, 0.7715046), (0.062359832, -0.6331602, 0.7715046), (0.062359832, -0.6331602, 0.7715046), (0.07591566, -0.7707799, -0.63256234), (0.07591566, -0.7707799, -0.63256234), (0.07591566, -0.7707799, -0.63256234), (0.07591566, -0.7707799, -0.63256234), (-0.097548656, -0.9904385, -0.0975497), (-0.097548656, -0.9904385, -0.0975497), (-0.097548656, -0.9904385, -0.0975497), (-0.097548656, -0.9904385, -0.0975497), (-0.028573921, -0.29016584, 0.9565497), (-0.028573921, -0.29016584, 0.9565497), (-0.028573921, -0.29016584, 0.9565497), (-0.028573921, -0.29016584, 0.9565497), (-0.09383297, -0.9527178, -0.28900546), (-0.09383297, -0.9527178, -0.28900546), (-0.09383297, -0.9527178, -0.28900546), (-0.09383297, -0.9527178, -0.28900546), (-0.046371646, -0.47088847, 0.88097316), (-0.046371646, -0.47088847, 0.88097316), (-0.046371646, -0.47088847, 0.88097316), (-0.046371646, -0.47088847, 0.88097316), (-0.08653591, -0.87861335, -0.46962747), (-0.08653591, -0.87861335, -0.46962747), (-0.08653591, -0.87861335, -0.46962747), (-0.08653591, -0.87861335, -0.46962747), (-0.06235987, -0.6331605, 0.7715043), (-0.06235987, -0.6331605, 0.7715043), (-0.06235987, -0.6331605, 0.7715043), (-0.06235987, -0.6331605, 0.7715043), (-0.07591562, -0.77077943, -0.63256294), (-0.07591562, -0.77077943, -0.63256294), (-0.07591562, -0.77077943, -0.63256294), (-0.07591562, -0.77077943, -0.63256294), (-0.07591561, -0.7707793, 0.6325631), (-0.07591561, -0.7707793, 0.6325631), (-0.07591561, -0.7707793, 0.6325631), (-0.07591561, -0.7707793, 0.6325631), (-0.06235987, -0.6331605, -0.7715043), (-0.06235987, -0.6331605, -0.7715043), (-0.06235987, -0.6331605, -0.7715043), (-0.06235987, -0.6331605, -0.7715043), (-0.08653591, -0.87861335, 0.46962747), (-0.08653591, -0.87861335, 0.46962747), (-0.08653591, -0.87861335, 0.46962747), (-0.08653591, -0.87861335, 0.46962747), (-0.046384286, -0.47088826, -0.8809726), (-0.046384286, -0.47088826, -0.8809726), (-0.046384286, -0.47088826, -0.8809726), (-0.046384286, -0.47088826, -0.8809726), (-0.09383297, -0.9527178, 0.28900546), (-0.09383297, -0.9527178, 0.28900546), (-0.09383297, -0.9527178, 0.28900546), (-0.09383297, -0.9527178, 0.28900546), (-0.028573921, -0.29016584, -0.9565497), (-0.028573921, -0.29016584, -0.9565497), (-0.028573921, -0.29016584, -0.9565497), (-0.028573921, -0.29016584, -0.9565497), (-0.097550124, -0.9904383, 0.09754968), (-0.097550124, -0.9904383, 0.09754968), (-0.097550124, -0.9904383, 0.09754968), (-0.097550124, -0.9904383, 0.09754968), (-0.00969045, -0.09801426, 0.9951378), (-0.00969045, -0.09801426, 0.9951378), (-0.00969045, -0.09801426, 0.9951378), (-0.009630461, -0.09801431, -0.9951384), (-0.009630461, -0.09801431, -0.9951384), (-0.009630461, -0.09801431, -0.9951384), (-0.18467854, -0.60882956, -0.7715053), (-0.18467854, -0.60882956, -0.7715053), (-0.18467854, -0.60882956, -0.7715053), (-0.18467854, -0.60882956, -0.7715053), (-0.2562808, -0.84484905, 0.46962783), (-0.2562808, -0.84484905, 0.46962783), (-0.2562808, -0.84484905, 0.46962783), (-0.2562808, -0.84484905, 0.46962783), (-0.1373427, -0.45279285, -0.8809743), (-0.1373427, -0.45279285, -0.8809743), (-0.1373427, -0.45279285, -0.8809743), (-0.1373427, -0.45279285, -0.8809743), (-0.27789712, -0.9161053, 0.28900573), (-0.27789712, -0.9161053, 0.28900573), (-0.27789712, -0.9161053, 0.28900573), (-0.27789712, -0.9161053, 0.28900573), (-0.08463151, -0.279015, -0.95655006), (-0.08463151, -0.279015, -0.95655006), (-0.08463151, -0.279015, -0.95655006), (-0.08463151, -0.279015, -0.95655006), (-0.28890008, -0.95237637, 0.09755013), (-0.28890008, -0.95237637, 0.09755013), (-0.28890008, -0.95237637, 0.09755013), (-0.28890008, -0.95237637, 0.09755013), (-0.028583791, -0.09424766, 0.99513835), (-0.028583791, -0.09424766, 0.99513835), (-0.028583791, -0.09424766, 0.99513835), (-0.028591404, -0.09424764, -0.99513817), (-0.028591404, -0.09424764, -0.99513817), (-0.028591404, -0.09424764, -0.99513817), (-0.28890008, -0.95237637, -0.09755013), (-0.28890008, -0.95237637, -0.09755013), (-0.28890008, -0.95237637, -0.09755013), (-0.28890008, -0.95237637, -0.09755013), (-0.08465194, -0.27901456, 0.95654845), (-0.08465194, -0.27901456, 0.95654845), (-0.08465194, -0.27901456, 0.95654845), (-0.08465194, -0.27901456, 0.95654845), (-0.27789855, -0.9161049, -0.2890056), (-0.27789855, -0.9161049, -0.2890056), (-0.27789855, -0.9161049, -0.2890056), (-0.27789855, -0.9161049, -0.2890056), (-0.1373551, -0.45279196, 0.88097274), (-0.1373551, -0.45279196, 0.88097274), (-0.1373551, -0.45279196, 0.88097274), (-0.1373551, -0.45279196, 0.88097274), (-0.25628394, -0.8448483, -0.46962738), (-0.25628394, -0.8448483, -0.46962738), (-0.25628394, -0.8448483, -0.46962738), (-0.25628394, -0.8448483, -0.46962738), (-0.18468307, -0.60882896, 0.7715047), (-0.18468307, -0.60882896, 0.7715047), (-0.18468307, -0.60882896, 0.7715047), (-0.18468307, -0.60882896, 0.7715047), (-0.22482644, -0.7411593, -0.6325629), (-0.22482644, -0.7411593, -0.6325629), (-0.22482644, -0.7411593, -0.6325629), (-0.22482644, -0.7411593, -0.6325629), (-0.22482641, -0.74115926, 0.63256305), (-0.22482641, -0.74115926, 0.63256305), (-0.22482641, -0.74115926, 0.63256305), (-0.22482641, -0.74115926, 0.63256305), (-0.13741866, -0.25714254, 0.95655304), (-0.13741866, -0.25714254, 0.95655304), (-0.13741866, -0.25714254, 0.95655304), (-0.13741866, -0.25714254, 0.95655304), (-0.45128396, -0.844286, -0.2890049), (-0.45128396, -0.844286, -0.2890049), (-0.45128396, -0.844286, -0.2890049), (-0.45128396, -0.844286, -0.2890049), (-0.2230592, -0.4172946, 0.88097095), (-0.2230592, -0.4172946, 0.88097095), (-0.2230592, -0.4172946, 0.88097095), (-0.2230592, -0.4172946, 0.88097095), (-0.41618225, -0.7786157, -0.46962738), (-0.41618225, -0.7786157, -0.46962738), (-0.41618225, -0.7786157, -0.46962738), (-0.41618225, -0.7786157, -0.46962738), (-0.29991895, -0.56109846, 0.7715032), (-0.29991895, -0.56109846, 0.7715032), (-0.29991895, -0.56109846, 0.7715032), (-0.29991895, -0.56109846, 0.7715032), (-0.36509907, -0.6830568, -0.63256305), (-0.36509907, -0.6830568, -0.63256305), (-0.36509907, -0.6830568, -0.63256305), (-0.36509907, -0.6830568, -0.63256305), (-0.36510238, -0.68305576, 0.63256234), (-0.36510238, -0.68305576, 0.63256234), (-0.36510238, -0.68305576, 0.63256234), (-0.36510238, -0.68305576, 0.63256234), (-0.2999104, -0.56110007, -0.77150536), (-0.2999104, -0.56110007, -0.77150536), (-0.2999104, -0.56110007, -0.77150536), (-0.2999104, -0.56110007, -0.77150536), (-0.41617942, -0.7786167, 0.4696282), (-0.41617942, -0.7786167, 0.4696282), (-0.41617942, -0.7786167, 0.4696282), (-0.41617942, -0.7786167, 0.4696282), (-0.22305323, -0.41729525, -0.88097215), (-0.22305323, -0.41729525, -0.88097215), (-0.22305323, -0.41729525, -0.88097215), (-0.22305323, -0.41729525, -0.88097215), (-0.45128277, -0.84428674, 0.28900495), (-0.45128277, -0.84428674, 0.28900495), (-0.45128277, -0.84428674, 0.28900495), (-0.45128277, -0.84428674, 0.28900495), (-0.1374389, -0.25714192, -0.95655036), (-0.1374389, -0.25714192, -0.95655036), (-0.1374389, -0.25714192, -0.95655036), (-0.1374389, -0.25714192, -0.95655036), (-0.46914786, -0.8777154, 0.09755004), (-0.46914786, -0.8777154, 0.09755004), (-0.46914786, -0.8777154, 0.09755004), (-0.46914786, -0.8777154, 0.09755004), (-0.04644101, -0.08685909, 0.9951375), (-0.04644101, -0.08685909, 0.9951375), (-0.04644101, -0.08685909, 0.9951375), (-0.04644101, -0.08685909, -0.9951375), (-0.04644101, -0.08685909, -0.9951375), (-0.04644101, -0.08685909, -0.9951375), (-0.46915022, -0.8777142, -0.09754991), (-0.46915022, -0.8777142, -0.09754991), (-0.46915022, -0.8777142, -0.09754991), (-0.46915022, -0.8777142, -0.09754991), (-0.56008404, -0.68246305, 0.46962762), (-0.56008404, -0.68246305, 0.46962762), (-0.56008404, -0.68246305, 0.46962762), (-0.56008404, -0.68246305, 0.46962762), (-0.30017474, -0.36576253, -0.88097274), (-0.30017474, -0.36576253, -0.88097274), (-0.30017474, -0.36576253, -0.88097274), (-0.30017474, -0.36576253, -0.88097274), (-0.6073205, -0.7400252, 0.28900582), (-0.6073205, -0.7400252, 0.28900582), (-0.6073205, -0.7400252, 0.28900582), (-0.6073205, -0.7400252, 0.28900582), (-0.18499914, -0.22538517, -0.95654416), (-0.18499914, -0.22538517, -0.95654416), (-0.18499914, -0.22538517, -0.95654416), (-0.18499914, -0.22538517, -0.95654416), (-0.63136905, -0.76932263, 0.09755001), (-0.63136905, -0.76932263, 0.09755001), (-0.63136905, -0.76932263, 0.09755001), (-0.63136905, -0.76932263, 0.09755001), (-0.06253067, -0.07613242, 0.99513507), (-0.06253067, -0.07613242, 0.99513507), (-0.06253067, -0.07613242, 0.99513507), (-0.062500305, -0.07613255, -0.9951369), (-0.062500305, -0.07613255, -0.9951369), (-0.062500305, -0.07613255, -0.9951369), (-0.6313669, -0.7693241, -0.09755039), (-0.6313669, -0.7693241, -0.09755039), (-0.6313669, -0.7693241, -0.09755039), (-0.6313669, -0.7693241, -0.09755039), (-0.18495941, -0.22538689, 0.95655143), (-0.18495941, -0.22538689, 0.95655143), (-0.18495941, -0.22538689, 0.95655143), (-0.18495941, -0.22538689, 0.95655143), (-0.6073215, -0.74002457, -0.28900555), (-0.6073215, -0.74002457, -0.28900555), (-0.6073215, -0.74002457, -0.28900555), (-0.6073215, -0.74002457, -0.28900555), (-0.30017468, -0.36576244, 0.88097274), (-0.30017468, -0.36576244, 0.88097274), (-0.30017468, -0.36576244, 0.88097274), (-0.30017468, -0.36576244, 0.88097274), (-0.56008524, -0.6824624, -0.46962708), (-0.56008524, -0.6824624, -0.46962708), (-0.56008524, -0.6824624, -0.46962708), (-0.56008524, -0.6824624, -0.46962708), (-0.4036187, -0.49180704, 0.77150357), (-0.4036187, -0.49180704, 0.77150357), (-0.4036187, -0.49180704, 0.77150357), (-0.4036187, -0.49180704, 0.77150357), (-0.49134842, -0.5987016, -0.6325607), (-0.49134842, -0.5987016, -0.6325607), (-0.49134842, -0.5987016, -0.6325607), (-0.49134842, -0.5987016, -0.6325607), (-0.49134263, -0.5987039, 0.6325631), (-0.49134263, -0.5987039, 0.6325631), (-0.49134263, -0.5987039, 0.6325631), (-0.49134263, -0.5987039, 0.6325631), (-0.40361485, -0.4918081, -0.7715049), (-0.40361485, -0.4918081, -0.7715049), (-0.40361485, -0.4918081, -0.7715049), (-0.40361485, -0.4918081, -0.7715049), (-0.7400253, -0.60732096, -0.28900486), (-0.7400253, -0.60732096, -0.28900486), (-0.7400253, -0.60732096, -0.28900486), (-0.7400253, -0.60732096, -0.28900486), (-0.36575806, -0.30017436, 0.88097465), (-0.36575806, -0.30017436, 0.88097465), (-0.36575806, -0.30017436, 0.88097465), (-0.36575806, -0.30017436, 0.88097465), (-0.6824625, -0.5600841, -0.46962824), (-0.6824625, -0.5600841, -0.46962824), (-0.6824625, -0.5600841, -0.46962824), (-0.6824625, -0.5600841, -0.46962824), (-0.49180695, -0.4036165, 0.7715048), (-0.49180695, -0.4036165, 0.7715048), (-0.49180695, -0.4036165, 0.7715048), (-0.49180695, -0.4036165, 0.7715048), (-0.5987041, -0.49134338, -0.6325624), (-0.5987041, -0.49134338, -0.6325624), (-0.5987041, -0.49134338, -0.6325624), (-0.5987041, -0.49134338, -0.6325624), (-0.59870523, -0.49134275, 0.63256186), (-0.59870523, -0.49134275, 0.63256186), (-0.59870523, -0.49134275, 0.63256186), (-0.59870523, -0.49134275, 0.63256186), (-0.49180695, -0.4036165, -0.7715048), (-0.49180695, -0.4036165, -0.7715048), (-0.49180695, -0.4036165, -0.7715048), (-0.49180695, -0.4036165, -0.7715048), (-0.68246156, -0.56008476, 0.46962887), (-0.68246156, -0.56008476, 0.46962887), (-0.68246156, -0.56008476, 0.46962887), (-0.68246156, -0.56008476, 0.46962887), (-0.36575797, -0.3001743, -0.88097465), (-0.36575797, -0.3001743, -0.88097465), (-0.36575797, -0.3001743, -0.88097465), (-0.36575797, -0.3001743, -0.88097465), (-0.74002594, -0.60732025, 0.28900453), (-0.74002594, -0.60732025, 0.28900453), (-0.74002594, -0.60732025, 0.28900453), (-0.74002594, -0.60732025, 0.28900453), (-0.22538243, -0.18497017, -0.9565504), (-0.22538243, -0.18497017, -0.9565504), (-0.22538243, -0.18497017, -0.9565504), (-0.22538243, -0.18497017, -0.9565504), (-0.7693224, -0.6313691, 0.09755044), (-0.7693224, -0.6313691, 0.09755044), (-0.7693224, -0.6313691, 0.09755044), (-0.7693224, -0.6313691, 0.09755044), (-0.07612194, -0.0624805, 0.99513894), (-0.07612194, -0.0624805, 0.99513894), (-0.07612194, -0.0624805, 0.99513894), (-0.07612951, -0.062480465, -0.99513847), (-0.07612951, -0.062480465, -0.99513847), (-0.07612951, -0.062480465, -0.99513847), (-0.76932466, -0.6313664, -0.09755001), (-0.76932466, -0.6313664, -0.09755001), (-0.76932466, -0.6313664, -0.09755001), (-0.76932466, -0.6313664, -0.09755001), (-0.22539222, -0.18496977, 0.9565483), (-0.22539222, -0.18496977, 0.9565483), (-0.22539222, -0.18496977, 0.9565483), (-0.22539222, -0.18496977, 0.9565483), (-0.4172943, -0.22304928, -0.88097364), (-0.4172943, -0.22304928, -0.88097364), (-0.4172943, -0.22304928, -0.88097364), (-0.4172943, -0.22304928, -0.88097364), (-0.84428686, -0.45128176, 0.2890061), (-0.84428686, -0.45128176, 0.2890061), (-0.84428686, -0.45128176, 0.2890061), (-0.84428686, -0.45128176, 0.2890061), (-0.2571397, -0.13744512, -0.95655006), (-0.2571397, -0.13744512, -0.95655006), (-0.2571397, -0.13744512, -0.95655006), (-0.2571397, -0.13744512, -0.95655006), (-0.87771624, -0.4691463, 0.09754968), (-0.87771624, -0.4691463, 0.09754968), (-0.87771624, -0.4691463, 0.09754968), (-0.87771624, -0.4691463, 0.09754968), (-0.08684849, -0.04642719, 0.99513906), (-0.08684849, -0.04642719, 0.99513906), (-0.08684849, -0.04642719, 0.99513906), (-0.086840935, -0.046427224, -0.9951398), (-0.086840935, -0.046427224, -0.9951398), (-0.086840935, -0.046427224, -0.9951398), (-0.87771636, -0.4691461, -0.09754963), (-0.87771636, -0.4691461, -0.09754963), (-0.87771636, -0.4691461, -0.09754963), (-0.87771636, -0.4691461, -0.09754963), (-0.25714454, -0.13744496, 0.9565487), (-0.25714454, -0.13744496, 0.9565487), (-0.25714454, -0.13744496, 0.9565487), (-0.25714454, -0.13744496, 0.9565487), (-0.84428686, -0.45128176, -0.28900608), (-0.84428686, -0.45128176, -0.28900608), (-0.84428686, -0.45128176, -0.28900608), (-0.84428686, -0.45128176, -0.28900608), (-0.41729954, -0.22304869, 0.88097125), (-0.41729954, -0.22304869, 0.88097125), (-0.41729954, -0.22304869, 0.88097125), (-0.41729954, -0.22304869, 0.88097125), (-0.77861834, -0.41617826, -0.4696267), (-0.77861834, -0.41617826, -0.4696267), (-0.77861834, -0.41617826, -0.4696267), (-0.77861834, -0.41617826, -0.4696267), (-0.56109864, -0.29991433, 0.77150494), (-0.56109864, -0.29991433, 0.77150494), (-0.56109864, -0.29991433, 0.77150494), (-0.56109864, -0.29991433, 0.77150494), (-0.683058, -0.3650999, -0.6325612), (-0.683058, -0.3650999, -0.6325612), (-0.683058, -0.3650999, -0.6325612), (-0.683058, -0.3650999, -0.6325612), (-0.683056, -0.36510092, 0.63256294), (-0.683056, -0.36510092, 0.63256294), (-0.683056, -0.36510092, 0.63256294), (-0.683056, -0.36510092, 0.63256294), (-0.5610971, -0.29991475, -0.77150583), (-0.5610971, -0.29991475, -0.77150583), (-0.5610971, -0.29991475, -0.77150583), (-0.5610971, -0.29991475, -0.77150583), (-0.77861756, -0.41617873, 0.46962735), (-0.77861756, -0.41617873, 0.46962735), (-0.77861756, -0.41617873, 0.46962735), (-0.77861756, -0.41617873, 0.46962735), (-0.8448482, -0.25628242, -0.46962836), (-0.8448482, -0.25628242, -0.46962836), (-0.8448482, -0.25628242, -0.46962836), (-0.8448482, -0.25628242, -0.46962836), (-0.6088305, -0.1846857, 0.77150273), (-0.6088305, -0.1846857, 0.77150273), (-0.6088305, -0.1846857, 0.77150273), (-0.6088305, -0.1846857, 0.77150273), (-0.74116033, -0.2248273, -0.6325615), (-0.74116033, -0.2248273, -0.6325615), (-0.74116033, -0.2248273, -0.6325615), (-0.74116033, -0.2248273, -0.6325615), (-0.74115777, -0.22482829, 0.63256425), (-0.74115777, -0.22482829, 0.63256425), (-0.74115777, -0.22482829, 0.63256425), (-0.74115777, -0.22482829, 0.63256425), (-0.60882825, -0.18468611, -0.7715044), (-0.60882825, -0.18468611, -0.7715044), (-0.60882825, -0.18468611, -0.7715044), (-0.60882825, -0.18468611, -0.7715044), (-0.84484774, -0.2562828, 0.46962908), (-0.84484774, -0.2562828, 0.46962908), (-0.84484774, -0.2562828, 0.46962908), (-0.84484774, -0.2562828, 0.46962908), (-0.45279512, -0.1373526, -0.88097155), (-0.45279512, -0.1373526, -0.88097155), (-0.45279512, -0.1373526, -0.88097155), (-0.45279512, -0.1373526, -0.88097155), (-0.9161053, -0.27789712, 0.28900602), (-0.9161053, -0.27789712, 0.28900602), (-0.9161053, -0.27789712, 0.28900602), (-0.9161053, -0.27789712, 0.28900602), (-0.27900776, -0.08463808, -0.9565516), (-0.27900776, -0.08463808, -0.9565516), (-0.27900776, -0.08463808, -0.9565516), (-0.27900776, -0.08463808, -0.9565516), (-0.95237666, -0.288899, 0.09754973), (-0.95237666, -0.288899, 0.09754973), (-0.95237666, -0.288899, 0.09754973), (-0.95237666, -0.288899, 0.09754973), (-0.09426845, -0.028589603, 0.99513614), (-0.09426845, -0.028589603, 0.99513614), (-0.09426845, -0.028589603, 0.99513614), (-0.09425335, -0.028589644, -0.9951376), (-0.09425335, -0.028589644, -0.9951376), (-0.09425335, -0.028589644, -0.9951376), (-0.95237684, -0.28889856, -0.09754957), (-0.95237684, -0.28889856, -0.09754957), (-0.95237684, -0.28889856, -0.09754957), (-0.95237684, -0.28889856, -0.09754957), (-0.27901724, -0.084637836, 0.9565488), (-0.27901724, -0.084637836, 0.9565488), (-0.27901724, -0.084637836, 0.9565488), (-0.27901724, -0.084637836, 0.9565488), (-0.91610545, -0.27789658, -0.28900552), (-0.91610545, -0.27789658, -0.28900552), (-0.91610545, -0.27789658, -0.28900552), (-0.91610545, -0.27789658, -0.28900552), (-0.4527889, -0.13735312, 0.88097465), (-0.4527889, -0.13735312, 0.88097465), (-0.4527889, -0.13735312, 0.88097465), (-0.4527889, -0.13735312, 0.88097465), (-0.29017183, -0.02857885, -0.9565477), (-0.29017183, -0.02857885, -0.9565477), (-0.29017183, -0.02857885, -0.9565477), (-0.29017183, -0.02857885, -0.9565477), (-0.9904384, -0.09754884, 0.097549774), (-0.9904384, -0.09754884, 0.097549774), (-0.9904384, -0.09754884, 0.097549774), (-0.9904384, -0.09754884, 0.097549774), (-0.09801995, -0.009653491, 0.9951376), (-0.09801995, -0.009653491, 0.9951376), (-0.09801995, -0.009653491, 0.9951376), (-0.09801682, -0.009653495, -0.99513793), (-0.09801682, -0.009653495, -0.99513793), (-0.09801682, -0.009653495, -0.99513793), (-0.9904384, -0.09754884, -0.097549774), (-0.9904384, -0.09754884, -0.097549774), (-0.9904384, -0.09754884, -0.097549774), (-0.9904384, -0.09754884, -0.097549774), (-0.2901624, -0.028578933, 0.9565505), (-0.2901624, -0.028578933, 0.9565505), (-0.2901624, -0.028578933, 0.9565505), (-0.2901624, -0.028578933, 0.9565505), (-0.95271766, -0.093833774, -0.2890056), (-0.95271766, -0.093833774, -0.2890056), (-0.95271766, -0.093833774, -0.2890056), (-0.95271766, -0.093833774, -0.2890056), (-0.4708869, -0.04637839, 0.8809737), (-0.4708869, -0.04637839, 0.8809737), (-0.4708869, -0.04637839, 0.8809737), (-0.4708869, -0.04637839, 0.8809737), (-0.87861496, -0.08653513, -0.4696249), (-0.87861496, -0.08653513, -0.4696249), (-0.87861496, -0.08653513, -0.4696249), (-0.87861496, -0.08653513, -0.4696249), (-0.6331629, -0.062360372, 0.7715024), (-0.6331629, -0.062360372, 0.7715024), (-0.6331629, -0.062360372, 0.7715024), (-0.6331629, -0.062360372, 0.7715024), (-0.7707777, -0.07591519, -0.6325651), (-0.7707777, -0.07591519, -0.6325651), (-0.7707777, -0.07591519, -0.6325651), (-0.7707777, -0.07591519, -0.6325651), (-0.7707806, -0.07591478, 0.6325616), (-0.7707806, -0.07591478, 0.6325616), (-0.7707806, -0.07591478, 0.6325616), (-0.7707806, -0.07591478, 0.6325616), (-0.6331606, -0.06236052, -0.7715042), (-0.6331606, -0.06236052, -0.7715042), (-0.6331606, -0.06236052, -0.7715042), (-0.6331606, -0.06236052, -0.7715042), (-0.87861323, -0.086535685, 0.46962786), (-0.87861323, -0.086535685, 0.46962786), (-0.87861323, -0.086535685, 0.46962786), (-0.87861323, -0.086535685, 0.46962786), (-0.47088468, -0.04637845, -0.8809748), (-0.47088468, -0.04637845, -0.8809748), (-0.47088468, -0.04637845, -0.8809748), (-0.47088468, -0.04637845, -0.8809748), (-0.95271784, -0.093833655, 0.28900522), (-0.95271784, -0.093833655, 0.28900522), (-0.95271784, -0.093833655, 0.28900522), (-0.95271784, -0.093833655, 0.28900522), (-0.6331596, 0.062361177, 0.77150506), (-0.6331596, 0.062361177, 0.77150506), (-0.6331596, 0.062361177, 0.77150506), (-0.6331596, 0.062361177, 0.77150506), (-0.7707813, 0.07591515, -0.6325607), (-0.7707813, 0.07591515, -0.6325607), (-0.7707813, 0.07591515, -0.6325607), (-0.7707813, 0.07591515, -0.6325607), (-0.7707762, 0.07591589, 0.6325668), (-0.7707762, 0.07591589, 0.6325668), (-0.7707762, 0.07591589, 0.6325668), (-0.7707762, 0.07591589, 0.6325668), (-0.63316095, 0.06236108, -0.77150387), (-0.63316095, 0.06236108, -0.77150387), (-0.63316095, 0.06236108, -0.77150387), (-0.63316095, 0.06236108, -0.77150387), (-0.87861425, 0.08653577, 0.4696259), (-0.87861425, 0.08653577, 0.4696259), (-0.87861425, 0.08653577, 0.4696259), (-0.87861425, 0.08653577, 0.4696259), (-0.47088552, 0.04637883, -0.8809744), (-0.47088552, 0.04637883, -0.8809744), (-0.47088552, 0.04637883, -0.8809744), (-0.47088552, 0.04637883, -0.8809744), (-0.95271784, 0.09383433, 0.28900474), (-0.95271784, 0.09383433, 0.28900474), (-0.95271784, 0.09383433, 0.28900474), (-0.95271784, 0.09383433, 0.28900474), (-0.29017183, 0.02857885, -0.9565477), (-0.29017183, 0.02857885, -0.9565477), (-0.29017183, 0.02857885, -0.9565477), (-0.29017183, 0.02857885, -0.9565477), (-0.99043816, 0.097550705, 0.0975508), (-0.99043816, 0.097550705, 0.0975508), (-0.99043816, 0.097550705, 0.0975508), (-0.99043816, 0.097550705, 0.0975508), (-0.09801682, 0.009653584, 0.99513793), (-0.09801682, 0.009653584, 0.99513793), (-0.09801682, 0.009653584, 0.99513793), (-0.098001726, 0.009653598, -0.99513936), (-0.098001726, 0.009653598, -0.99513936), (-0.098001726, 0.009653598, -0.99513936), (-0.9904382, 0.09755014, -0.09755024), (-0.9904382, 0.09755014, -0.09755024), (-0.9904382, 0.09755014, -0.09755024), (-0.9904382, 0.09755014, -0.09755024), (-0.29016712, 0.028578892, 0.95654917), (-0.29016712, 0.028578892, 0.95654917), (-0.29016712, 0.028578892, 0.95654917), (-0.29016712, 0.028578892, 0.95654917), (-0.95271784, 0.09383438, -0.2890049), (-0.95271784, 0.09383438, -0.2890049), (-0.95271784, 0.09383438, -0.2890049), (-0.95271784, 0.09383438, -0.2890049), (-0.47088796, 0.046378758, 0.8809731), (-0.47088796, 0.046378758, 0.8809731), (-0.47088796, 0.046378758, 0.8809731), (-0.47088796, 0.046378758, 0.8809731), (-0.87861276, 0.08653629, -0.4696287), (-0.87861276, 0.08653629, -0.4696287), (-0.87861276, 0.08653629, -0.4696287), (-0.87861276, 0.08653629, -0.4696287), (-0.95237607, 0.288901, 0.097550765), (-0.95237607, 0.288901, 0.097550765), (-0.95237607, 0.288901, 0.097550765), (-0.95237607, 0.288901, 0.097550765), (-0.09425337, 0.02858974, 0.99513763), (-0.09425337, 0.02858974, 0.99513763), (-0.09425337, 0.02858974, 0.99513763), (-0.094245814, 0.02858976, -0.99513835), (-0.094245814, 0.02858976, -0.99513835), (-0.094245814, 0.02858976, -0.99513835), (-0.9523757, 0.28890198, -0.097551085), (-0.9523757, 0.28890198, -0.097551085), (-0.9523757, 0.28890198, -0.097551085), (-0.9523757, 0.28890198, -0.097551085), (-0.27903154, 0.08463798, 0.95654476), (-0.27903154, 0.08463798, 0.95654476), (-0.27903154, 0.08463798, 0.95654476), (-0.27903154, 0.08463798, 0.95654476), (-0.916106, 0.27789688, -0.28900376), (-0.916106, 0.27789688, -0.28900376), (-0.916106, 0.27789688, -0.28900376), (-0.916106, 0.27789688, -0.28900376), (-0.45278645, 0.13735354, 0.88097584), (-0.45278645, 0.13735354, 0.88097584), (-0.45278645, 0.13735354, 0.88097584), (-0.45278645, 0.13735354, 0.88097584), (-0.8448471, 0.2562844, -0.46962932), (-0.8448471, 0.2562844, -0.46962932), (-0.8448471, 0.2562844, -0.46962932), (-0.8448471, 0.2562844, -0.46962932), (-0.6088291, 0.18468629, 0.7715039), (-0.6088291, 0.18468629, 0.7715039), (-0.6088291, 0.18468629, 0.7715039), (-0.6088291, 0.18468629, 0.7715039), (-0.741159, 0.2248285, -0.6325626), (-0.741159, 0.2248285, -0.6325626), (-0.741159, 0.2248285, -0.6325626), (-0.741159, 0.2248285, -0.6325626), (-0.74115986, 0.22482818, 0.6325617), (-0.74115986, 0.22482818, 0.6325617), (-0.74115986, 0.22482818, 0.6325617), (-0.74115986, 0.22482818, 0.6325617), (-0.6088305, 0.184686, -0.77150273), (-0.6088305, 0.184686, -0.77150273), (-0.6088305, 0.184686, -0.77150273), (-0.6088305, 0.184686, -0.77150273), (-0.84484905, 0.25628293, 0.46962667), (-0.84484905, 0.25628293, 0.46962667), (-0.84484905, 0.25628293, 0.46962667), (-0.84484905, 0.25628293, 0.46962667), (-0.45279148, 0.13735314, -0.88097334), (-0.45279148, 0.13735314, -0.88097334), (-0.45279148, 0.13735314, -0.88097334), (-0.45279148, 0.13735314, -0.88097334), (-0.9161055, 0.27789766, 0.2890046), (-0.9161055, 0.27789766, 0.2890046), (-0.9161055, 0.27789766, 0.2890046), (-0.9161055, 0.27789766, 0.2890046), (-0.27901256, 0.08463846, -0.95655024), (-0.27901256, 0.08463846, -0.95655024), (-0.27901256, 0.08463846, -0.95655024), (-0.27901256, 0.08463846, -0.95655024), (-0.68305516, 0.3651017, -0.6325634), (-0.68305516, 0.3651017, -0.6325634), (-0.68305516, 0.3651017, -0.6325634), (-0.68305516, 0.3651017, -0.6325634), (-0.683052, 0.36510313, 0.632566), (-0.683052, 0.36510313, 0.632566), (-0.683052, 0.36510313, 0.632566), (-0.683052, 0.36510313, 0.632566), (-0.561102, 0.2999139, -0.7715027), (-0.561102, 0.2999139, -0.7715027), (-0.561102, 0.2999139, -0.7715027), (-0.561102, 0.2999139, -0.7715027), (-0.77861696, 0.4161802, 0.46962705), (-0.77861696, 0.4161802, 0.46962705), (-0.77861696, 0.4161802, 0.46962705), (-0.77861696, 0.4161802, 0.46962705), (-0.41729432, 0.2230497, -0.8809735), (-0.41729432, 0.2230497, -0.8809735), (-0.41729432, 0.2230497, -0.8809735), (-0.41729432, 0.2230497, -0.8809735), (-0.84428734, 0.4512812, 0.28900537), (-0.84428734, 0.4512812, 0.28900537), (-0.84428734, 0.4512812, 0.28900537), (-0.84428734, 0.4512812, 0.28900537), (-0.25713485, 0.13744536, -0.9565513), (-0.25713485, 0.13744536, -0.9565513), (-0.25713485, 0.13744536, -0.9565513), (-0.25713485, 0.13744536, -0.9565513), (-0.8777157, 0.4691472, 0.097550325), (-0.8777157, 0.4691472, 0.097550325), (-0.8777157, 0.4691472, 0.097550325), (-0.8777157, 0.4691472, 0.097550325), (-0.086848535, 0.046427302, 0.99513906), (-0.086848535, 0.046427302, 0.99513906), (-0.086848535, 0.046427302, 0.99513906), (-0.08686365, 0.046427242, -0.99513775), (-0.08686365, 0.046427242, -0.99513775), (-0.08686365, 0.046427242, -0.99513775), (-0.8777143, 0.46914962, -0.09755083), (-0.8777143, 0.46914962, -0.09755083), (-0.8777143, 0.46914962, -0.09755083), (-0.8777143, 0.46914962, -0.09755083), (-0.25714445, 0.137445, 0.9565488), (-0.25714445, 0.137445, 0.9565488), (-0.25714445, 0.137445, 0.9565488), (-0.25714445, 0.137445, 0.9565488), (-0.8442878, 0.4512806, -0.289005), (-0.8442878, 0.4512806, -0.289005), (-0.8442878, 0.4512806, -0.289005), (-0.8442878, 0.4512806, -0.289005), (-0.41729957, 0.2230491, 0.88097113), (-0.41729957, 0.2230491, 0.88097113), (-0.41729957, 0.2230491, 0.88097113), (-0.41729957, 0.2230491, 0.88097113), (-0.7786163, 0.41618073, -0.46962768), (-0.7786163, 0.41618073, -0.46962768), (-0.7786163, 0.41618073, -0.46962768), (-0.7786163, 0.41618073, -0.46962768), (-0.5611052, 0.29991308, 0.77150065), (-0.5611052, 0.29991308, 0.77150065), (-0.5611052, 0.29991308, 0.77150065), (-0.5611052, 0.29991308, 0.77150065), (-0.07612194, 0.06248056, 0.99513894), (-0.07612194, 0.06248056, 0.99513894), (-0.07612194, 0.06248056, 0.99513894), (-0.076144665, 0.062480457, -0.9951373), (-0.076144665, 0.062480457, -0.9951373), (-0.076144665, 0.062480457, -0.9951373), (-0.7693239, 0.6313673, -0.09755048), (-0.7693239, 0.6313673, -0.09755048), (-0.7693239, 0.6313673, -0.09755048), (-0.7693239, 0.6313673, -0.09755048), (-0.22540195, 0.18496923, 0.95654607), (-0.22540195, 0.18496923, 0.95654607), (-0.22540195, 0.18496923, 0.95654607), (-0.22540195, 0.18496923, 0.95654607), (-0.74002296, 0.6073233, -0.28900582), (-0.74002296, 0.6073233, -0.28900582), (-0.74002296, 0.6073233, -0.28900582), (-0.74002296, 0.6073233, -0.28900582), (-0.3657691, 0.300173, 0.88097054), (-0.3657691, 0.300173, 0.88097054), (-0.3657691, 0.300173, 0.88097054), (-0.3657691, 0.300173, 0.88097054), (-0.682462, 0.5600853, -0.4696278), (-0.682462, 0.5600853, -0.4696278), (-0.682462, 0.5600853, -0.4696278), (-0.682462, 0.5600853, -0.4696278), (-0.49180704, 0.40361658, 0.77150464), (-0.49180704, 0.40361658, 0.77150464), (-0.49180704, 0.40361658, 0.77150464), (-0.49180704, 0.40361658, 0.77150464), (-0.5987028, 0.49134415, -0.632563), (-0.5987028, 0.49134415, -0.632563), (-0.5987028, 0.49134415, -0.632563), (-0.5987028, 0.49134415, -0.632563), (-0.5987053, 0.49134305, 0.63256156), (-0.5987053, 0.49134305, 0.63256156), (-0.5987053, 0.49134305, 0.63256156), (-0.5987053, 0.49134305, 0.63256156), (-0.49181423, 0.40361473, -0.771501), (-0.49181423, 0.40361473, -0.771501), (-0.49181423, 0.40361473, -0.771501), (-0.49181423, 0.40361473, -0.771501), (-0.68246555, 0.5600827, 0.4696256), (-0.68246555, 0.5600827, 0.4696256), (-0.68246555, 0.5600827, 0.4696256), (-0.68246555, 0.5600827, 0.4696256), (-0.3657636, 0.30017373, -0.8809727), (-0.3657636, 0.30017373, -0.8809727), (-0.3657636, 0.30017373, -0.8809727), (-0.3657636, 0.30017373, -0.8809727), (-0.7400223, 0.607324, 0.28900614), (-0.7400223, 0.607324, 0.28900614), (-0.7400223, 0.607324, 0.28900614), (-0.7400223, 0.607324, 0.28900614), (-0.22539218, 0.18496965, -0.9565483), (-0.22539218, 0.18496965, -0.9565483), (-0.22539218, 0.18496965, -0.9565483), (-0.22539218, 0.18496965, -0.9565483), (-0.76932615, 0.6313646, 0.09755006), (-0.76932615, 0.6313646, 0.09755006), (-0.76932615, 0.6313646, 0.09755006), (-0.76932615, 0.6313646, 0.09755006), (-0.49134538, 0.5987028, 0.632562), (-0.49134538, 0.5987028, 0.632562), (-0.49134538, 0.5987028, 0.632562), (-0.49134538, 0.5987028, 0.632562), (-0.4036151, 0.49180865, -0.77150446), (-0.4036151, 0.49180865, -0.77150446), (-0.4036151, 0.49180865, -0.77150446), (-0.4036151, 0.49180865, -0.77150446), (-0.56008214, 0.68246484, 0.46962717), (-0.56008214, 0.68246484, 0.46962717), (-0.56008214, 0.68246484, 0.46962717), (-0.56008214, 0.68246484, 0.46962717), (-0.3001749, 0.3657628, -0.88097256), (-0.3001749, 0.3657628, -0.88097256), (-0.3001749, 0.3657628, -0.88097256), (-0.3001749, 0.3657628, -0.88097256), (-0.60732234, 0.7400241, 0.28900486), (-0.60732234, 0.7400241, 0.28900486), (-0.60732234, 0.7400241, 0.28900486), (-0.60732234, 0.7400241, 0.28900486), (-0.18495944, 0.225387, -0.95655143), (-0.18495944, 0.225387, -0.95655143), (-0.18495944, 0.225387, -0.95655143), (-0.18495944, 0.225387, -0.95655143), (-0.6313667, 0.76932424, 0.09755057), (-0.6313667, 0.76932424, 0.09755057), (-0.6313667, 0.76932424, 0.09755057), (-0.6313667, 0.76932424, 0.09755057), (-0.06246999, 0.07613277, 0.9951388), (-0.06246999, 0.07613277, 0.9951388), (-0.06246999, 0.07613277, 0.9951388), (-0.0624624, 0.076132804, -0.9951393), (-0.0624624, 0.076132804, -0.9951393), (-0.0624624, 0.076132804, -0.9951393), (-0.63136655, 0.7693245, -0.097550415), (-0.63136655, 0.7693245, -0.097550415), (-0.63136655, 0.7693245, -0.097550415), (-0.63136655, 0.7693245, -0.097550415), (-0.18495944, 0.225387, 0.95655143), (-0.18495944, 0.225387, 0.95655143), (-0.18495944, 0.225387, 0.95655143), (-0.18495944, 0.225387, 0.95655143), (-0.60732144, 0.7400248, -0.28900516), (-0.60732144, 0.7400248, -0.28900516), (-0.60732144, 0.7400248, -0.28900516), (-0.60732144, 0.7400248, -0.28900516), (-0.30018067, 0.3657621, 0.88097084), (-0.30018067, 0.3657621, 0.88097084), (-0.30018067, 0.3657621, 0.88097084), (-0.30018067, 0.3657621, 0.88097084), (-0.56008214, 0.6824648, -0.46962735), (-0.56008214, 0.6824648, -0.46962735), (-0.56008214, 0.6824648, -0.46962735), (-0.56008214, 0.6824648, -0.46962735), (-0.403619, 0.4918077, 0.771503), (-0.403619, 0.4918077, 0.771503), (-0.403619, 0.4918077, 0.771503), (-0.403619, 0.4918077, 0.771503), (-0.4913424, 0.59870386, -0.6325632), (-0.4913424, 0.59870386, -0.6325632), (-0.4913424, 0.59870386, -0.6325632), (-0.4913424, 0.59870386, -0.6325632), (-0.4691473, 0.87771565, -0.09755053), (-0.4691473, 0.87771565, -0.09755053), (-0.4691473, 0.87771565, -0.09755053), (-0.4691473, 0.87771565, -0.09755053), (-0.137459, 0.25714114, 0.9565477), (-0.137459, 0.25714114, 0.9565477), (-0.137459, 0.25714114, 0.9565477), (-0.137459, 0.25714114, 0.9565477), (-0.4512793, 0.8442885, -0.28900483), (-0.4512793, 0.8442885, -0.28900483), (-0.4512793, 0.8442885, -0.28900483), (-0.4512793, 0.8442885, -0.28900483), (-0.22304732, 0.4172961, 0.8809732), (-0.22304732, 0.4172961, 0.8809732), (-0.22304732, 0.4172961, 0.8809732), (-0.22304732, 0.4172961, 0.8809732), (-0.41617978, 0.7786175, -0.46962678), (-0.41617978, 0.7786175, -0.46962678), (-0.41617978, 0.7786175, -0.46962678), (-0.41617978, 0.7786175, -0.46962678), (-0.29991058, 0.56110036, 0.77150506), (-0.29991058, 0.56110036, 0.77150506), (-0.29991058, 0.56110036, 0.77150506), (-0.29991058, 0.56110036, 0.77150506), (-0.36509904, 0.68305695, -0.632563), (-0.36509904, 0.68305695, -0.632563), (-0.36509904, 0.68305695, -0.632563), (-0.36509904, 0.68305695, -0.632563), (-0.36509904, 0.68305695, 0.632563), (-0.36509904, 0.68305695, 0.632563), (-0.36509904, 0.68305695, 0.632563), (-0.36509904, 0.68305695, 0.632563), (-0.29991487, 0.5610996, -0.77150404), (-0.29991487, 0.5610996, -0.77150404), (-0.29991487, 0.5610996, -0.77150404), (-0.29991487, 0.5610996, -0.77150404), (-0.41618255, 0.77861637, 0.46962628), (-0.41618255, 0.77861637, 0.46962628), (-0.41618255, 0.77861637, 0.46962628), (-0.41618255, 0.77861637, 0.46962628), (-0.22305942, 0.41729507, -0.8809708), (-0.22305942, 0.41729507, -0.8809708), (-0.22305942, 0.41729507, -0.8809708), (-0.22305942, 0.41729507, -0.8809708), (-0.4512818, 0.8442874, 0.28900442), (-0.4512818, 0.8442874, 0.28900442), (-0.4512818, 0.8442874, 0.28900442), (-0.4512818, 0.8442874, 0.28900442), (-0.1374388, 0.25714183, -0.9565504), (-0.1374388, 0.25714183, -0.9565504), (-0.1374388, 0.25714183, -0.9565504), (-0.1374388, 0.25714183, -0.9565504), (-0.46915078, 0.8777138, 0.097550325), (-0.46915078, 0.8777138, 0.097550325), (-0.46915078, 0.8777138, 0.097550325), (-0.46915078, 0.8777138, 0.097550325), (-0.046380237, 0.08685941, 0.9951403), (-0.046380237, 0.08685941, 0.9951403), (-0.046380237, 0.08685941, 0.9951403), (-0.046414446, 0.08685928, -0.9951387), (-0.046414446, 0.08685928, -0.9951387), (-0.046414446, 0.08685928, -0.9951387), (-0.18468317, 0.6088291, -0.7715045), (-0.18468317, 0.6088291, -0.7715045), (-0.18468317, 0.6088291, -0.7715045), (-0.18468317, 0.6088291, -0.7715045), (-0.25628102, 0.8448494, 0.46962696), (-0.25628102, 0.8448494, 0.46962696), (-0.25628102, 0.8448494, 0.46962696), (-0.25628102, 0.8448494, 0.46962696), (-0.13735527, 0.45279244, -0.8809725), (-0.13735527, 0.45279244, -0.8809725), (-0.13735527, 0.45279244, -0.8809725), (-0.13735527, 0.45279244, -0.8809725), (-0.27789733, 0.9161055, 0.28900486), (-0.27789733, 0.9161055, 0.28900486), (-0.27789733, 0.9161055, 0.28900486), (-0.27789733, 0.9161055, 0.28900486), (-0.08465192, 0.2790145, -0.95654845), (-0.08465192, 0.2790145, -0.95654845), (-0.08465192, 0.2790145, -0.95654845), (-0.08465192, 0.2790145, -0.95654845), (-0.2889001, 0.95237625, 0.09755055), (-0.2889001, 0.95237625, 0.09755055), (-0.2889001, 0.95237625, 0.09755055), (-0.2889001, 0.95237625, 0.09755055), (-0.028583819, 0.09424773, 0.99513835), (-0.028583819, 0.09424773, 0.99513835), (-0.028583819, 0.09424773, 0.99513835), (-0.028625686, 0.09424762, -0.99513716), (-0.028625686, 0.09424762, -0.99513716), (-0.028625686, 0.09424762, -0.99513716), (-0.28889942, 0.9523765, -0.09755057), (-0.28889942, 0.9523765, -0.09755057), (-0.28889942, 0.9523765, -0.09755057), (-0.28889942, 0.9523765, -0.09755057), (-0.084631495, 0.27901497, 0.95655006), (-0.084631495, 0.27901497, 0.95655006), (-0.084631495, 0.27901497, 0.95655006), (-0.084631495, 0.27901497, 0.95655006), (-0.27789733, 0.9161055, -0.28900486), (-0.27789733, 0.9161055, -0.28900486), (-0.27789733, 0.9161055, -0.28900486), (-0.27789733, 0.9161055, -0.28900486), (-0.13734284, 0.45279324, 0.88097405), (-0.13734284, 0.45279324, 0.88097405), (-0.13734284, 0.45279324, 0.88097405), (-0.13734284, 0.45279324, 0.88097405), (-0.25628102, 0.8448494, -0.46962696), (-0.25628102, 0.8448494, -0.46962696), (-0.25628102, 0.8448494, -0.46962696), (-0.25628102, 0.8448494, -0.46962696), (-0.18469225, 0.608828, 0.7715032), (-0.18469225, 0.608828, 0.7715032), (-0.18469225, 0.608828, 0.7715032), (-0.18469225, 0.608828, 0.7715032), (-0.22483018, 0.7411588, -0.6325622), (-0.22483018, 0.7411588, -0.6325622), (-0.22483018, 0.7411588, -0.6325622), (-0.22483018, 0.7411588, -0.6325622), (-0.22482654, 0.74115944, 0.6325628), (-0.22482654, 0.74115944, 0.6325628), (-0.22482654, 0.74115944, 0.6325628), (-0.22482654, 0.74115944, 0.6325628), (-0.09383916, 0.9527165, -0.2890076), (-0.09383916, 0.9527165, -0.2890076), (-0.09383916, 0.9527165, -0.2890076), (-0.09383916, 0.9527165, -0.2890076), (-0.046371665, 0.47088808, 0.8809733), (-0.046371665, 0.47088808, 0.8809733), (-0.046371665, 0.47088808, 0.8809733), (-0.046371665, 0.47088808, 0.8809733), (-0.08653953, 0.8786145, -0.4696248), (-0.08653953, 0.8786145, -0.4696248), (-0.08653953, 0.8786145, -0.4696248), (-0.08653953, 0.8786145, -0.4696248), (-0.062350567, 0.6331605, 0.7715051), (-0.062350567, 0.6331605, 0.7715051), (-0.062350567, 0.6331605, 0.7715051), (-0.062350567, 0.6331605, 0.7715051), (-0.075915635, 0.77077836, -0.63256425), (-0.075915635, 0.77077836, -0.63256425), (-0.075915635, 0.77077836, -0.63256425), (-0.075915635, 0.77077836, -0.63256425), (-0.075919606, 0.7707802, 0.6325615), (-0.075919606, 0.7707802, 0.6325615), (-0.075919606, 0.7707802, 0.6325615), (-0.075919606, 0.7707802, 0.6325615), (-0.062360007, 0.6331612, -0.7715038), (-0.062360007, 0.6331612, -0.7715038), (-0.062360007, 0.6331612, -0.7715038), (-0.062360007, 0.6331612, -0.7715038), (-0.08653927, 0.87861234, 0.4696289), (-0.08653927, 0.87861234, 0.4696289), (-0.08653927, 0.87861234, 0.4696289), (-0.08653927, 0.87861234, 0.4696289), (-0.046384294, 0.47088778, -0.8809729), (-0.046384294, 0.47088778, -0.8809729), (-0.046384294, 0.47088778, -0.8809729), (-0.046384294, 0.47088778, -0.8809729), (-0.0938378, 0.95271844, 0.28900188), (-0.0938378, 0.95271844, 0.28900188), (-0.0938378, 0.95271844, 0.28900188), (-0.0938378, 0.95271844, 0.28900188), (-0.02857396, 0.290166, -0.95654964), (-0.02857396, 0.290166, -0.95654964), (-0.02857396, 0.290166, -0.95654964), (-0.02857396, 0.290166, -0.95654964), (-0.097552426, 0.99043775, 0.097553246), (-0.097552426, 0.99043775, 0.097553246), (-0.097552426, 0.99043775, 0.097553246), (-0.097552426, 0.99043775, 0.097553246), (-0.009629525, 0.098014235, 0.99513847), (-0.009629525, 0.098014235, 0.99513847), (-0.009629525, 0.098014235, 0.99513847), (-0.009646663, 0.09801421, -0.9951382), (-0.009646663, 0.09801421, -0.9951382), (-0.009646663, 0.09801421, -0.9951382), (-0.097555466, 0.99043775, -0.09754986), (-0.097555466, 0.99043775, -0.09754986), (-0.097555466, 0.99043775, -0.09754986), (-0.097555466, 0.99043775, -0.09754986), (-0.028594512, 0.29016578, 0.9565491), (-0.028594512, 0.29016578, 0.9565491), (-0.028594512, 0.29016578, 0.9565491), (-0.028594512, 0.29016578, 0.9565491)] (
                interpolation = "faceVarying"
            )
            point3f[] points = [(0, 0.007, -0.0025), (0, 0.007, 0.0025), (0.00091368344, 0.0069401143, -0.0025), (0.00091368344, 0.0069401143, 0.0025), (0.0018117334, 0.006761481, -0.0025), (0.0018117334, 0.006761481, 0.0025), (0.0026787843, 0.0064671566, -0.0025), (0.0026787843, 0.0064671566, 0.0025), (0.0035, 0.006062178, -0.0025), (0.0035, 0.006062178, 0.0025), (0.0042613302, 0.0055534733, -0.0025), (0.0042613302, 0.0055534733, 0.0025), (0.0049497476, 0.0049497476, -0.0025), (0.0049497476, 0.0049497476, 0.0025), (0.0055534733, 0.0042613302, -0.0025), (0.0055534733, 0.0042613302, 0.0025), (0.006062178, 0.0035, -0.0025), (0.006062178, 0.0035, 0.0025), (0.0064671566, 0.0026787843, -0.0025), (0.0064671566, 0.0026787843, 0.0025), (0.006761481, 0.0018117334, -0.0025), (0.006761481, 0.0018117334, 0.0025), (0.0069401143, 0.00091368344, -0.0025), (0.0069401143, 0.00091368344, 0.0025), (0.007, 0, -0.0025), (0.007, 0, 0.0025), (0.0069401143, -0.00091368344, -0.0025), (0.0069401143, -0.00091368344, 0.0025), (0.006761481, -0.0018117334, -0.0025), (0.006761481, -0.0018117334, 0.0025), (0.0064671566, -0.0026787843, -0.0025), (0.0064671566, -0.0026787843, 0.0025), (0.006062178, -0.0035, -0.0025), (0.006062178, -0.0035, 0.0025), (0.0055534733, -0.0042613302, -0.0025), (0.0055534733, -0.0042613302, 0.0025), (0.0049497476, -0.0049497476, -0.0025), (0.0049497476, -0.0049497476, 0.0025), (0.0042613302, -0.0055534733, -0.0025), (0.0042613302, -0.0055534733, 0.0025), (0.0035, -0.006062178, -0.0025), (0.0035, -0.006062178, 0.0025), (0.0026787843, -0.0064671566, -0.0025), (0.0026787843, -0.0064671566, 0.0025), (0.0018117334, -0.006761481, -0.0025), (0.0018117334, -0.006761481, 0.0025), (0.00091368344, -0.0069401143, -0.0025), (0.00091368344, -0.0069401143, 0.0025), (0, -0.007, -0.0025), (0, -0.007, 0.0025), (-0.00091368344, -0.0069401143, -0.0025), (-0.00091368344, -0.0069401143, 0.0025), (-0.0018117334, -0.006761481, -0.0025), (-0.0018117334, -0.006761481, 0.0025), (-0.0026787843, -0.0064671566, -0.0025), (-0.0026787843, -0.0064671566, 0.0025), (-0.0035, -0.006062178, -0.0025), (-0.0035, -0.006062178, 0.0025), (-0.0042613302, -0.0055534733, -0.0025), (-0.0042613302, -0.0055534733, 0.0025), (-0.0049497476, -0.0049497476, -0.0025), (-0.0049497476, -0.0049497476, 0.0025), (-0.0055534733, -0.0042613302, -0.0025), (-0.0055534733, -0.0042613302, 0.0025), (-0.006062178, -0.0035, -0.0025), (-0.006062178, -0.0035, 0.0025), (-0.0064671566, -0.0026787843, -0.0025), (-0.0064671566, -0.0026787843, 0.0025), (-0.006761481, -0.0018117334, -0.0025), (-0.006761481, -0.0018117334, 0.0025), (-0.0069401143, -0.00091368344, -0.0025), (-0.0069401143, -0.00091368344, 0.0025), (-0.007, 0, -0.0025), (-0.007, 0, 0.0025), (-0.0069401143, 0.00091368344, -0.0025), (-0.0069401143, 0.00091368344, 0.0025), (-0.006761481, 0.0018117334, -0.0025), (-0.006761481, 0.0018117334, 0.0025), (-0.0064671566, 0.0026787843, -0.0025), (-0.0064671566, 0.0026787843, 0.0025), (-0.006062178, 0.0035, -0.0025), (-0.006062178, 0.0035, 0.0025), (-0.0055534733, 0.0042613302, -0.0025), (-0.0055534733, 0.0042613302, 0.0025), (-0.0049497476, 0.0049497476, -0.0025), (-0.0049497476, 0.0049497476, 0.0025), (-0.0042613302, 0.0055534733, -0.0025), (-0.0042613302, 0.0055534733, 0.0025), (-0.0035, 0.006062178, -0.0025), (-0.0035, 0.006062178, 0.0025), (-0.0026787843, 0.0064671566, -0.0025), (-0.0026787843, 0.0064671566, 0.0025), (-0.0018117334, 0.006761481, -0.0025), (-0.0018117334, 0.006761481, 0.0025), (-0.00091368344, 0.0069401143, -0.0025), (-0.00091368344, 0.0069401143, 0.0025), (0, 0.005, 0.0025), (0, 0.0033, 0.012499999), (0.00078217237, 0.004938442, 0.0025), (0.0005162338, 0.0032593715, 0.012499999), (0.001545085, 0.004755283, 0.0025), (0.0010197561, 0.0031384865, 0.012499999), (0.0022699528, 0.0044550328, 0.0025), (0.0014981688, 0.0029403216, 0.012499999), (0.0029389262, 0.004045085, 0.0025), (0.0019396913, 0.002669756, 0.012499999), (0.0035355338, 0.0035355338, 0.0025), (0.0023334522, 0.0023334522, 0.012499999), (0.004045085, 0.0029389262, 0.0025), (0.002669756, 0.0019396913, 0.012499999), (0.0044550328, 0.0022699528, 0.0025), (0.0029403216, 0.0014981688, 0.012499999), (0.004755283, 0.001545085, 0.0025), (0.0031384865, 0.0010197561, 0.012499999), (0.004938442, 0.00078217237, 0.0025), (0.0032593715, 0.0005162338, 0.012499999), (0.005, 0, 0.0025), (0.0033, 0, 0.012499999), (0.004938442, -0.00078217237, 0.0025), (0.0032593715, -0.0005162338, 0.012499999), (0.004755283, -0.001545085, 0.0025), (0.0031384865, -0.0010197561, 0.012499999), (0.0044550328, -0.0022699528, 0.0025), (0.0029403216, -0.0014981688, 0.012499999), (0.004045085, -0.0029389262, 0.0025), (0.002669756, -0.0019396913, 0.012499999), (0.0035355338, -0.0035355338, 0.0025), (0.0023334522, -0.0023334522, 0.012499999), (0.0029389262, -0.004045085, 0.0025), (0.0019396913, -0.002669756, 0.012499999), (0.0022699528, -0.0044550328, 0.0025), (0.0014981688, -0.0029403216, 0.012499999), (0.001545085, -0.004755283, 0.0025), (0.0010197561, -0.0031384865, 0.012499999), (0.00078217237, -0.004938442, 0.0025), (0.0005162338, -0.0032593715, 0.012499999), (0, -0.005, 0.0025), (0, -0.0033, 0.012499999), (-0.00078217237, -0.004938442, 0.0025), (-0.0005162338, -0.0032593715, 0.012499999), (-0.001545085, -0.004755283, 0.0025), (-0.0010197561, -0.0031384865, 0.012499999), (-0.0022699528, -0.0044550328, 0.0025), (-0.0014981688, -0.0029403216, 0.012499999), (-0.0029389262, -0.004045085, 0.0025), (-0.0019396913, -0.002669756, 0.012499999), (-0.0035355338, -0.0035355338, 0.0025), (-0.0023334522, -0.0023334522, 0.012499999), (-0.004045085, -0.0029389262, 0.0025), (-0.002669756, -0.0019396913, 0.012499999), (-0.0044550328, -0.0022699528, 0.0025), (-0.0029403216, -0.0014981688, 0.012499999), (-0.004755283, -0.001545085, 0.0025), (-0.0031384865, -0.0010197561, 0.012499999), (-0.004938442, -0.00078217237, 0.0025), (-0.0032593715, -0.0005162338, 0.012499999), (-0.005, 0, 0.0025), (-0.0033, 0, 0.012499999), (-0.004938442, 0.00078217237, 0.0025), (-0.0032593715, 0.0005162338, 0.012499999), (-0.004755283, 0.001545085, 0.0025), (-0.0031384865, 0.0010197561, 0.012499999), (-0.0044550328, 0.0022699528, 0.0025), (-0.0029403216, 0.0014981688, 0.012499999), (-0.004045085, 0.0029389262, 0.0025), (-0.002669756, 0.0019396913, 0.012499999), (-0.0035355338, 0.0035355338, 0.0025), (-0.0023334522, 0.0023334522, 0.012499999), (-0.0029389262, 0.004045085, 0.0025), (-0.0019396913, 0.002669756, 0.012499999), (-0.0022699528, 0.0044550328, 0.0025), (-0.0014981688, 0.0029403216, 0.012499999), (-0.001545085, 0.004755283, 0.0025), (-0.0010197561, 0.0031384865, 0.012499999), (-0.00078217237, 0.004938442, 0.0025), (-0.0005162338, 0.0032593715, 0.012499999), (0, 0.0035, 0.0115), (0, 0.0035, 0.0275), (0.00045684172, 0.0034700572, 0.0115), (0.00045684172, 0.0034700572, 0.0275), (0.0009058667, 0.0033807405, 0.0115), (0.0009058667, 0.0033807405, 0.0275), (0.0013393922, 0.0032335783, 0.0115), (0.0013393922, 0.0032335783, 0.0275), (0.00175, 0.003031089, 0.0115), (0.00175, 0.003031089, 0.0275), (0.0021306651, 0.0027767366, 0.0115), (0.0021306651, 0.0027767366, 0.0275), (0.0024748738, 0.0024748738, 0.0115), (0.0024748738, 0.0024748738, 0.0275), (0.0027767366, 0.0021306651, 0.0115), (0.0027767366, 0.0021306651, 0.0275), (0.003031089, 0.00175, 0.0115), (0.003031089, 0.00175, 0.0275), (0.0032335783, 0.0013393922, 0.0115), (0.0032335783, 0.0013393922, 0.0275), (0.0033807405, 0.0009058667, 0.0115), (0.0033807405, 0.0009058667, 0.0275), (0.0034700572, 0.00045684172, 0.0115), (0.0034700572, 0.00045684172, 0.0275), (0.0035, 0, 0.0115), (0.0035, 0, 0.0275), (0.0034700572, -0.00045684172, 0.0115), (0.0034700572, -0.00045684172, 0.0275), (0.0033807405, -0.0009058667, 0.0115), (0.0033807405, -0.0009058667, 0.0275), (0.0032335783, -0.0013393922, 0.0115), (0.0032335783, -0.0013393922, 0.0275), (0.003031089, -0.00175, 0.0115), (0.003031089, -0.00175, 0.0275), (0.0027767366, -0.0021306651, 0.0115), (0.0027767366, -0.0021306651, 0.0275), (0.0024748738, -0.0024748738, 0.0115), (0.0024748738, -0.0024748738, 0.0275), (0.0021306651, -0.0027767366, 0.0115), (0.0021306651, -0.0027767366, 0.0275), (0.00175, -0.003031089, 0.0115), (0.00175, -0.003031089, 0.0275), (0.0013393922, -0.0032335783, 0.0115), (0.0013393922, -0.0032335783, 0.0275), (0.0009058667, -0.0033807405, 0.0115), (0.0009058667, -0.0033807405, 0.0275), (0.00045684172, -0.0034700572, 0.0115), (0.00045684172, -0.0034700572, 0.0275), (0, -0.0035, 0.0115), (0, -0.0035, 0.0275), (-0.00045684172, -0.0034700572, 0.0115), (-0.00045684172, -0.0034700572, 0.0275), (-0.0009058667, -0.0033807405, 0.0115), (-0.0009058667, -0.0033807405, 0.0275), (-0.0013393922, -0.0032335783, 0.0115), (-0.0013393922, -0.0032335783, 0.0275), (-0.00175, -0.003031089, 0.0115), (-0.00175, -0.003031089, 0.0275), (-0.0021306651, -0.0027767366, 0.0115), (-0.0021306651, -0.0027767366, 0.0275), (-0.0024748738, -0.0024748738, 0.0115), (-0.0024748738, -0.0024748738, 0.0275), (-0.0027767366, -0.0021306651, 0.0115), (-0.0027767366, -0.0021306651, 0.0275), (-0.003031089, -0.00175, 0.0115), (-0.003031089, -0.00175, 0.0275), (-0.0032335783, -0.0013393922, 0.0115), (-0.0032335783, -0.0013393922, 0.0275), (-0.0033807405, -0.0009058667, 0.0115), (-0.0033807405, -0.0009058667, 0.0275), (-0.0034700572, -0.00045684172, 0.0115), (-0.0034700572, -0.00045684172, 0.0275), (-0.0035, 0, 0.0115), (-0.0035, 0, 0.0275), (-0.0034700572, 0.00045684172, 0.0115), (-0.0034700572, 0.00045684172, 0.0275), (-0.0033807405, 0.0009058667, 0.0115), (-0.0033807405, 0.0009058667, 0.0275), (-0.0032335783, 0.0013393922, 0.0115), (-0.0032335783, 0.0013393922, 0.0275), (-0.003031089, 0.00175, 0.0115), (-0.003031089, 0.00175, 0.0275), (-0.0027767366, 0.0021306651, 0.0115), (-0.0027767366, 0.0021306651, 0.0275), (-0.0024748738, 0.0024748738, 0.0115), (-0.0024748738, 0.0024748738, 0.0275), (-0.0021306651, 0.0027767366, 0.0115), (-0.0021306651, 0.0027767366, 0.0275), (-0.00175, 0.003031089, 0.0115), (-0.00175, 0.003031089, 0.0275), (-0.0013393922, 0.0032335783, 0.0115), (-0.0013393922, 0.0032335783, 0.0275), (-0.0009058667, 0.0033807405, 0.0115), (-0.0009058667, 0.0033807405, 0.0275), (-0.00045684172, 0.0034700572, 0.0115), (-0.00045684172, 0.0034700572, 0.0275), (0, 0.005, 0.009000001), (0, 0.005, 0.012000001), (0.0009754516, 0.004903926, 0.009000001), (0.0009754516, 0.004903926, 0.012000001), (0.0019134172, 0.004619397, 0.009000001), (0.0019134172, 0.004619397, 0.012000001), (0.0027778512, 0.004157348, 0.009000001), (0.0027778512, 0.004157348, 0.012000001), (0.0035355338, 0.0035355338, 0.009000001), (0.0035355338, 0.0035355338, 0.012000001), (0.004157348, 0.0027778512, 0.009000001), (0.004157348, 0.0027778512, 0.012000001), (0.004619397, 0.0019134172, 0.009000001), (0.004619397, 0.0019134172, 0.012000001), (0.004903926, 0.0009754516, 0.009000001), (0.004903926, 0.0009754516, 0.012000001), (0.005, 0, 0.009000001), (0.005, 0, 0.012000001), (0.004903926, -0.0009754516, 0.009000001), (0.004903926, -0.0009754516, 0.012000001), (0.004619397, -0.0019134172, 0.009000001), (0.004619397, -0.0019134172, 0.012000001), (0.004157348, -0.0027778512, 0.009000001), (0.004157348, -0.0027778512, 0.012000001), (0.0035355338, -0.0035355338, 0.009000001), (0.0035355338, -0.0035355338, 0.012000001), (0.0027778512, -0.004157348, 0.009000001), (0.0027778512, -0.004157348, 0.012000001), (0.0019134172, -0.004619397, 0.009000001), (0.0019134172, -0.004619397, 0.012000001), (0.0009754516, -0.004903926, 0.009000001), (0.0009754516, -0.004903926, 0.012000001), (0, -0.005, 0.009000001), (0, -0.005, 0.012000001), (-0.0009754516, -0.004903926, 0.009000001), (-0.0009754516, -0.004903926, 0.012000001), (-0.0019134172, -0.004619397, 0.009000001), (-0.0019134172, -0.004619397, 0.012000001), (-0.0027778512, -0.004157348, 0.009000001), (-0.0027778512, -0.004157348, 0.012000001), (-0.0035355338, -0.0035355338, 0.009000001), (-0.0035355338, -0.0035355338, 0.012000001), (-0.004157348, -0.0027778512, 0.009000001), (-0.004157348, -0.0027778512, 0.012000001), (-0.004619397, -0.0019134172, 0.009000001), (-0.004619397, -0.0019134172, 0.012000001), (-0.004903926, -0.0009754516, 0.009000001), (-0.004903926, -0.0009754516, 0.012000001), (-0.005, 0, 0.009000001), (-0.005, 0, 0.012000001), (-0.004903926, 0.0009754516, 0.009000001), (-0.004903926, 0.0009754516, 0.012000001), (-0.004619397, 0.0019134172, 0.009000001), (-0.004619397, 0.0019134172, 0.012000001), (-0.004157348, 0.0027778512, 0.009000001), (-0.004157348, 0.0027778512, 0.012000001), (-0.0035355338, 0.0035355338, 0.009000001), (-0.0035355338, 0.0035355338, 0.012000001), (-0.0027778512, 0.004157348, 0.009000001), (-0.0027778512, 0.004157348, 0.012000001), (-0.0019134172, 0.004619397, 0.009000001), (-0.0019134172, 0.004619397, 0.012000001), (-0.0009754516, 0.004903926, 0.009000001), (-0.0009754516, 0.004903926, 0.012000001), (0, 0, 0.0295), (0, 0.00039018068, 0.02946157), (0, 0.0011111406, 0.02916294), (0, 0.0014142136, 0.028914213), (0, 0.0018477591, 0.028265366), (0, 0.002, 0.0275), (0, 0.0019615707, 0.027109819), (0, 0.0016629393, 0.02638886), (0, 0.0011111406, 0.02583706), (0, 0.00039018068, 0.02553843), (0, 0, 0.0255), (0.00007612047, 0.00038268344, 0.02946157), (0.00014931569, 0.0007506606, 0.029347759), (0.00021677278, 0.0010897903, 0.02916294), (0.0002758994, 0.0013870398, 0.028914213), (0.00032442337, 0.0016309863, 0.02861114), (0.00036047993, 0.0018122549, 0.028265366), (0.00038268347, 0.0019238796, 0.027890181), (0.00039018068, 0.0019615707, 0.0275), (0.00038268347, 0.0019238796, 0.027109819), (0.00036047993, 0.0018122549, 0.026734633), (0.00032442337, 0.0016309863, 0.02638886), (0.0002758994, 0.0013870398, 0.026085787), (0.00021677278, 0.0010897903, 0.02583706), (0.00014931569, 0.0007506606, 0.025652241), (0.00007612047, 0.00038268344, 0.02553843), (0.00014931567, 0.0003604799, 0.02946157), (0.00029289324, 0.00070710684, 0.029347759), (0.00042521505, 0.0010265599, 0.02916294), (0.0005411961, 0.0013065628, 0.028914213), (0.0006363793, 0.0015363555, 0.02861114), (0.0007071068, 0.0017071067, 0.028265366), (0.0007506606, 0.0018122549, 0.027890181), (0.00076536695, 0.0018477591, 0.0275), (0.0007506606, 0.0018122549, 0.027109819), (0.0007071068, 0.0017071067, 0.026734633), (0.0006363793, 0.0015363555, 0.02638886), (0.0005411961, 0.0013065628, 0.026085787), (0.00042521505, 0.0010265599, 0.02583706), (0.00029289324, 0.00070710684, 0.025652241), (0.00014931567, 0.0003604799, 0.02553843), (0.00021677275, 0.0003244233, 0.02946157), (0.00042521505, 0.0006363793, 0.029347759), (0.0006173166, 0.00092387944, 0.02916294), (0.00078569487, 0.0011758753, 0.028914213), (0.00092387956, 0.0013826833, 0.02861114), (0.0010265599, 0.0015363554, 0.028265366), (0.0010897903, 0.0016309862, 0.027890181), (0.0011111405, 0.0016629392, 0.0275), (0.0010897903, 0.0016309862, 0.027109819), (0.0010265599, 0.0015363554, 0.026734633), (0.00092387956, 0.0013826833, 0.02638886), (0.00078569487, 0.0011758753, 0.026085787), (0.0006173166, 0.00092387944, 0.02583706), (0.00042521505, 0.0006363793, 0.025652241), (0.00021677275, 0.0003244233, 0.02553843), (0.00027589937, 0.0002758993, 0.02946157), (0.0005411961, 0.0005411961, 0.029347759), (0.0007856949, 0.00078569487, 0.02916294), (0.0009999998, 0.0009999997, 0.028914213), (0.0011758755, 0.0011758753, 0.02861114), (0.0013065629, 0.0013065627, 0.028265366), (0.0013870398, 0.0013870397, 0.027890181), (0.0014142134, 0.0014142134, 0.0275), (0.0013870398, 0.0013870397, 0.027109819), (0.0013065629, 0.0013065627, 0.026734633), (0.0011758755, 0.0011758753, 0.02638886), (0.0009999998, 0.0009999997, 0.026085787), (0.0007856949, 0.00078569487, 0.02583706), (0.0005411961, 0.0005411961, 0.025652241), (0.00027589937, 0.0002758993, 0.02553843), (0.0003244233, 0.00021677266, 0.02946157), (0.00063637923, 0.000425215, 0.029347759), (0.00092387944, 0.00061731646, 0.02916294), (0.0011758754, 0.0007856947, 0.028914213), (0.0013826833, 0.00092387927, 0.02861114), (0.0015363554, 0.0010265596, 0.028265366), (0.0016309861, 0.0010897899, 0.027890181), (0.0016629391, 0.0011111402, 0.0275), (0.0016309861, 0.0010897899, 0.027109819), (0.0015363554, 0.0010265596, 0.026734633), (0.0013826833, 0.00092387927, 0.02638886), (0.0011758754, 0.0007856947, 0.026085787), (0.00092387944, 0.00061731646, 0.02583706), (0.00063637923, 0.000425215, 0.025652241), (0.0003244233, 0.00021677266, 0.02553843), (0.00036047984, 0.00014931557, 0.02946157), (0.0007071067, 0.00029289315, 0.029347759), (0.0010265599, 0.00042521497, 0.02916294), (0.0013065627, 0.00054119586, 0.028914213), (0.0015363552, 0.000636379, 0.02861114), (0.0017071065, 0.0007071065, 0.028265366), (0.0018122545, 0.0007506602, 0.027890181), (0.0018477588, 0.0007653666, 0.0275), (0.0018122545, 0.0007506602, 0.027109819), (0.0017071065, 0.0007071065, 0.026734633), (0.0015363552, 0.000636379, 0.02638886), (0.0013065627, 0.00054119586, 0.026085787), (0.0010265599, 0.00042521497, 0.02583706), (0.0007071067, 0.00029289315, 0.025652241), (0.00036047984, 0.00014931557, 0.02553843), (0.00038268333, 0.000076120385, 0.02946157), (0.00075066043, 0.0001493156, 0.029347759), (0.0010897901, 0.00021677266, 0.02916294), (0.0013870394, 0.0002758992, 0.028914213), (0.0016309859, 0.0003244231, 0.02861114), (0.0018122544, 0.00036047964, 0.028265366), (0.001923879, 0.00038268312, 0.027890181), (0.0019615702, 0.0003901804, 0.0275), (0.001923879, 0.00038268312, 0.027109819), (0.0018122544, 0.00036047964, 0.026734633), (0.0016309859, 0.0003244231, 0.02638886), (0.0013870394, 0.0002758992, 0.026085787), (0.0010897901, 0.00021677266, 0.02583706), (0.00075066043, 0.0001493156, 0.025652241), (0.00038268333, 0.000076120385, 0.02553843), (0.0003901805, -6.548362e-11, 0.02946157), (0.0007653667, -4.3655746e-11, 0.029347759), (0.0011111402, -8.731149e-11, 0.02916294), (0.001414213, -1.1641532e-10, 0.028914213), (0.0016629386, -1.7462298e-10, 0.02861114), (0.0018477584, -2.0372681e-10, 0.028265366), (0.00196157, -2.3283064e-10, 0.027890181), (0.0019999996, -2.0372681e-10, 0.0275), (0.00196157, -2.3283064e-10, 0.027109819), (0.0018477584, -2.0372681e-10, 0.026734633), (0.0016629386, -1.7462298e-10, 0.02638886), (0.001414213, -1.1641532e-10, 0.026085787), (0.0011111402, -8.731149e-11, 0.02583706), (0.0007653667, -4.3655746e-11, 0.025652241), (0.0003901805, -6.548362e-11, 0.02553843), (0.00038268327, -0.00007612051, 0.02946157), (0.0007506604, -0.00014931569, 0.029347759), (0.0010897899, -0.0002167728, 0.02916294), (0.0013870392, -0.0002758994, 0.028914213), (0.0016309856, -0.0003244234, 0.02861114), (0.0018122542, -0.00036048, 0.028265366), (0.0019238789, -0.00038268356, 0.027890181), (0.0019615702, -0.00039018076, 0.0275), (0.0019238789, -0.00038268356, 0.027109819), (0.0018122542, -0.00036048, 0.026734633), (0.0016309856, -0.0003244234, 0.02638886), (0.0013870392, -0.0002758994, 0.026085787), (0.0010897899, -0.0002167728, 0.02583706), (0.0007506604, -0.00014931569, 0.025652241), (0.00038268327, -0.00007612051, 0.02553843), (0.00036047972, -0.00014931567, 0.02946157), (0.0007071066, -0.0002928932, 0.029347759), (0.0010265595, -0.00042521502, 0.02916294), (0.0013065622, -0.000541196, 0.028914213), (0.0015363548, -0.00063637923, 0.02861114), (0.001707106, -0.00070710666, 0.028265366), (0.0018122542, -0.00075066055, 0.027890181), (0.0018477587, -0.00076536695, 0.0275), (0.0018122542, -0.00075066055, 0.027109819), (0.001707106, -0.00070710666, 0.026734633), (0.0015363548, -0.00063637923, 0.02638886), (0.0013065622, -0.000541196, 0.026085787), (0.0010265595, -0.00042521502, 0.02583706), (0.0007071066, -0.0002928932, 0.025652241), (0.00036047972, -0.00014931567, 0.02553843), (0.00032442313, -0.0002167727, 0.02946157), (0.00063637906, -0.000425215, 0.029347759), (0.0009238791, -0.00061731646, 0.02916294), (0.0011758748, -0.00078569463, 0.028914213), (0.0013826826, -0.0009238793, 0.02861114), (0.0015363547, -0.0010265596, 0.028265366), (0.0016309855, -0.00108979, 0.027890181), (0.0016629387, -0.0011111405, 0.0275), (0.0016309855, -0.00108979, 0.027109819), (0.0015363547, -0.0010265596, 0.026734633), (0.0013826826, -0.0009238793, 0.02638886), (0.0011758748, -0.00078569463, 0.026085787), (0.0009238791, -0.00061731646, 0.02583706), (0.00063637906, -0.000425215, 0.025652241), (0.00032442313, -0.0002167727, 0.02553843), (0.00027589916, -0.00027589928, 0.02946157), (0.00054119586, -0.000541196, 0.029347759), (0.0007856945, -0.0007856948, 0.02916294), (0.0009999993, -0.0009999995, 0.028914213), (0.0011758747, -0.0011758752, 0.02861114), (0.0013065621, -0.0013065625, 0.028265366), (0.0013870391, -0.0013870394, 0.027890181), (0.001414213, -0.0014142133, 0.0275), (0.0013870391, -0.0013870394, 0.027109819), (0.0013065621, -0.0013065625, 0.026734633), (0.0011758747, -0.0011758752, 0.02638886), (0.0009999993, -0.0009999995, 0.026085787), (0.0007856945, -0.0007856948, 0.02583706), (0.00054119586, -0.000541196, 0.025652241), (0.00027589916, -0.00027589928, 0.02553843), (0.00021677256, -0.00032442322, 0.02946157), (0.00042521485, -0.00063637906, 0.029347759), (0.00061731617, -0.00092387927, 0.02916294), (0.00078569446, -0.001175875, 0.028914213), (0.00092387875, -0.0013826828, 0.02861114), (0.0010265592, -0.0015363548, 0.028265366), (0.0010897894, -0.0016309856, 0.027890181), (0.0011111399, -0.0016629389, 0.0275), (0.0010897894, -0.0016309856, 0.027109819), (0.0010265592, -0.0015363548, 0.026734633), (0.00092387875, -0.0013826828, 0.02638886), (0.00078569446, -0.001175875, 0.026085787), (0.00061731617, -0.00092387927, 0.02583706), (0.00042521485, -0.00063637906, 0.025652241), (0.00021677256, -0.00032442322, 0.02553843), (0.00014931551, -0.00036047972, 0.02946157), (0.00029289303, -0.0007071065, 0.029347759), (0.0004252147, -0.0010265596, 0.02916294), (0.00054119574, -0.0013065622, 0.028914213), (0.0006363786, -0.0015363547, 0.02861114), (0.00070710614, -0.0017071058, 0.028265366), (0.00075065996, -0.0018122541, 0.027890181), (0.00076536636, -0.0018477585, 0.0275), (0.00075065996, -0.0018122541, 0.027109819), (0.00070710614, -0.0017071058, 0.026734633), (0.0006363786, -0.0015363547, 0.02638886), (0.00054119574, -0.0013065622, 0.026085787), (0.0004252147, -0.0010265596, 0.02583706), (0.00029289303, -0.0007071065, 0.025652241), (0.00014931551, -0.00036047972, 0.02553843), (0.000076120356, -0.0003826832, 0.02946157), (0.00014931553, -0.0007506602, 0.029347759), (0.00021677245, -0.0010897898, 0.02916294), (0.0002758992, -0.001387039, 0.028914213), (0.0003244228, -0.0016309853, 0.02861114), (0.00036047943, -0.0018122537, 0.028265366), (0.00038268298, -0.0019238786, 0.027890181), (0.0003901802, -0.0019615698, 0.0275), (0.00038268298, -0.0019238786, 0.027109819), (0.00036047943, -0.0018122537, 0.026734633), (0.0003244228, -0.0016309853, 0.02638886), (0.0002758992, -0.001387039, 0.026085787), (0.00021677245, -0.0010897898, 0.02583706), (0.00014931553, -0.0007506602, 0.025652241), (0.000076120356, -0.0003826832, 0.02553843), (-7.2759576e-11, -0.0003901804, 0.02946157), (-7.2759576e-11, -0.0007653665, 0.029347759), (-2.1827873e-10, -0.0011111399, 0.02916294), (0, -0.0014142125, 0.028914213), (-3.2014214e-10, -0.001662938, 0.02861114), (-2.3283064e-10, -0.0018477577, 0.028265366), (-2.910383e-10, -0.0019615695, 0.027890181), (-2.6193447e-10, -0.0019999992, 0.0275), (-2.910383e-10, -0.0019615695, 0.027109819), (-2.3283064e-10, -0.0018477577, 0.026734633), (-3.2014214e-10, -0.001662938, 0.02638886), (0, -0.0014142125, 0.026085787), (-2.1827873e-10, -0.0011111399, 0.02583706), (-7.2759576e-11, -0.0007653665, 0.025652241), (-7.2759576e-11, -0.0003901804, 0.02553843), (-0.000076120494, -0.00038268318, 0.02946157), (-0.00014931567, -0.00075066014, 0.029347759), (-0.00021677285, -0.0010897897, 0.02916294), (-0.0002758992, -0.0013870387, 0.028914213), (-0.00032442345, -0.001630985, 0.02861114), (-0.0003604799, -0.0018122535, 0.028265366), (-0.00038268353, -0.0019238784, 0.027890181), (-0.00039018074, -0.0019615698, 0.0275), (-0.00038268353, -0.0019238784, 0.027109819), (-0.0003604799, -0.0018122535, 0.026734633), (-0.00032442345, -0.001630985, 0.02638886), (-0.0002758992, -0.0013870387, 0.026085787), (-0.00021677285, -0.0010897897, 0.02583706), (-0.00014931567, -0.00075066014, 0.025652241), (-0.000076120494, -0.00038268318, 0.02553843), (-0.00014931565, -0.00036047964, 0.02946157), (-0.00029289315, -0.0007071064, 0.029347759), (-0.00042521505, -0.0010265593, 0.02916294), (-0.00054119574, -0.0013065619, 0.028914213), (-0.0006363791, -0.0015363541, 0.02861114), (-0.0007071065, -0.0017071053, 0.028265366), (-0.00075066043, -0.0018122537, 0.027890181), (-0.00076536677, -0.0018477582, 0.0275), (-0.00075066043, -0.0018122537, 0.027109819), (-0.0007071065, -0.0017071053, 0.026734633), (-0.0006363791, -0.0015363541, 0.02638886), (-0.00054119574, -0.0013065619, 0.026085787), (-0.00042521505, -0.0010265593, 0.02583706), (-0.00029289315, -0.0007071064, 0.025652241), (-0.00014931565, -0.00036047964, 0.02553843), (-0.00021677268, -0.00032442308, 0.02946157), (-0.00042521488, -0.0006363789, 0.029347759), (-0.00061731646, -0.00092387886, 0.02916294), (-0.0007856944, -0.0011758745, 0.028914213), (-0.0009238791, -0.001382682, 0.02861114), (-0.0010265594, -0.0015363541, 0.028265366), (-0.0010897899, -0.0016309851, 0.027890181), (-0.0011111402, -0.0016629383, 0.0275), (-0.0010897899, -0.0016309851, 0.027109819), (-0.0010265594, -0.0015363541, 0.026734633), (-0.0009238791, -0.001382682, 0.02638886), (-0.0007856944, -0.0011758745, 0.026085787), (-0.00061731646, -0.00092387886, 0.02583706), (-0.00042521488, -0.0006363789, 0.025652241), (-0.00021677268, -0.00032442308, 0.02553843), (-0.00027589925, -0.0002758991, 0.02946157), (-0.00054119586, -0.00054119574, 0.029347759), (-0.00078569475, -0.0007856943, 0.02916294), (-0.0009999992, -0.000999999, 0.028914213), (-0.0011758748, -0.0011758743, 0.02861114), (-0.0013065621, -0.0013065615, 0.028265366), (-0.0013870392, -0.0013870386, 0.027890181), (-0.0014142131, -0.0014142126, 0.0275), (-0.0013870392, -0.0013870386, 0.027109819), (-0.0013065621, -0.0013065615, 0.026734633), (-0.0011758748, -0.0011758743, 0.02638886), (-0.0009999992, -0.000999999, 0.026085787), (-0.00078569475, -0.0007856943, 0.02583706), (-0.00054119586, -0.00054119574, 0.025652241), (-0.00027589925, -0.0002758991, 0.02553843), (-0.00032442316, -0.0002167725, 0.02946157), (-0.000636379, -0.00042521476, 0.029347759), (-0.0009238792, -0.00061731593, 0.02916294), (-0.0011758746, -0.0007856941, 0.028914213), (-0.0013826825, -0.00092387834, 0.02861114), (-0.0015363543, -0.0010265587, 0.028265366), (-0.0016309854, -0.0010897892, 0.027890181), (-0.0016629385, -0.0011111395, 0.0275), (-0.0016309854, -0.0010897892, 0.027109819), (-0.0015363543, -0.0010265587, 0.026734633), (-0.0013826825, -0.00092387834, 0.02638886), (-0.0011758746, -0.0007856941, 0.026085787), (-0.0009238792, -0.00061731593, 0.02583706), (-0.000636379, -0.00042521476, 0.025652241), (-0.00032442316, -0.0002167725, 0.02553843), (-0.00036047967, -0.00014931546, 0.02946157), (-0.00070710643, -0.00029289298, 0.029347759), (-0.0010265595, -0.00042521447, 0.02916294), (-0.0013065618, -0.00054119545, 0.028914213), (-0.0015363544, -0.00063637824, 0.02861114), (-0.0017071052, -0.00070710573, 0.028265366), (-0.0018122537, -0.00075065973, 0.027890181), (-0.0018477581, -0.00076536613, 0.0275), (-0.0018122537, -0.00075065973, 0.027109819), (-0.0017071052, -0.00070710573, 0.026734633), (-0.0015363544, -0.00063637824, 0.02638886), (-0.0013065618, -0.00054119545, 0.026085787), (-0.0010265595, -0.00042521447, 0.02583706), (-0.00070710643, -0.00029289298, 0.025652241), (-0.00036047967, -0.00014931546, 0.02553843), (-0.00038268312, -0.000076120305, 0.02946157), (-0.00075066014, -0.00014931549, 0.029347759), (-0.0010897897, -0.00021677227, 0.02916294), (-0.0013870384, -0.000275899, 0.028914213), (-0.001630985, -0.0003244225, 0.02861114), (-0.001812253, -0.0003604792, 0.028265366), (-0.0019238781, -0.00038268283, 0.027890181), (-0.0019615693, -0.00039018007, 0.0275), (-0.0019238781, -0.00038268283, 0.027109819), (-0.001812253, -0.0003604792, 0.026734633), (-0.001630985, -0.0003244225, 0.02638886), (-0.0013870384, -0.000275899, 0.026085787), (-0.0010897897, -0.00021677227, 0.02583706), (-0.00075066014, -0.00014931549, 0.025652241), (-0.00038268312, -0.000076120305, 0.02553843), (-0.0003901803, 1.0186341e-10, 0.02946157), (-0.0007653664, 1.0186341e-10, 0.029347759), (-0.0011111398, 3.783498e-10, 0.02916294), (-0.001414212, 8.731149e-11, 0.028914213), (-0.0016629377, 5.820766e-10, 0.02861114), (-0.001847757, 3.4924597e-10, 0.028265366), (-0.0019615688, 3.2014214e-10, 0.027890181), (-0.0019999985, 3.2014214e-10, 0.0275), (-0.0019615688, 3.2014214e-10, 0.027109819), (-0.001847757, 3.4924597e-10, 0.026734633), (-0.0016629377, 5.820766e-10, 0.02638886), (-0.001414212, 8.731149e-11, 0.026085787), (-0.0011111398, 3.783498e-10, 0.02583706), (-0.0007653664, 1.0186341e-10, 0.025652241), (-0.0003901803, 1.0186341e-10, 0.02553843), (-0.00038268307, 0.0000761205, 0.02946157), (-0.0007506601, 0.00014931569, 0.029347759), (-0.0010897894, 0.000216773, 0.02916294), (-0.0013870383, 0.00027589916, 0.028914213), (-0.0016309846, 0.00032442363, 0.02861114), (-0.0018122527, 0.00036047987, 0.028265366), (-0.0019238776, 0.0003826834, 0.027890181), (-0.001961569, 0.00039018068, 0.0275), (-0.0019238776, 0.0003826834, 0.027109819), (-0.0018122527, 0.00036047987, 0.026734633), (-0.0016309846, 0.00032442363, 0.02638886), (-0.0013870383, 0.00027589916, 0.026085787), (-0.0010897894, 0.000216773, 0.02583706), (-0.0007506601, 0.00014931569, 0.025652241), (-0.00038268307, 0.0000761205, 0.02553843), (-0.00036047952, 0.00014931563, 0.02946157), (-0.0007071063, 0.00029289315, 0.029347759), (-0.0010265592, 0.00042521514, 0.02916294), (-0.0013065615, 0.0005411956, 0.028914213), (-0.0015363537, 0.00063637923, 0.02861114), (-0.0017071045, 0.0007071063, 0.028265366), (-0.0018122529, 0.00075066014, 0.027890181), (-0.0018477575, 0.0007653666, 0.0275), (-0.0018122529, 0.00075066014, 0.027109819), (-0.0017071045, 0.0007071063, 0.026734633), (-0.0015363537, 0.00063637923, 0.02638886), (-0.0013065615, 0.0005411956, 0.026085787), (-0.0010265592, 0.00042521514, 0.02583706), (-0.0007071063, 0.00029289315, 0.025652241), (-0.00036047952, 0.00014931563, 0.02553843), (-0.00032442296, 0.00021677263, 0.02946157), (-0.0006363788, 0.00042521488, 0.029347759), (-0.00092387875, 0.00061731646, 0.02916294), (-0.0011758743, 0.0007856942, 0.028914213), (-0.0013826817, 0.0009238791, 0.02861114), (-0.0015363534, 0.0010265589, 0.028265366), (-0.0016309844, 0.0010897894, 0.027890181), (-0.0016629377, 0.0011111399, 0.0275), (-0.0016309844, 0.0010897894, 0.027109819), (-0.0015363534, 0.0010265589, 0.026734633), (-0.0013826817, 0.0009238791, 0.02638886), (-0.0011758743, 0.0007856942, 0.026085787), (-0.00092387875, 0.00061731646, 0.02583706), (-0.0006363788, 0.00042521488, 0.025652241), (-0.00032442296, 0.00021677263, 0.02553843), (-0.000275899, 0.0002758992, 0.02946157), (-0.0005411957, 0.00054119586, 0.029347759), (-0.00078569417, 0.0007856947, 0.02916294), (-0.0009999988, 0.000999999, 0.028914213), (-0.0011758739, 0.0011758748, 0.02861114), (-0.001306561, 0.0013065615, 0.028265366), (-0.001387038, 0.0013870387, 0.027890181), (-0.001414212, 0.0014142127, 0.0275), (-0.001387038, 0.0013870387, 0.027109819), (-0.001306561, 0.0013065615, 0.026734633), (-0.0011758739, 0.0011758748, 0.02638886), (-0.0009999988, 0.000999999, 0.026085787), (-0.00078569417, 0.0007856947, 0.02583706), (-0.0005411957, 0.00054119586, 0.025652241), (-0.000275899, 0.0002758992, 0.02553843), (-0.0002167724, 0.0003244231, 0.02946157), (-0.0004252147, 0.000636379, 0.029347759), (-0.0006173158, 0.0009238791, 0.02916294), (-0.00078569393, 0.0011758744, 0.028914213), (-0.000923878, 0.0013826824, 0.02861114), (-0.0010265583, 0.0015363537, 0.028265366), (-0.0010897886, 0.0016309847, 0.027890181), (-0.0011111391, 0.001662938, 0.0275), (-0.0010897886, 0.0016309847, 0.027109819), (-0.0010265583, 0.0015363537, 0.026734633), (-0.000923878, 0.0013826824, 0.02638886), (-0.00078569393, 0.0011758744, 0.026085787), (-0.0006173158, 0.0009238791, 0.02583706), (-0.0004252147, 0.000636379, 0.025652241), (-0.0002167724, 0.0003244231, 0.02553843), (-0.00014931537, 0.00036047958, 0.02946157), (-0.00029289292, 0.00070710643, 0.029347759), (-0.00042521438, 0.0010265593, 0.02916294), (-0.0005411953, 0.0013065615, 0.028914213), (-0.00063637795, 0.0015363542, 0.02861114), (-0.0007071055, 0.0017071047, 0.028265366), (-0.0007506593, 0.0018122529, 0.027890181), (-0.0007653657, 0.0018477575, 0.0275), (-0.0007506593, 0.0018122529, 0.027109819), (-0.0007071055, 0.0017071047, 0.026734633), (-0.00063637795, 0.0015363542, 0.02638886), (-0.0005411953, 0.0013065615, 0.026085787), (-0.00042521438, 0.0010265593, 0.02583706), (-0.00029289292, 0.00070710643, 0.025652241), (-0.00014931537, 0.00036047958, 0.02553843), (-0.00007612023, 0.00038268304, 0.02946157), (-0.00014931543, 0.00075066014, 0.029347759), (-0.00021677223, 0.0010897894, 0.02916294), (-0.00027589884, 0.0013870383, 0.028914213), (-0.00032442226, 0.0016309847, 0.02861114), (-0.00036047905, 0.0018122526, 0.028265366), (-0.00038268257, 0.0019238773, 0.027890181), (-0.00039017983, 0.0019615686, 0.0275), (-0.00038268257, 0.0019238773, 0.027109819), (-0.00036047905, 0.0018122526, 0.026734633), (-0.00032442226, 0.0016309847, 0.02638886), (-0.00027589884, 0.0013870383, 0.026085787), (-0.00021677223, 0.0010897894, 0.02583706), (-0.00014931543, 0.00075066014, 0.025652241), (-0.00007612023, 0.00038268304, 0.02553843), (1.6007107e-10, 0.00076536636, 0.029347759), (7.566996e-10, 0.0016629373, 0.02861114), (4.0745363e-10, 0.0019615681, 0.027890181), (4.0745363e-10, 0.0018477566, 0.026734633), (2.3283064e-10, 0.0014142119, 0.026085787), (1.6007107e-10, 0.00076536636, 0.025652241)]
            texCoord2f[] primvars:st = [(1, 0.5), (3.7625432e-7, 0.5), (0.75, 0.49), (1, 1), (0.25, 0.49), (3.7625432e-7, 1), (0.9791667, 0.5), (0.7813263, 0.48794675), (0.9791667, 1), (0.2813263, 0.48794675), (0.9583334, 0.5), (0.81211656, 0.4818222), (0.9583334, 1), (0.31211656, 0.4818222), (0.93750006, 0.5), (0.841844, 0.47173107), (0.93750006, 1), (0.34184402, 0.47173107), (0.91666675, 0.5), (0.87, 0.4578461), (0.91666675, 1), (0.37, 0.4578461), (0.89583343, 0.5), (0.8961027, 0.44040477), (0.89583343, 1), (0.39610273, 0.44040477), (0.8750001, 0.5), (0.9197056, 0.41970563), (0.8750001, 1), (0.41970563, 0.41970563), (0.8541668, 0.5), (0.9404048, 0.39610273), (0.8541668, 1), (0.44040477, 0.39610273), (0.8333335, 0.5), (0.9578461, 0.37), (0.8333335, 1), (0.4578461, 0.37), (0.8125002, 0.5), (0.97173107, 0.34184402), (0.8125002, 1), (0.47173107, 0.34184402), (0.79166687, 0.5), (0.9818222, 0.31211656), (0.79166687, 1), (0.4818222, 0.31211656), (0.77083355, 0.5), (0.98794675, 0.2813263), (0.77083355, 1), (0.48794675, 0.2813263), (0.75000024, 0.5), (0.99, 0.25), (0.75000024, 1), (0.49, 0.25), (0.7291669, 0.5), (0.98794675, 0.2186737), (0.7291669, 1), (0.48794675, 0.2186737), (0.7083336, 0.5), (0.9818222, 0.18788344), (0.7083336, 1), (0.4818222, 0.18788344), (0.6875003, 0.5), (0.97173107, 0.15815598), (0.6875003, 1), (0.47173107, 0.15815598), (0.666667, 0.5), (0.9578461, 0.13), (0.666667, 1), (0.4578461, 0.13), (0.6458337, 0.5), (0.9404048, 0.10389726), (0.6458337, 1), (0.44040477, 0.10389726), (0.62500036, 0.5), (0.9197056, 0.08029437), (0.62500036, 1), (0.41970563, 0.08029437), (0.60416704, 0.5), (0.8961027, 0.059595212), (0.60416704, 1), (0.39610273, 0.059595212), (0.58333373, 0.5), (0.87, 0.04215391), (0.58333373, 1), (0.37, 0.04215391), (0.5625004, 0.5), (0.841844, 0.028268918), (0.5625004, 1), (0.34184402, 0.028268918), (0.5416671, 0.5), (0.81211656, 0.018177792), (0.5416671, 1), (0.31211656, 0.018177792), (0.5208338, 0.5), (0.7813263, 0.012053236), (0.5208338, 1), (0.2813263, 0.012053236), (0.5000005, 0.5), (0.75, 0.010000005), (0.5000005, 1), (0.25, 0.010000005), (0.47916713, 0.5), (0.7186737, 0.012053236), (0.47916713, 1), (0.2186737, 0.012053236), (0.4583338, 0.5), (0.68788344, 0.018177792), (0.4583338, 1), (0.18788344, 0.018177792), (0.43750045, 0.5), (0.658156, 0.028268918), (0.43750045, 1), (0.15815598, 0.028268918), (0.4166671, 0.5), (0.63, 0.04215391), (0.4166671, 1), (0.13, 0.04215391), (0.39583376, 0.5), (0.6038973, 0.059595212), (0.39583376, 1), (0.10389726, 0.059595212), (0.37500042, 0.5), (0.5802944, 0.08029437), (0.37500042, 1), (0.08029437, 0.08029437), (0.35416707, 0.5), (0.5595952, 0.10389726), (0.35416707, 1), (0.059595212, 0.10389726), (0.33333373, 0.5), (0.5421539, 0.13), (0.33333373, 1), (0.04215391, 0.13), (0.3125004, 0.5), (0.52826893, 0.15815598), (0.3125004, 1), (0.028268918, 0.15815598), (0.29166704, 0.5), (0.5181778, 0.18788344), (0.29166704, 1), (0.018177792, 0.18788344), (0.2708337, 0.5), (0.51205325, 0.2186737), (0.2708337, 1), (0.012053236, 0.2186737), (0.25000036, 0.5), (0.51, 0.25), (0.25000036, 1), (0.010000005, 0.25), (0.22916703, 0.5), (0.51205325, 0.2813263), (0.22916703, 1), (0.012053236, 0.2813263), (0.2083337, 0.5), (0.5181778, 0.31211656), (0.2083337, 1), (0.018177792, 0.31211656), (0.18750037, 0.5), (0.52826893, 0.34184402), (0.18750037, 1), (0.028268918, 0.34184402), (0.16666704, 0.5), (0.5421539, 0.37), (0.16666704, 1), (0.04215391, 0.37), (0.14583372, 0.5), (0.5595952, 0.39610273), (0.14583372, 1), (0.059595212, 0.39610273), (0.12500039, 0.5), (0.5802944, 0.41970563), (0.12500039, 1), (0.08029437, 0.41970563), (0.10416705, 0.5), (0.6038973, 0.44040477), (0.10416705, 1), (0.10389726, 0.44040477), (0.083333716, 0.5), (0.63, 0.4578461), (0.083333716, 1), (0.13, 0.4578461), (0.06250038, 0.5), (0.658156, 0.47173107), (0.06250038, 1), (0.15815598, 0.47173107), (0.041667044, 0.5), (0.68788344, 0.4818222), (0.18788344, 0.4818222), (0.041667044, 1), (0.02083371, 0.5), (0.7186737, 0.48794675), (0.2186737, 0.48794675), (0.02083371, 1), (1, 0.5), (3.9115548e-7, 0.5), (0.75, 0.49), (1, 1), (0.25, 0.49), (3.9115548e-7, 1), (0.975, 0.5), (0.78754425, 0.4870452), (0.975, 1), (0.28754428, 0.4870452), (0.95000005, 0.5), (0.8241641, 0.47825357), (0.95000005, 1), (0.3241641, 0.47825354), (0.9250001, 0.5), (0.85895777, 0.46384156), (0.9250001, 1), (0.35895774, 0.46384156), (0.9000001, 0.5), (0.89106846, 0.4441641), (0.9000001, 1), (0.39106846, 0.4441641), (0.8750001, 0.5), (0.9197056, 0.41970563), (0.8750001, 1), (0.41970563, 0.41970563), (0.85000014, 0.5), (0.9441641, 0.39106846), (0.85000014, 1), (0.4441641, 0.39106846), (0.82500017, 0.5), (0.96384156, 0.35895774), (0.82500017, 1), (0.46384156, 0.35895774), (0.8000002, 0.5), (0.9782536, 0.3241641), (0.8000002, 1), (0.47825354, 0.3241641), (0.7750002, 0.5), (0.98704517, 0.28754428), (0.7750002, 1), (0.4870452, 0.28754428), (0.75000024, 0.5), (0.99, 0.25), (0.75000024, 1), (0.49, 0.25), (0.72500026, 0.5), (0.98704517, 0.21245572), (0.72500026, 1), (0.4870452, 0.21245572), (0.7000003, 0.5), (0.9782536, 0.17583592), (0.7000003, 1), (0.47825354, 0.17583592), (0.6750003, 0.5), (0.96384156, 0.14104226), (0.6750003, 1), (0.46384156, 0.14104226), (0.65000033, 0.5), (0.9441641, 0.10893154), (0.65000033, 1), (0.4441641, 0.10893154), (0.62500036, 0.5), (0.9197056, 0.08029437), (0.62500036, 1), (0.41970563, 0.080294386), (0.6000004, 0.5), (0.89106846, 0.055835918), (0.6000004, 1), (0.39106846, 0.055835918), (0.5750004, 0.5), (0.85895777, 0.036158428), (0.5750004, 1), (0.35895774, 0.036158428), (0.5500004, 0.5), (0.8241641, 0.021746427), (0.5500004, 1), (0.3241641, 0.021746442), (0.52500045, 0.5), (0.78754425, 0.012954801), (0.52500045, 1), (0.28754428, 0.012954801), (0.5000005, 0.5), (0.75, 0.010000005), (0.5000005, 1), (0.25, 0.010000005), (0.47500047, 0.5), (0.71245575, 0.012954801), (0.47500047, 1), (0.21245572, 0.012954801), (0.45000046, 0.5), (0.6758359, 0.021746427), (0.45000046, 1), (0.17583592, 0.021746442), (0.42500046, 0.5), (0.64104223, 0.036158428), (0.42500046, 1), (0.14104226, 0.036158428), (0.40000045, 0.5), (0.60893154, 0.055835918), (0.40000045, 1), (0.10893154, 0.055835918), (0.37500045, 0.5), (0.5802944, 0.08029437), (0.37500045, 1), (0.080294386, 0.080294386), (0.35000044, 0.5), (0.5558359, 0.10893154), (0.35000044, 1), (0.055835918, 0.10893154), (0.32500044, 0.5), (0.53615844, 0.14104226), (0.32500044, 1), (0.036158428, 0.14104226), (0.30000043, 0.5), (0.5217464, 0.17583592), (0.30000043, 1), (0.021746442, 0.17583592), (0.27500042, 0.5), (0.51295483, 0.21245572), (0.27500042, 1), (0.012954801, 0.21245572), (0.25000042, 0.5), (0.51, 0.25), (0.25000042, 1), (0.010000005, 0.25), (0.22500041, 0.5), (0.51295483, 0.28754428), (0.22500041, 1), (0.012954801, 0.28754428), (0.2000004, 0.5), (0.5217464, 0.3241641), (0.2000004, 1), (0.021746442, 0.3241641), (0.1750004, 0.5), (0.53615844, 0.35895774), (0.1750004, 1), (0.036158428, 0.35895774), (0.1500004, 0.5), (0.5558359, 0.39106846), (0.1500004, 1), (0.055835918, 0.39106846), (0.12500039, 0.5), (0.5802944, 0.41970563), (0.12500039, 1), (0.080294386, 0.41970563), (0.10000039, 0.5), (0.60893154, 0.4441641), (0.10000039, 1), (0.10893154, 0.4441641), (0.07500039, 0.5), (0.64104223, 0.46384156), (0.07500039, 1), (0.14104226, 0.46384156), (0.050000392, 0.5), (0.6758359, 0.47825357), (0.17583592, 0.47825354), (0.050000392, 1), (0.025000392, 0.5), (0.71245575, 0.4870452), (0.21245572, 0.4870452), (0.025000392, 1), (1, 0.5), (3.7625432e-7, 0.5), (0.75, 0.49), (1, 1), (0.25, 0.49), (3.7625432e-7, 1), (0.9791667, 0.5), (0.7813263, 0.48794675), (0.9791667, 1), (0.2813263, 0.48794675), (0.9583334, 0.5), (0.81211656, 0.4818222), (0.9583334, 1), (0.31211656, 0.4818222), (0.93750006, 0.5), (0.841844, 0.47173107), (0.93750006, 1), (0.34184402, 0.47173107), (0.91666675, 0.5), (0.87, 0.4578461), (0.91666675, 1), (0.37, 0.4578461), (0.89583343, 0.5), (0.8961027, 0.44040477), (0.89583343, 1), (0.39610273, 0.44040477), (0.8750001, 0.5), (0.9197056, 0.41970563), (0.8750001, 1), (0.41970563, 0.41970563), (0.8541668, 0.5), (0.9404048, 0.39610273), (0.8541668, 1), (0.44040477, 0.39610273), (0.8333335, 0.5), (0.9578461, 0.37), (0.8333335, 1), (0.4578461, 0.37), (0.8125002, 0.5), (0.97173107, 0.34184402), (0.8125002, 1), (0.47173107, 0.34184402), (0.79166687, 0.5), (0.9818222, 0.31211656), (0.79166687, 1), (0.4818222, 0.31211656), (0.77083355, 0.5), (0.98794675, 0.2813263), (0.77083355, 1), (0.48794675, 0.2813263), (0.75000024, 0.5), (0.99, 0.25), (0.75000024, 1), (0.49, 0.25), (0.7291669, 0.5), (0.98794675, 0.2186737), (0.7291669, 1), (0.48794675, 0.2186737), (0.7083336, 0.5), (0.9818222, 0.18788344), (0.7083336, 1), (0.4818222, 0.18788344), (0.6875003, 0.5), (0.97173107, 0.15815598), (0.6875003, 1), (0.47173107, 0.15815598), (0.666667, 0.5), (0.9578461, 0.13), (0.666667, 1), (0.4578461, 0.13), (0.6458337, 0.5), (0.9404048, 0.10389726), (0.6458337, 1), (0.44040477, 0.10389726), (0.62500036, 0.5), (0.9197056, 0.08029437), (0.62500036, 1), (0.41970563, 0.08029437), (0.60416704, 0.5), (0.8961027, 0.059595212), (0.60416704, 1), (0.39610273, 0.059595212), (0.58333373, 0.5), (0.87, 0.04215391), (0.58333373, 1), (0.37, 0.04215391), (0.5625004, 0.5), (0.841844, 0.028268918), (0.5625004, 1), (0.34184402, 0.028268918), (0.5416671, 0.5), (0.81211656, 0.018177792), (0.5416671, 1), (0.31211656, 0.018177792), (0.5208338, 0.5), (0.7813263, 0.012053236), (0.5208338, 1), (0.2813263, 0.012053236), (0.5000005, 0.5), (0.75, 0.010000005), (0.5000005, 1), (0.25, 0.010000005), (0.47916713, 0.5), (0.7186737, 0.012053236), (0.47916713, 1), (0.2186737, 0.012053236), (0.4583338, 0.5), (0.68788344, 0.018177792), (0.4583338, 1), (0.18788344, 0.018177792), (0.43750045, 0.5), (0.658156, 0.028268918), (0.43750045, 1), (0.15815598, 0.028268918), (0.4166671, 0.5), (0.63, 0.04215391), (0.4166671, 1), (0.13, 0.04215391), (0.39583376, 0.5), (0.6038973, 0.059595212), (0.39583376, 1), (0.10389726, 0.059595212), (0.37500042, 0.5), (0.5802944, 0.08029437), (0.37500042, 1), (0.08029437, 0.08029437), (0.35416707, 0.5), (0.5595952, 0.10389726), (0.35416707, 1), (0.059595212, 0.10389726), (0.33333373, 0.5), (0.5421539, 0.13), (0.33333373, 1), (0.04215391, 0.13), (0.3125004, 0.5), (0.52826893, 0.15815598), (0.3125004, 1), (0.028268918, 0.15815598), (0.29166704, 0.5), (0.5181778, 0.18788344), (0.29166704, 1), (0.018177792, 0.18788344), (0.2708337, 0.5), (0.51205325, 0.2186737), (0.2708337, 1), (0.012053236, 0.2186737), (0.25000036, 0.5), (0.51, 0.25), (0.25000036, 1), (0.010000005, 0.25), (0.22916703, 0.5), (0.51205325, 0.2813263), (0.22916703, 1), (0.012053236, 0.2813263), (0.2083337, 0.5), (0.5181778, 0.31211656), (0.2083337, 1), (0.018177792, 0.31211656), (0.18750037, 0.5), (0.52826893, 0.34184402), (0.18750037, 1), (0.028268918, 0.34184402), (0.16666704, 0.5), (0.5421539, 0.37), (0.16666704, 1), (0.04215391, 0.37), (0.14583372, 0.5), (0.5595952, 0.39610273), (0.14583372, 1), (0.059595212, 0.39610273), (0.12500039, 0.5), (0.5802944, 0.41970563), (0.12500039, 1), (0.08029437, 0.41970563), (0.10416705, 0.5), (0.6038973, 0.44040477), (0.10416705, 1), (0.10389726, 0.44040477), (0.083333716, 0.5), (0.63, 0.4578461), (0.083333716, 1), (0.13, 0.4578461), (0.06250038, 0.5), (0.658156, 0.47173107), (0.06250038, 1), (0.15815598, 0.47173107), (0.041667044, 0.5), (0.68788344, 0.4818222), (0.18788344, 0.4818222), (0.041667044, 1), (0.02083371, 0.5), (0.7186737, 0.48794675), (0.2186737, 0.48794675), (0.02083371, 1), (1, 0.5), (0, 0.5), (0.75, 0.49), (1, 1), (0.25, 0.49), (0, 1), (0.96875, 0.5), (0.79682165, 0.48538846), (0.96875, 1), (0.29682168, 0.48538846), (0.9375, 0.5), (0.841844, 0.47173107), (0.9375, 1), (0.34184402, 0.47173107), (0.90625, 0.5), (0.88333684, 0.4495527), (0.90625, 1), (0.38333684, 0.4495527), (0.875, 0.5), (0.9197056, 0.41970563), (0.875, 1), (0.41970563, 0.41970563), (0.84375, 0.5), (0.9495527, 0.38333684), (0.84375, 1), (0.4495527, 0.38333684), (0.8125, 0.5), (0.97173107, 0.34184402), (0.8125, 1), (0.47173107, 0.34184402), (0.78125, 0.5), (0.98538846, 0.29682168), (0.78125, 1), (0.48538846, 0.29682168), (0.75, 0.5), (0.99, 0.25), (0.75, 1), (0.49, 0.25), (0.71875, 0.5), (0.98538846, 0.20317832), (0.71875, 1), (0.48538846, 0.20317832), (0.6875, 0.5), (0.97173107, 0.15815598), (0.6875, 1), (0.47173107, 0.15815598), (0.65625, 0.5), (0.9495527, 0.11666314), (0.65625, 1), (0.4495527, 0.11666314), (0.625, 0.5), (0.9197056, 0.08029437), (0.625, 1), (0.41970563, 0.08029437), (0.59375, 0.5), (0.88333684, 0.050447285), (0.59375, 1), (0.38333684, 0.050447285), (0.5625, 0.5), (0.841844, 0.028268933), (0.5625, 1), (0.34184402, 0.028268933), (0.53125, 0.5), (0.79682165, 0.014611542), (0.53125, 1), (0.29682168, 0.014611542), (0.5, 0.5), (0.75, 0.010000005), (0.5, 1), (0.25, 0.010000005), (0.46875, 0.5), (0.70317835, 0.014611542), (0.46875, 1), (0.20317832, 0.014611542), (0.4375, 0.5), (0.658156, 0.028268933), (0.4375, 1), (0.15815598, 0.028268933), (0.40625, 0.5), (0.61666316, 0.050447285), (0.40625, 1), (0.11666314, 0.050447285), (0.375, 0.5), (0.5802944, 0.08029437), (0.375, 1), (0.08029437, 0.08029437), (0.34375, 0.5), (0.5504473, 0.11666314), (0.34375, 1), (0.050447285, 0.11666314), (0.3125, 0.5), (0.52826893, 0.15815598), (0.3125, 1), (0.028268933, 0.15815598), (0.28125, 0.5), (0.51461154, 0.20317832), (0.28125, 1), (0.014611542, 0.20317832), (0.25, 0.5), (0.51, 0.25), (0.25, 1), (0.010000005, 0.25), (0.21875, 0.5), (0.51461154, 0.29682168), (0.21875, 1), (0.014611542, 0.29682168), (0.1875, 0.5), (0.52826893, 0.34184402), (0.1875, 1), (0.028268933, 0.34184402), (0.15625, 0.5), (0.5504473, 0.38333684), (0.15625, 1), (0.050447285, 0.38333684), (0.125, 0.5), (0.5802944, 0.41970563), (0.125, 1), (0.08029437, 0.41970563), (0.09375, 0.5), (0.61666316, 0.4495527), (0.09375, 1), (0.11666314, 0.4495527), (0.0625, 0.5), (0.658156, 0.47173107), (0.15815598, 0.47173107), (0.0625, 1), (0.03125, 0.5), (0.70317835, 0.48538846), (0.20317832, 0.48538846), (0.03125, 1), (0.734375, 1), (0.703125, 1), (0.671875, 1), (0.640625, 1), (0.609375, 1), (0.578125, 1), (0.546875, 1), (0.515625, 1), (0.48437497, 1), (0.45312497, 1), (0.42187497, 1), (0.39062497, 1), (0.35937497, 1), (0.32812497, 1), (0.296875, 1), (0.265625, 1), (0.23437497, 1), (0.20312497, 1), (0.171875, 1), (0.14062497, 1), (0.10937497, 1), (0.07812494, 1), (0.04687497, 1), (0.01562497, 1), (0.984375, 1), (0.95312494, 1), (0.92187494, 1), (0.8906249, 1), (0.85937494, 1), (0.82812494, 1), (0.7968749, 1), (0.76562494, 1), (0.75, 0.93750006), (0.75, 0.8125), (0.75, 0.75), (0.75, 0.625), (0.75, 0.5), (0.75, 0.4375), (0.75, 0.31250006), (0.75, 0.1875), (0.75, 0.06249994), (0.734375, 5.9604645e-8), (0.703125, 5.9604645e-8), (0.671875, 5.9604645e-8), (0.640625, 5.9604645e-8), (0.609375, 5.9604645e-8), (0.578125, 5.9604645e-8), (0.546875, 5.9604645e-8), (0.515625, 5.9604645e-8), (0.48437497, 5.9604645e-8), (0.45312497, 5.9604645e-8), (0.42187497, 5.9604645e-8), (0.39062497, 5.9604645e-8), (0.35937497, 5.9604645e-8), (0.32812497, 5.9604645e-8), (0.296875, 5.9604645e-8), (0.265625, 5.9604645e-8), (0.23437497, 5.9604645e-8), (0.20312497, 5.9604645e-8), (0.171875, 5.9604645e-8), (0.14062497, 5.9604645e-8), (0.10937497, 5.9604645e-8), (0.07812494, 5.9604645e-8), (0.04687497, 5.9604645e-8), (0.01562497, 5.9604645e-8), (0.984375, 5.9604645e-8), (0.95312494, 5.9604645e-8), (0.92187494, 5.9604645e-8), (0.8906249, 5.9604645e-8), (0.85937494, 5.9604645e-8), (0.82812494, 5.9604645e-8), (0.7968749, 5.9604645e-8), (0.76562494, 5.9604645e-8), (0.71875, 0.93750006), (0.71875, 0.875), (0.71875, 0.8125), (0.71875, 0.75), (0.71875, 0.6875), (0.71875, 0.625), (0.71875, 0.5625), (0.71875, 0.5), (0.71875, 0.4375), (0.71875, 0.375), (0.71875, 0.31250006), (0.71875, 0.25), (0.71875, 0.1875), (0.71875, 0.12500006), (0.71875, 0.06249994), (0.6875, 0.93750006), (0.6875, 0.875), (0.6875, 0.8125), (0.6875, 0.75), (0.6875, 0.6875), (0.6875, 0.625), (0.6875, 0.5625), (0.6875, 0.5), (0.6875, 0.4375), (0.6875, 0.375), (0.6875, 0.31250006), (0.6875, 0.25), (0.6875, 0.1875), (0.6875, 0.12500006), (0.6875, 0.06249994), (0.65625, 0.93750006), (0.65625, 0.875), (0.65625, 0.8125), (0.65625, 0.75), (0.65625, 0.6875), (0.65625, 0.62500006), (0.65625, 0.5625), (0.65625, 0.5), (0.65625, 0.4375), (0.65625, 0.375), (0.65625, 0.31250006), (0.65625, 0.25), (0.65625, 0.1875), (0.65625, 0.12500006), (0.65625, 0.06249994), (0.625, 0.93750006), (0.625, 0.875), (0.625, 0.8125), (0.625, 0.75), (0.625, 0.6875), (0.625, 0.62500006), (0.625, 0.5625), (0.625, 0.5), (0.625, 0.4375), (0.625, 0.375), (0.625, 0.31249994), (0.625, 0.25), (0.625, 0.1875), (0.625, 0.12500006), (0.625, 0.06249994), (0.59375, 0.93750006), (0.59375, 0.875), (0.59375, 0.8125), (0.59375, 0.75), (0.59375, 0.6875), (0.59375, 0.62500006), (0.59375, 0.5625), (0.59375, 0.5), (0.59375, 0.4375), (0.59375, 0.375), (0.59375, 0.31249994), (0.59375, 0.25), (0.59375, 0.1875), (0.59375, 0.12500006), (0.59375, 0.06249994), (0.5625, 0.93750006), (0.5625, 0.875), (0.5625, 0.8125), (0.5625, 0.75), (0.5625, 0.6875), (0.5625, 0.62500006), (0.5625, 0.5625), (0.5625, 0.5), (0.5625, 0.4375), (0.5625, 0.375), (0.5625, 0.31249994), (0.5625, 0.25), (0.5625, 0.1875), (0.5625, 0.12500006), (0.5625, 0.06249994), (0.53125, 0.93750006), (0.53125, 0.875), (0.53125, 0.8125), (0.53125, 0.75000006), (0.53125, 0.6875001), (0.53125, 0.62500006), (0.53125, 0.5625), (0.53125, 0.5), (0.53125, 0.4375), (0.53125, 0.375), (0.53125, 0.31249994), (0.53125, 0.24999994), (0.53125, 0.1875), (0.53125, 0.12500006), (0.53125, 0.06249994), (0.49999997, 0.93750006), (0.5, 0.875), (0.5, 0.8125), (0.5, 0.75000006), (0.49999997, 0.6875001), (0.49999997, 0.62500006), (0.49999997, 0.5625), (0.49999997, 0.5), (0.49999997, 0.4375), (0.49999997, 0.37499994), (0.49999997, 0.31249994), (0.5, 0.24999994), (0.5, 0.1875), (0.5, 0.12500006), (0.49999997, 0.06249994), (0.46874997, 0.93750006), (0.46875, 0.875), (0.46875, 0.81250006), (0.46875, 0.75000006), (0.46875, 0.6875001), (0.46875, 0.62500006), (0.46874997, 0.5625), (0.46875, 0.5), (0.46874997, 0.4375), (0.46875, 0.37499994), (0.46875, 0.31249994), (0.46875, 0.24999994), (0.46875, 0.1875), (0.46875, 0.12500006), (0.46874997, 0.06249994), (0.43749997, 0.93750006), (0.4375, 0.875), (0.43749997, 0.81250006), (0.43749997, 0.7500001), (0.43749997, 0.6875001), (0.4375, 0.62500006), (0.43749997, 0.5625), (0.43749997, 0.5), (0.43749997, 0.4375), (0.4375, 0.37499994), (0.43749997, 0.31249988), (0.43749997, 0.24999994), (0.43749997, 0.1875), (0.4375, 0.12500006), (0.43749997, 0.06249994), (0.40624997, 0.93750006), (0.40625, 0.875), (0.40625, 0.81250006), (0.40625, 0.7500001), (0.40624997, 0.6875001), (0.40625, 0.6250001), (0.40625, 0.5625), (0.40625, 0.5), (0.40625, 0.4375), (0.40625, 0.37499994), (0.40624997, 0.31249988), (0.40625, 0.24999994), (0.40625, 0.1875), (0.40625, 0.12500006), (0.40624997, 0.06249994), (0.37499997, 0.93750006), (0.375, 0.875), (0.37499997, 0.81250006), (0.375, 0.7500001), (0.37499997, 0.6875001), (0.375, 0.6250001), (0.375, 0.5625), (0.375, 0.5), (0.375, 0.4375), (0.375, 0.37499994), (0.37499997, 0.31249988), (0.375, 0.24999994), (0.37499997, 0.1875), (0.375, 0.12500006), (0.37499997, 0.06249994), (0.34374997, 0.93750006), (0.34375, 0.87500006), (0.34375, 0.81250006), (0.34375, 0.7500001), (0.34374997, 0.6875001), (0.34375, 0.6250001), (0.34375, 0.56250006), (0.34375, 0.5), (0.34375, 0.4375), (0.34375, 0.37499994), (0.34374997, 0.31249988), (0.34375, 0.24999994), (0.34375, 0.1875), (0.34375, 0.125), (0.34374997, 0.06249994), (0.3125, 0.93750006), (0.3125, 0.87500006), (0.3125, 0.81250006), (0.3125, 0.7500001), (0.31249997, 0.6875001), (0.3125, 0.6250001), (0.3125, 0.5625), (0.3125, 0.5), (0.3125, 0.4375), (0.3125, 0.37499994), (0.31249997, 0.31249988), (0.3125, 0.24999994), (0.3125, 0.1875), (0.3125, 0.125), (0.3125, 0.06249994), (0.28124997, 0.93750006), (0.28125, 0.87500006), (0.28124997, 0.81250006), (0.28125, 0.7500001), (0.28124997, 0.6875001), (0.28125, 0.6250001), (0.28125, 0.56250006), (0.28125, 0.5), (0.28125, 0.4375), (0.28125, 0.37499994), (0.28124997, 0.31249988), (0.28125, 0.24999994), (0.28124997, 0.1875), (0.28125, 0.125), (0.28124997, 0.06249994), (0.24999997, 0.93750006), (0.25, 0.87500006), (0.24999997, 0.81250006), (0.25, 0.7500001), (0.24999997, 0.6875001), (0.24999997, 0.6250001), (0.24999997, 0.56250006), (0.24999997, 0.5), (0.24999997, 0.4375), (0.24999997, 0.37499994), (0.24999997, 0.31249988), (0.25, 0.24999988), (0.24999997, 0.1875), (0.25, 0.125), (0.24999997, 0.06249994), (0.21874997, 0.93750006), (0.21875, 0.87500006), (0.21874997, 0.81250006), (0.21875, 0.7500001), (0.21874997, 0.6875001), (0.21875, 0.6250001), (0.21875, 0.56250006), (0.21875, 0.5), (0.21875, 0.4375), (0.21875, 0.37499994), (0.21874997, 0.31249988), (0.21875, 0.24999988), (0.21874997, 0.1875), (0.21875, 0.125), (0.21874997, 0.06249994), (0.18749997, 0.93750006), (0.1875, 0.87500006), (0.18749997, 0.81250006), (0.1875, 0.7500001), (0.18749997, 0.6875001), (0.18749997, 0.6250001), (0.18749997, 0.56250006), (0.1875, 0.5), (0.18749997, 0.4375), (0.18749997, 0.37499994), (0.18749997, 0.31249988), (0.1875, 0.24999988), (0.18749997, 0.1875), (0.1875, 0.125), (0.18749997, 0.06249994), (0.15624997, 0.93750006), (0.15624997, 0.87500006), (0.15624997, 0.81250006), (0.15624997, 0.7500001), (0.15624997, 0.6875001), (0.15624997, 0.6250001), (0.15624997, 0.56250006), (0.15624997, 0.5), (0.15624997, 0.4375), (0.15624997, 0.37499994), (0.15624997, 0.31249988), (0.15624997, 0.24999988), (0.15624997, 0.1875), (0.15624997, 0.125), (0.15624997, 0.06249994), (0.12499997, 0.93750006), (0.125, 0.87500006), (0.12499997, 0.81250006), (0.125, 0.7500001), (0.12499997, 0.6875002), (0.12499997, 0.6250001), (0.12499997, 0.56250006), (0.12499997, 0.5), (0.12499997, 0.4375), (0.12499997, 0.37499994), (0.12499997, 0.31249988), (0.125, 0.24999988), (0.12499997, 0.1875), (0.125, 0.125), (0.12499997, 0.06249994), (0.09374997, 0.93750006), (0.09375, 0.87500006), (0.09374997, 0.81250006), (0.09375, 0.7500001), (0.09374997, 0.6875001), (0.09374997, 0.6250001), (0.09375, 0.56250006), (0.09375, 0.5), (0.09375, 0.4375), (0.09374997, 0.37499994), (0.09374997, 0.31249988), (0.09375, 0.24999988), (0.09374997, 0.1875), (0.09375, 0.125), (0.09374997, 0.06249994), (0.0625, 0.93750006), (0.0625, 0.87500006), (0.06249994, 0.81250006), (0.0625, 0.7500002), (0.06249994, 0.6875001), (0.0625, 0.6250001), (0.0625, 0.56250006), (0.0625, 0.5), (0.0625, 0.4375), (0.0625, 0.37499988), (0.06249994, 0.31249988), (0.0625, 0.24999988), (0.06249994, 0.1875), (0.0625, 0.125), (0.0625, 0.06249994), (0.03124997, 0.93750006), (0.03124997, 0.87500006), (0.03124997, 0.81250006), (0.03125, 0.7500002), (0.03124997, 0.6875002), (0.03124997, 0.6250001), (0.03124997, 0.56250006), (0.03124997, 0.5), (0.03124997, 0.4375), (0.03124997, 0.37499988), (0.03124997, 0.31249988), (0.03125, 0.24999988), (0.03124997, 0.1875), (0.03124997, 0.125), (0.03124997, 0.06249994), (0, 0.93750006), (1, 0.93750006), (0, 0.87500006), (1, 0.87500006), (0, 0.8125001), (1, 0.8125001), (0, 0.7500002), (1, 0.7500002), (0, 0.6875002), (1, 0.6875002), (0, 0.6250001), (1, 0.6250001), (0, 0.56250006), (1, 0.56250006), (0, 0.5), (1, 0.5), (0, 0.43749994), (1, 0.43749994), (0, 0.37499988), (1, 0.37499988), (0, 0.31249988), (1, 0.31249988), (0, 0.24999988), (1, 0.24999988), (0, 0.18749994), (1, 0.18749994), (0, 0.125), (1, 0.125), (0, 0.06249994), (1, 0.06249994), (0.96874994, 0.93750006), (0.96874994, 0.87500006), (0.9687499, 0.8125001), (0.96875, 0.7500002), (0.9687499, 0.6875002), (0.96874994, 0.6250001), (0.96874994, 0.56250006), (0.96874994, 0.5), (0.96874994, 0.43749994), (0.96874994, 0.37499988), (0.9687499, 0.31249988), (0.96875, 0.24999988), (0.9687499, 0.18749994), (0.96874994, 0.125), (0.96874994, 0.06249994), (0.93749994, 0.93750006), (0.9375, 0.87500006), (0.93749994, 0.8125001), (0.9375, 0.7500002), (0.93749994, 0.6875002), (0.93749994, 0.6250001), (0.9375, 0.56250006), (0.9375, 0.5), (0.9375, 0.43749994), (0.93749994, 0.37499988), (0.93749994, 0.31249988), (0.9375, 0.24999988), (0.93749994, 0.18749994), (0.9375, 0.125), (0.93749994, 0.06249994), (0.90624994, 0.93750006), (0.90625, 0.87500006), (0.90624994, 0.8125001), (0.90625, 0.7500002), (0.90624994, 0.6875002), (0.90625, 0.6250001), (0.90625, 0.56250006), (0.90625, 0.5), (0.90625, 0.43749994), (0.90625, 0.37499982), (0.90624994, 0.31249988), (0.90625, 0.24999988), (0.90624994, 0.18749994), (0.90625, 0.125), (0.90624994, 0.06249994), (0.8749999, 0.93750006), (0.87499994, 0.87500006), (0.87499994, 0.8125001), (0.875, 0.7500002), (0.8749999, 0.68750024), (0.87499994, 0.6250001), (0.87499994, 0.56250006), (0.87499994, 0.5), (0.87499994, 0.43749994), (0.87499994, 0.37499982), (0.8749999, 0.31249982), (0.875, 0.24999988), (0.87499994, 0.18749994), (0.87499994, 0.125), (0.8749999, 0.06249994), (0.84374994, 0.93750006), (0.84375, 0.87500006), (0.84374994, 0.8125001), (0.84375, 0.7500002), (0.84374994, 0.68750024), (0.84375, 0.6250001), (0.84374994, 0.5625001), (0.84374994, 0.5), (0.84374994, 0.43749994), (0.84375, 0.37499982), (0.84374994, 0.31249982), (0.84375, 0.24999988), (0.84374994, 0.18749994), (0.84375, 0.125), (0.84374994, 0.06249994), (0.81249994, 0.93750006), (0.8125, 0.87500006), (0.81249994, 0.8125001), (0.8125, 0.7500002), (0.81249994, 0.68750024), (0.81249994, 0.6250001), (0.8125, 0.5625001), (0.81249994, 0.5), (0.8125, 0.43749994), (0.81249994, 0.37499982), (0.81249994, 0.31249982), (0.8125, 0.24999988), (0.81249994, 0.18749994), (0.8125, 0.125), (0.81249994, 0.06249994), (0.78124994, 0.93750006), (0.78124994, 0.87500006), (0.78124994, 0.8125001), (0.78125, 0.75000024), (0.7812499, 0.68750024), (0.78124994, 0.6250001), (0.78124994, 0.5625001), (0.78124994, 0.5), (0.78124994, 0.43749994), (0.78124994, 0.37499982), (0.7812499, 0.31249982), (0.78125, 0.24999976), (0.78124994, 0.18749994), (0.78124994, 0.125), (0.78124994, 0.06249994), (0.74999994, 0.87500006), (0.74999994, 0.68750024), (0.74999994, 0.5625001), (0.74999994, 0.37499982), (0.74999994, 0.24999988), (0.74999994, 0.125)] (
                interpolation = "faceVarying"
            )
            int[] primvars:st:indices = [0, 3, 8, 6, 6, 8, 12, 10, 10, 12, 16, 14, 14, 16, 20, 18, 18, 20, 24, 22, 22, 24, 28, 26, 26, 28, 32, 30, 30, 32, 36, 34, 34, 36, 40, 38, 38, 40, 44, 42, 42, 44, 48, 46, 46, 48, 52, 50, 50, 52, 56, 54, 54, 56, 60, 58, 58, 60, 64, 62, 62, 64, 68, 66, 66, 68, 72, 70, 70, 72, 76, 74, 74, 76, 80, 78, 78, 80, 84, 82, 82, 84, 88, 86, 86, 88, 92, 90, 90, 92, 96, 94, 94, 96, 100, 98, 98, 100, 104, 102, 102, 104, 108, 106, 106, 108, 112, 110, 110, 112, 116, 114, 114, 116, 120, 118, 118, 120, 124, 122, 122, 124, 128, 126, 126, 128, 132, 130, 130, 132, 136, 134, 134, 136, 140, 138, 138, 140, 144, 142, 142, 144, 148, 146, 146, 148, 152, 150, 150, 152, 156, 154, 154, 156, 160, 158, 158, 160, 164, 162, 162, 164, 168, 166, 166, 168, 172, 170, 170, 172, 176, 174, 174, 176, 180, 178, 178, 180, 184, 182, 182, 184, 189, 186, 9, 4, 192, 188, 185, 181, 177, 173, 169, 165, 161, 157, 153, 149, 145, 141, 137, 133, 129, 125, 121, 117, 113, 109, 105, 101, 97, 93, 89, 85, 81, 77, 73, 69, 65, 61, 57, 53, 49, 45, 41, 37, 33, 29, 25, 21, 17, 13, 186, 189, 193, 190, 190, 193, 5, 1, 2, 7, 11, 15, 19, 23, 27, 31, 35, 39, 43, 47, 51, 55, 59, 63, 67, 71, 75, 79, 83, 87, 91, 95, 99, 103, 107, 111, 115, 119, 123, 127, 131, 135, 139, 143, 147, 151, 155, 159, 163, 167, 171, 175, 179, 183, 187, 191, 194, 197, 202, 200, 200, 202, 206, 204, 204, 206, 210, 208, 208, 210, 214, 212, 212, 214, 218, 216, 216, 218, 222, 220, 220, 222, 226, 224, 224, 226, 230, 228, 228, 230, 234, 232, 232, 234, 238, 236, 236, 238, 242, 240, 240, 242, 246, 244, 244, 246, 250, 248, 248, 250, 254, 252, 252, 254, 258, 256, 256, 258, 262, 260, 260, 262, 266, 264, 264, 266, 270, 268, 268, 270, 274, 272, 272, 274, 278, 276, 276, 278, 282, 280, 280, 282, 286, 284, 284, 286, 290, 288, 288, 290, 294, 292, 292, 294, 298, 296, 296, 298, 302, 300, 300, 302, 306, 304, 304, 306, 310, 308, 308, 310, 314, 312, 312, 314, 318, 316, 316, 318, 322, 320, 320, 322, 326, 324, 324, 326, 330, 328, 328, 330, 334, 332, 332, 334, 338, 336, 336, 338, 342, 340, 340, 342, 346, 344, 344, 346, 351, 348, 203, 198, 354, 350, 347, 343, 339, 335, 331, 327, 323, 319, 315, 311, 307, 303, 299, 295, 291, 287, 283, 279, 275, 271, 267, 263, 259, 255, 251, 247, 243, 239, 235, 231, 227, 223, 219, 215, 211, 207, 348, 351, 355, 352, 352, 355, 199, 195, 196, 201, 205, 209, 213, 217, 221, 225, 229, 233, 237, 241, 245, 249, 253, 257, 261, 265, 269, 273, 277, 281, 285, 289, 293, 297, 301, 305, 309, 313, 317, 321, 325, 329, 333, 337, 341, 345, 349, 353, 356, 359, 364, 362, 362, 364, 368, 366, 366, 368, 372, 370, 370, 372, 376, 374, 374, 376, 380, 378, 378, 380, 384, 382, 382, 384, 388, 386, 386, 388, 392, 390, 390, 392, 396, 394, 394, 396, 400, 398, 398, 400, 404, 402, 402, 404, 408, 406, 406, 408, 412, 410, 410, 412, 416, 414, 414, 416, 420, 418, 418, 420, 424, 422, 422, 424, 428, 426, 426, 428, 432, 430, 430, 432, 436, 434, 434, 436, 440, 438, 438, 440, 444, 442, 442, 444, 448, 446, 446, 448, 452, 450, 450, 452, 456, 454, 454, 456, 460, 458, 458, 460, 464, 462, 462, 464, 468, 466, 466, 468, 472, 470, 470, 472, 476, 474, 474, 476, 480, 478, 478, 480, 484, 482, 482, 484, 488, 486, 486, 488, 492, 490, 490, 492, 496, 494, 494, 496, 500, 498, 498, 500, 504, 502, 502, 504, 508, 506, 506, 508, 512, 510, 510, 512, 516, 514, 514, 516, 520, 518, 518, 520, 524, 522, 522, 524, 528, 526, 526, 528, 532, 530, 530, 532, 536, 534, 534, 536, 540, 538, 538, 540, 545, 542, 365, 360, 548, 544, 541, 537, 533, 529, 525, 521, 517, 513, 509, 505, 501, 497, 493, 489, 485, 481, 477, 473, 469, 465, 461, 457, 453, 449, 445, 441, 437, 433, 429, 425, 421, 417, 413, 409, 405, 401, 397, 393, 389, 385, 381, 377, 373, 369, 542, 545, 549, 546, 546, 549, 361, 357, 358, 363, 367, 371, 375, 379, 383, 387, 391, 395, 399, 403, 407, 411, 415, 419, 423, 427, 431, 435, 439, 443, 447, 451, 455, 459, 463, 467, 471, 475, 479, 483, 487, 491, 495, 499, 503, 507, 511, 515, 519, 523, 527, 531, 535, 539, 543, 547, 550, 553, 558, 556, 556, 558, 562, 560, 560, 562, 566, 564, 564, 566, 570, 568, 568, 570, 574, 572, 572, 574, 578, 576, 576, 578, 582, 580, 580, 582, 586, 584, 584, 586, 590, 588, 588, 590, 594, 592, 592, 594, 598, 596, 596, 598, 602, 600, 600, 602, 606, 604, 604, 606, 610, 608, 608, 610, 614, 612, 612, 614, 618, 616, 616, 618, 622, 620, 620, 622, 626, 624, 624, 626, 630, 628, 628, 630, 634, 632, 632, 634, 638, 636, 636, 638, 642, 640, 640, 642, 646, 644, 644, 646, 650, 648, 648, 650, 654, 652, 652, 654, 658, 656, 656, 658, 662, 660, 660, 662, 666, 664, 664, 666, 670, 668, 668, 670, 675, 672, 559, 554, 678, 674, 671, 667, 663, 659, 655, 651, 647, 643, 639, 635, 631, 627, 623, 619, 615, 611, 607, 603, 599, 595, 591, 587, 583, 579, 575, 571, 567, 563, 672, 675, 679, 676, 676, 679, 555, 551, 552, 557, 561, 565, 569, 573, 577, 581, 585, 589, 593, 597, 601, 605, 609, 613, 617, 621, 625, 629, 633, 637, 641, 645, 649, 653, 657, 661, 665, 669, 673, 677, 1233, 712, 753, 754, 1236, 717, 761, 762, 713, 1233, 754, 755, 718, 1236, 762, 763, 714, 713, 755, 756, 1237, 718, 763, 764, 1234, 714, 756, 757, 719, 1237, 764, 765, 715, 1234, 757, 758, 1238, 719, 765, 766, 1235, 715, 758, 759, 720, 1238, 766, 767, 716, 1235, 759, 760, 712, 680, 753, 721, 720, 767, 717, 716, 760, 761, 760, 759, 774, 775, 753, 681, 768, 722, 767, 782, 761, 760, 775, 776, 754, 753, 768, 769, 762, 761, 776, 777, 755, 754, 769, 770, 763, 762, 777, 778, 756, 755, 770, 771, 764, 763, 778, 779, 757, 756, 771, 772, 765, 764, 779, 780, 758, 757, 772, 773, 766, 765, 780, 781, 759, 758, 773, 774, 767, 766, 781, 782, 779, 778, 793, 794, 772, 771, 786, 787, 780, 779, 794, 795, 773, 772, 787, 788, 781, 780, 795, 796, 774, 773, 788, 789, 782, 781, 796, 797, 775, 774, 789, 790, 768, 682, 783, 723, 782, 797, 776, 775, 790, 791, 769, 768, 783, 784, 777, 776, 791, 792, 770, 769, 784, 785, 778, 777, 792, 793, 771, 770, 785, 786, 724, 797, 812, 791, 790, 805, 806, 784, 783, 798, 799, 792, 791, 806, 807, 785, 784, 799, 800, 793, 792, 807, 808, 786, 785, 800, 801, 794, 793, 808, 809, 787, 786, 801, 802, 795, 794, 809, 810, 788, 787, 802, 803, 796, 795, 810, 811, 789, 788, 803, 804, 797, 796, 811, 812, 790, 789, 804, 805, 783, 683, 798, 810, 809, 824, 825, 803, 802, 817, 818, 811, 810, 825, 826, 804, 803, 818, 819, 812, 811, 826, 827, 805, 804, 819, 820, 798, 684, 813, 725, 812, 827, 806, 805, 820, 821, 799, 798, 813, 814, 807, 806, 821, 822, 800, 799, 814, 815, 808, 807, 822, 823, 801, 800, 815, 816, 809, 808, 823, 824, 802, 801, 816, 817, 814, 813, 828, 829, 822, 821, 836, 837, 815, 814, 829, 830, 823, 822, 837, 838, 816, 815, 830, 831, 824, 823, 838, 839, 817, 816, 831, 832, 825, 824, 839, 840, 818, 817, 832, 833, 826, 825, 840, 841, 819, 818, 833, 834, 827, 826, 841, 842, 820, 819, 834, 835, 813, 685, 828, 726, 827, 842, 821, 820, 835, 836, 833, 832, 847, 848, 841, 840, 855, 856, 834, 833, 848, 849, 842, 841, 856, 857, 835, 834, 849, 850, 828, 686, 843, 727, 842, 857, 836, 835, 850, 851, 829, 828, 843, 844, 837, 836, 851, 852, 830, 829, 844, 845, 838, 837, 852, 853, 831, 830, 845, 846, 839, 838, 853, 854, 832, 831, 846, 847, 840, 839, 854, 855, 852, 851, 866, 867, 845, 844, 859, 860, 853, 852, 867, 868, 846, 845, 860, 861, 854, 853, 868, 869, 847, 846, 861, 862, 855, 854, 869, 870, 848, 847, 862, 863, 856, 855, 870, 871, 849, 848, 863, 864, 857, 856, 871, 872, 850, 849, 864, 865, 843, 687, 858, 728, 857, 872, 851, 850, 865, 866, 844, 843, 858, 859, 871, 870, 885, 886, 864, 863, 878, 879, 872, 871, 886, 887, 865, 864, 879, 880, 858, 688, 873, 729, 872, 887, 866, 865, 880, 881, 859, 858, 873, 874, 867, 866, 881, 882, 860, 859, 874, 875, 868, 867, 882, 883, 861, 860, 875, 876, 869, 868, 883, 884, 862, 861, 876, 877, 870, 869, 884, 885, 863, 862, 877, 878, 875, 874, 889, 890, 883, 882, 897, 898, 876, 875, 890, 891, 884, 883, 898, 899, 877, 876, 891, 892, 885, 884, 899, 900, 878, 877, 892, 893, 886, 885, 900, 901, 879, 878, 893, 894, 887, 886, 901, 902, 880, 879, 894, 895, 873, 689, 888, 730, 887, 902, 881, 880, 895, 896, 874, 873, 888, 889, 882, 881, 896, 897, 894, 893, 908, 909, 902, 901, 916, 917, 895, 894, 909, 910, 888, 690, 903, 731, 902, 917, 896, 895, 910, 911, 889, 888, 903, 904, 897, 896, 911, 912, 890, 889, 904, 905, 898, 897, 912, 913, 891, 890, 905, 906, 899, 898, 913, 914, 892, 891, 906, 907, 900, 899, 914, 915, 893, 892, 907, 908, 901, 900, 915, 916, 913, 912, 927, 928, 906, 905, 920, 921, 914, 913, 928, 929, 907, 906, 921, 922, 915, 914, 929, 930, 908, 907, 922, 923, 916, 915, 930, 931, 909, 908, 923, 924, 917, 916, 931, 932, 910, 909, 924, 925, 903, 691, 918, 732, 917, 932, 911, 910, 925, 926, 904, 903, 918, 919, 912, 911, 926, 927, 905, 904, 919, 920, 932, 931, 946, 947, 925, 924, 939, 940, 918, 692, 933, 733, 932, 947, 926, 925, 940, 941, 919, 918, 933, 934, 927, 926, 941, 942, 920, 919, 934, 935, 928, 927, 942, 943, 921, 920, 935, 936, 929, 928, 943, 944, 922, 921, 936, 937, 930, 929, 944, 945, 923, 922, 937, 938, 931, 930, 945, 946, 924, 923, 938, 939, 944, 943, 958, 959, 937, 936, 951, 952, 945, 944, 959, 960, 938, 937, 952, 953, 946, 945, 960, 961, 939, 938, 953, 954, 947, 946, 961, 962, 940, 939, 954, 955, 933, 693, 948, 734, 947, 962, 941, 940, 955, 956, 934, 933, 948, 949, 942, 941, 956, 957, 935, 934, 949, 950, 943, 942, 957, 958, 936, 935, 950, 951, 948, 694, 963, 735, 962, 977, 956, 955, 970, 971, 949, 948, 963, 964, 957, 956, 971, 972, 950, 949, 964, 965, 958, 957, 972, 973, 951, 950, 965, 966, 959, 958, 973, 974, 952, 951, 966, 967, 960, 959, 974, 975, 953, 952, 967, 968, 961, 960, 975, 976, 954, 953, 968, 969, 962, 961, 976, 977, 955, 954, 969, 970, 967, 966, 981, 982, 975, 974, 989, 990, 968, 967, 982, 983, 976, 975, 990, 991, 969, 968, 983, 984, 977, 976, 991, 992, 970, 969, 984, 985, 963, 695, 978, 736, 977, 992, 971, 970, 985, 986, 964, 963, 978, 979, 972, 971, 986, 987, 965, 964, 979, 980, 973, 972, 987, 988, 966, 965, 980, 981, 974, 973, 988, 989, 986, 985, 1000, 1001, 979, 978, 993, 994, 987, 986, 1001, 1002, 980, 979, 994, 995, 988, 987, 1002, 1003, 981, 980, 995, 996, 989, 988, 1003, 1004, 982, 981, 996, 997, 990, 989, 1004, 1005, 983, 982, 997, 998, 991, 990, 1005, 1006, 984, 983, 998, 999, 992, 991, 1006, 1007, 985, 984, 999, 1000, 978, 696, 993, 737, 992, 1007, 1005, 1004, 1019, 1020, 998, 997, 1012, 1013, 1006, 1005, 1020, 1021, 999, 998, 1013, 1014, 1007, 1006, 1021, 1022, 1000, 999, 1014, 1015, 993, 697, 1008, 738, 1007, 1022, 1001, 1000, 1015, 1016, 994, 993, 1008, 1009, 1002, 1001, 1016, 1017, 995, 994, 1009, 1010, 1003, 1002, 1017, 1018, 996, 995, 1010, 1011, 1004, 1003, 1018, 1019, 997, 996, 1011, 1012, 1009, 1008, 1023, 1024, 1017, 1016, 1031, 1032, 1010, 1009, 1024, 1025, 1018, 1017, 1032, 1033, 1011, 1010, 1025, 1026, 1019, 1018, 1033, 1034, 1012, 1011, 1026, 1027, 1020, 1019, 1034, 1035, 1013, 1012, 1027, 1028, 1021, 1020, 1035, 1036, 1014, 1013, 1028, 1029, 1022, 1021, 1036, 1037, 1015, 1014, 1029, 1030, 1008, 698, 1023, 739, 1022, 1037, 1016, 1015, 1030, 1031, 1028, 1027, 1042, 1043, 1036, 1035, 1050, 1051, 1029, 1028, 1043, 1044, 1037, 1036, 1051, 1052, 1030, 1029, 1044, 1045, 1023, 699, 1038, 740, 1037, 1052, 1031, 1030, 1045, 1046, 1024, 1023, 1038, 1039, 1032, 1031, 1046, 1047, 1025, 1024, 1039, 1040, 1033, 1032, 1047, 1048, 1026, 1025, 1040, 1041, 1034, 1033, 1048, 1049, 1027, 1026, 1041, 1042, 1035, 1034, 1049, 1050, 1047, 1046, 1061, 1062, 1040, 1039, 1054, 1055, 1048, 1047, 1062, 1063, 1041, 1040, 1055, 1056, 1049, 1048, 1063, 1064, 1042, 1041, 1056, 1057, 1050, 1049, 1064, 1065, 1043, 1042, 1057, 1058, 1051, 1050, 1065, 1066, 1044, 1043, 1058, 1059, 1052, 1051, 1066, 1067, 1045, 1044, 1059, 1060, 1038, 700, 1053, 741, 1052, 1067, 1046, 1045, 1060, 1061, 1039, 1038, 1053, 1054, 1066, 1065, 1080, 1081, 1059, 1058, 1073, 1074, 1067, 1066, 1081, 1082, 1060, 1059, 1074, 1075, 1053, 701, 1068, 742, 1067, 1082, 1061, 1060, 1075, 1076, 1054, 1053, 1068, 1069, 1062, 1061, 1076, 1077, 1055, 1054, 1069, 1070, 1063, 1062, 1077, 1078, 1056, 1055, 1070, 1071, 1064, 1063, 1078, 1079, 1057, 1056, 1071, 1072, 1065, 1064, 1079, 1080, 1058, 1057, 1072, 1073, 1078, 1077, 1092, 1093, 1071, 1070, 1085, 1086, 1079, 1078, 1093, 1094, 1072, 1071, 1086, 1087, 1080, 1079, 1094, 1095, 1073, 1072, 1087, 1088, 1081, 1080, 1095, 1096, 1074, 1073, 1088, 1089, 1082, 1081, 1096, 1097, 1075, 1074, 1089, 1090, 1068, 702, 1083, 743, 1082, 1097, 1076, 1075, 1090, 1091, 1069, 1068, 1083, 1084, 1077, 1076, 1091, 1092, 1070, 1069, 1084, 1085, 1097, 1096, 1124, 1126, 1090, 1089, 1110, 1112, 1083, 703, 1098, 744, 1097, 1126, 1091, 1090, 1112, 1114, 1084, 1083, 1098, 1100, 1092, 1091, 1114, 1116, 1085, 1084, 1100, 1102, 1093, 1092, 1116, 1118, 1086, 1085, 1102, 1104, 1094, 1093, 1118, 1120, 1087, 1086, 1104, 1106, 1095, 1094, 1120, 1122, 1088, 1087, 1106, 1108, 1096, 1095, 1122, 1124, 1089, 1088, 1108, 1110, 1105, 1103, 1130, 1131, 1121, 1119, 1138, 1139, 1107, 1105, 1131, 1132, 1123, 1121, 1139, 1140, 1109, 1107, 1132, 1133, 1125, 1123, 1140, 1141, 1111, 1109, 1133, 1134, 1127, 1125, 1141, 1142, 1113, 1111, 1134, 1135, 1099, 704, 1128, 745, 1127, 1142, 1115, 1113, 1135, 1136, 1101, 1099, 1128, 1129, 1117, 1115, 1136, 1137, 1103, 1101, 1129, 1130, 1119, 1117, 1137, 1138, 1135, 1134, 1149, 1150, 1128, 705, 1143, 746, 1142, 1157, 1136, 1135, 1150, 1151, 1129, 1128, 1143, 1144, 1137, 1136, 1151, 1152, 1130, 1129, 1144, 1145, 1138, 1137, 1152, 1153, 1131, 1130, 1145, 1146, 1139, 1138, 1153, 1154, 1132, 1131, 1146, 1147, 1140, 1139, 1154, 1155, 1133, 1132, 1147, 1148, 1141, 1140, 1155, 1156, 1134, 1133, 1148, 1149, 1142, 1141, 1156, 1157, 1154, 1153, 1168, 1169, 1147, 1146, 1161, 1162, 1155, 1154, 1169, 1170, 1148, 1147, 1162, 1163, 1156, 1155, 1170, 1171, 1149, 1148, 1163, 1164, 1157, 1156, 1171, 1172, 1150, 1149, 1164, 1165, 1143, 706, 1158, 747, 1157, 1172, 1151, 1150, 1165, 1166, 1144, 1143, 1158, 1159, 1152, 1151, 1166, 1167, 1145, 1144, 1159, 1160, 1153, 1152, 1167, 1168, 1146, 1145, 1160, 1161, 1158, 707, 1173, 748, 1172, 1187, 1166, 1165, 1180, 1181, 1159, 1158, 1173, 1174, 1167, 1166, 1181, 1182, 1160, 1159, 1174, 1175, 1168, 1167, 1182, 1183, 1161, 1160, 1175, 1176, 1169, 1168, 1183, 1184, 1162, 1161, 1176, 1177, 1170, 1169, 1184, 1185, 1163, 1162, 1177, 1178, 1171, 1170, 1185, 1186, 1164, 1163, 1178, 1179, 1172, 1171, 1186, 1187, 1165, 1164, 1179, 1180, 1177, 1176, 1191, 1192, 1185, 1184, 1199, 1200, 1178, 1177, 1192, 1193, 1186, 1185, 1200, 1201, 1179, 1178, 1193, 1194, 1187, 1186, 1201, 1202, 1180, 1179, 1194, 1195, 1173, 708, 1188, 749, 1187, 1202, 1181, 1180, 1195, 1196, 1174, 1173, 1188, 1189, 1182, 1181, 1196, 1197, 1175, 1174, 1189, 1190, 1183, 1182, 1197, 1198, 1176, 1175, 1190, 1191, 1184, 1183, 1198, 1199, 1196, 1195, 1210, 1211, 1189, 1188, 1203, 1204, 1197, 1196, 1211, 1212, 1190, 1189, 1204, 1205, 1198, 1197, 1212, 1213, 1191, 1190, 1205, 1206, 1199, 1198, 1213, 1214, 1192, 1191, 1206, 1207, 1200, 1199, 1214, 1215, 1193, 1192, 1207, 1208, 1201, 1200, 1215, 1216, 1194, 1193, 1208, 1209, 1202, 1201, 1216, 1217, 1195, 1194, 1209, 1210, 1188, 709, 1203, 750, 1202, 1217, 1215, 1214, 1229, 1230, 1208, 1207, 1222, 1223, 1216, 1215, 1230, 1231, 1209, 1208, 1223, 1224, 1217, 1216, 1231, 1232, 1210, 1209, 1224, 1225, 1203, 710, 1218, 751, 1217, 1232, 1211, 1210, 1225, 1226, 1204, 1203, 1218, 1219, 1212, 1211, 1226, 1227, 1205, 1204, 1219, 1220, 1213, 1212, 1227, 1228, 1206, 1205, 1220, 1221, 1214, 1213, 1228, 1229, 1207, 1206, 1221, 1222, 1227, 1226, 717, 1236, 1220, 1219, 1233, 713, 1228, 1227, 1236, 718, 1221, 1220, 713, 714, 1229, 1228, 718, 1237, 1222, 1221, 714, 1234, 1230, 1229, 1237, 719, 1223, 1222, 1234, 715, 1231, 1230, 719, 1238, 1224, 1223, 715, 1235, 1232, 1231, 1238, 720, 1225, 1224, 1235, 716, 1218, 711, 712, 752, 1232, 720, 1226, 1225, 716, 717, 1219, 1218, 712, 1233]
            uniform token subdivisionScheme = "none"
            custom string userProperties:blender:data_name = "Cylinder"
        }
    }

    def Scope "_materials"
    {
        def Material "piece_white" (
            prepend apiSchemas = ["ColorSpaceAPI"]
        )
        {
            uniform token colorSpace:name = "lin_rec709_scene"
            token outputs:surface.connect = </root/_materials/piece_white/Principled_BSDF.outputs:surface>
            custom string userProperties:blender:data_name = "piece_white"

            def Shader "Principled_BSDF"
            {
                uniform token info:id = "UsdPreviewSurface"
                float inputs:clearcoat = 0
                float inputs:clearcoatRoughness = 0.03
                color3f inputs:diffuseColor = (0.88, 0.89, 0.84)
                float inputs:ior = 1.5
                float inputs:metallic = 0
                float inputs:opacity = 1
                float inputs:roughness = 0.35
                float inputs:specular = 0.5
                token outputs:surface
            }
        }
    }

    def DomeLight "env_light" (
        prepend apiSchemas = ["ColorSpaceAPI"]
    )
    {
        uniform token colorSpace:name = "lin_rec709_scene"
        float inputs:intensity = 1
        asset inputs:texture:file = @./textures/color_0C0C0C.exr@
    }
}

